fragmento_id,categoria_norm,tipo_utilidad,confiabilidad,calidad_texto,dominio,titulo_pagina,contenido,url
GC-0001,biologia,diagnostico,alta,100,cienciaspecuarias.inifap.gob.mx,Documento PDF,"Plant extracts are promising alternative approac metabolites with different action mechanisms decreased growth, development, and reproducti effects to non-target species(6). Extracts fro Asteraceae, Piperaceae, Verbenaceae and Poace Secondary metabolites with an acaricide effect extracts from Cunila angustifolia, Acacia penn Tagetes minuta, Piper amalago, Lippia graveole stilbenes, coumarins, acids, alcohols, sulfide c oils(7,12). Few studies have been done to date on the eff example, one study assessed the effect of a L 66.79 % efficacy versus larvae, but none agains produced by L. leucocephala (Lam.) de Wit wer (56.3 % efficacy)(13). Three Leucaena genotypes are currently availa L. leucocephala (Cunningham); and L. leucocep forage shrub plants in tropical silvopastoral arthropods. The present study objective was to extracts from these three Leucaena genotypes a Materials Experim The study was done at the Maya Zone Techno Maya - ITZM), Carretera Chetumal–Escárceg Othón P. Blanco, in the state of Quintana Roo maximum temperature in the area is 32.1 °C, an averages 1,180 mm, and average relativ ( Rev Mex Cienc Pecu 2019;10(3):692-704 s to arthropod control. They produce secondary h as inhibition of feeding and chitin synthesis; and behavioral alterations; this, without adverse plants in the families Lamiaceae, Fabaceae, exhibit the greatest efficacy in tick control(7-11). microplus have been identified in plant la, Piscidia piscipula, Leucaena leucocephala, and Milinis minutiflora. These include terpenes, pounds, tannins, and aldehydes from essential of Leucaena spp. extracts in tick control. For ucocephala extract on R. microplus and found ults(12). In contrast, a study of defensive proteins ound to have an effect against adult R. microplus in southeast Mexico: L. leucocephala (Native); la x L. These are widely used as tems, and may also contribute to controlling aluate in vitro the acaricide activity of ethanol nst R. microplus adults and larvae. d methods ntal site ical Institute (Instituto Tecnológico de la Zona Km. 21.5, Ejido Juan Sarabia, Municipality of Mexico (18°30”58’ N; 88°29”19’ W). Average he average minimum is 21.7 °C. Annual rainfall humidity (RH) ranges from 76 to 82%",https://cienciaspecuarias.inifap.gob.mx/index.php/Pecuarias/article/download/4822/4109/13997
GC-0002,biologia,diagnostico,media-baja,100,repository.cimmyt.org,Documento PDF,"gusano cogollero in Africa: A Guide for Integrated Pest Management Scientific Name & Family Desc Larval P Campoletis sonorensis (Cameron) • The insect wingspan is ab (Hymenoptera: Ichneumonidae)e Third-instar larvae are the stage for the parasitoid. T parasitoid is around 22.9 • The relation of consumpt caterpillar and a parasitiz 14.4:1. Therefore, by para caterpillars, in addition to cause death of the host in greatly reduces leaf cons caterpillars. • The skin of the dead gusano cogollero the cocoon of the parasito this species. Cotesia icipe (Fernández-Triana & • Known to parasitize seve Fiaboe)h Spodoptera in Africa, incl • Under laboratory conditio has been observed on FA Habrobracon hebetor (Say) • A small wasp, which has (Hymenoptera: Braconidae)i pearl millet head miner, a under laboratory conditio • These parasitoids are rea ICRISAT and INRA in Nige on Corcyra cephalonica la pearl millet fields in Niger • In Africa, this parasitoid is Burkina Faso, Egypt, Liby Senegal, South Africa, Zim (CABI). Winthemia trinitatis (Thompson) • The female places its egg (Diptera: Tachinidae)j and sixth-instar gusano cogollero nea it impossible to be remov parasitoid penetrate the b pupation, and inflict up to • While acting on more dev have already caused dam tachinids contribute to the pest generations. 68 ion Photograph sitoids 15 mm. t suitable tal cycle of the tween a healthy terpillar is Campoletis flavicincta couple (upper left); ng small-sized female parasitizing gusano cogollero larva (upper right). g efficient to the parasitoid on by rpillar lies next to haracteristic of C. flavicincta pupa and remains of a parasitized gusano cogollero larva (bottom). 50% parasitism Cotesia icipe, seeking gusano cogollero larva (Source: Faris Samira Mohamed, ICIPE) used against tacks gusano cogollero larvae the laboratory at ISRA in Senegal and released in Senegal. d in Algeria, dagascar, Niger, Habrobracon hebetor parasitizing we, and Mauritius on gusano cogollero larvae he body of a fifth- head, making he larvae of the of the larva, delay parasitism. Tachinid fly Winthemia trinitatis laying egg d instars that on gusano cogollero larva (left) and eggs on the host o the plant, these abdomen (right) uction of future",https://repository.cimmyt.org/server/api/core/bitstreams/5f933e59-ad3a-4643-a91e-377f9d913370/content
GC-0003,biologia,diagnostico,media-baja,100,openscholar.uga.edu,Documento PDF,"All the analyses were conducted using S if the survival of Spodoptera frugiperda was affected wh number of live Spodoptera frugiperda larvae at 2, 6, 10 a way analysis of variance (ANOVA) using the g SAS after log-transformation (ln[x +1]). After certain bermudagrass line treatments. The rate bermudagrass lines was determined by calculat width, and weight between 8 and 6 d, 10 and 8 were log-transformed (ln[x +1]), and one-way model procedure (PROC GLM) in SAS. One-w head capsule width, and weight at 6 d to determ frugiperda larval feeding. Similarly, the pupal emergence, were subjected to one-way ANOVA (PROC GLM) in SAS after log-transformation Tukey-Kramer least square method (α = 0.05). were calculated using the PROC MEANS proc larval parameters, such as larval length, head c introduction, and pupal plus adult parameters, s width and weight as well as day of adult emerg procedure in SAS. The mean larval length, hea pupation and adult emergence data were calcul length, thorax width and weight were calculate treatment and replication across the observation S software (SAS Institute 2012). To determine exposed to various bermudagrass lines, the 14 d after introduction was subjected to one- eral linear model procedure (PROC GLM) in d, Spodoptera frugiperda larvae started pupating in arval development after consuming various the change in larval length, head capsule and 12 and 10 d post-introduction. The data OVA was performed using the general linear ANOVA was also performed on larval length, the effects of bermudagrass lines on S. adult data, such as day of pupation and adult sing the general linear model procedure [x +1]). The means were separated using the e means and standard errors of the variables re in SAS. Pearson’s correlations between ule width and weight at 6, 8 and 10 d post- h as day of pupation, pupal length, thorax e, were performed using the PROC CORR apsule width and weight as well as the day of d for the correlation analysis. The mean pupal ter averaging the pupal parameters by tes.",https://openscholar.uga.edu/record/6054/files/SinghGurjitMS.pdf
GC-0004,biologia,diagnostico,alta,100,openknowledge.fao.org,Documento PDF,"Descriptions o Biologists. Consultado 12 diciembre 2015. Chinche de las semillas Marcos Juárez INTA. Proyecto Regional Actualización Técnica N° 3. Control integra Disponible en: sudeste-de-cordoba Aristegui, B. Cladosporium herbarum micología. A host-parasite catalo State Department of Agriculture. Miscellane Artigas, J. Entomología económica, i veterinario. Universidad de Concepción. Copita económica en el cultivo de raps (Lepidopte de Concepción, 46:199 – 216 Avalos, F. Identificación y dinámica p melanocampta. Tesis de Ingeniero Agróno Agronomía, Universidad Mayor de San And Aveskamp, M.M.; Gruyter, D. systematics of Phoma, a complex genus of ma Baldin, E.L.; Lourenção, A.L. & SchlickSouza (Walker) (Lepidoptera: Noctuidae) in commo Bragantia, , pp. Barboza, J.; Ames, T. R de Chenopodium quinoa causadas por Rhi 2015. Estados Unidos rechaza env Diario La República. quinua-por-tener-pesticida Barrionuevo, M.J.; Murúa, M.G.; Goane, L.; Me Rachiplusia nu (Guenée) and Chrysodeixis Noctuidae) on artificial diet. Florida Entomo Bensch, K.; Groenewald, J.; Dijksterhuis, M.; H.; Shin, F. Species a cladosporioides complex (Davidellaceae, Ca 158 lant Viruses. Association of Applied onible en http:// Nysius simulans). Soja Actualización 2006. EEA oducción Agrícola Sustentable. Informe de de plagas en soja en el sudeste de Córdoba. s/control-integrado-de-plagas-en-soja-en-el- rsoon) Link: Fries. Revista Iberoamericana de f North American Tachinidae (Diptera). United s publications. ectos de interés agrícola, forestal, médico y epción, Chile.1126 p. consueta (Walker), biología e importancia Noctuidae). Bolletín de la Sociedad de Biología acional de la polilla de la quinua Eurysacca no publicado. La Paz, Bolivia, Facultad de 121 p. Biology and recent developments in the quarantine significance. Fungal Diversity, 31, 1-18. Outbreaks of Chrysodeixis includens bean and castor bean in São Paulo State, Brazil. ucción de la germinación y muerte de plantas tonia y Fusarium. Consultado el 22 diciembre bro14/cap2.9.htm de 200 toneladas de quinua por tener pesticida. nidos-rechaza-envio-de-200-toneladas-de- her, R. Life table studies of seudoplusia) includens (Walker) (Lepidoptera: st. rink-Willemse, M.; Andersen, B.; Summerell, ecological diversity within the Cladosporium odiales). ln Studies in Mycology 67:1-94.",https://openknowledge.fao.org/server/api/core/bitstreams/518339ec-6cb9-4a3c-970f-82ca6d32328d/content
GC-0005,biologia,diagnostico,media-baja,100,repositorio.unal.edu.co,Documento PDF,"Introducción Hipótesis de investig Williams et al. (2007) plantearon un mod infección y dispersión de baculovirus en CI mientras se alimentan de follaje conta desarrolla una enfermedad letal y liberan un hospedero susceptible. Los CI en las las lluvias o viento, desde donde pueden bióticos o abióticos. Alternativamente, lo siguen con su desarrollo, pupan y eme Estos adultos migran y dispersan el bacu a su descendencia. Esta transmisió generaciones hasta que algún elicitor o f en enfermedades letales que generen u Mi tesis es que el sistema tomate-GCT- al. En este sistema, las infeccione por parte del GCT que reduce los r supervivencia (efectos subletales). El e GCT reduce su respuesta inmune y su c baja densidad reducirá la probabilidad de infecciones encubiertas y la trasmisión v Hipótesis 1: Las infecciones encub verticalmente y reducen la tasa de crecim Hipótesis 2: El virus VG013 se transmite de excreciones de individuos con infeccio de alimentación. Hipótesis 3: La letalidad del aislamiento V del GCT por unidad de área. 11 ción o teórico de las rutas de transmisión, modo de ambiente. Luego de que las larvas ingieren los nado, una porción de los individuos infectados en la planta donde pueden ser transmitidos a antas son transportados al suelo por acción de r trasladados de vuelta a la planta por factores nsectos que consumen los CI pero sobreviven, n como adultos con infecciones encubiertas. irus antes de ovipositar y transmitir la infección vertical se puede sostener durante varias or de estrés convierta a la infección encubierta uevo ciclo de transmisión horizontal. 013 sigue el modelo planteado por Williams et ncubiertas requieren de una respuesta inmune rsos disponibles para la reproducción y la és asociado al incremento en la densidad del cidad para combatir la infección. Además, una asmisión horizontal, por lo que se favorecen las cal. En este sentido, las hipótesis son: as del aislamiento VG013 se transmiten nto de las poblaciones del GCT. ndividuos sanos del GCT a través de la ingesta s encubiertas que comparten el mismo sustrato 013 se incrementa con la cantidad de individuos",https://repositorio.unal.edu.co/bitstreams/d29351ae-5570-4b5f-9901-23d96a7bf889/download
GC-0006,biologia,diagnostico,media-baja,100,openscholar.uga.edu,Documento PDF,"The data showed that the survival of S. after 6 d post-introduction. Although it is not e study elicited high Spodoptera frugiperda larval mortalit In the current study, only two nutrients were ap Previously, increased survival of Spodoptera frugiperda when all the macronutrients were applied at a r Braman et al. (2000), bermudagrass was fertiliz studies whereas 460.5 Kg/ha of 13:13:13 NPK In another study, the survival and development treated with all three macronutrients N, P, and (Leuck 1972). These studies suggest that the lo the current study could be related to the absenc fertilizer application on bermudagrass. Another used in the current study, which can minimize tissue. A principal constituent of sand is silica ( response to herbivorous insects through a myri 2009). Elevated levels of Si in the plant tissues epidermal cells leading to reduced digestibility 1995). In other studies, reduced consumption w Si, causing high mortality rates, reduced larval Pathak 1967, Horng and Chu 1990, Chu and H content in the grass tissues could be another fac in the current study. giperda larvae was reduced to less than one tly clear why the bermudagrass in the current his could be related to some possible reasons. ed to bermudagrass in varied ratios. vae was observed on ‘TifEagle’ bermudagrass lar interval (Braman et al. In with 250 mg/L of 20:20:20 NPK in laboratory s applied in a field study (Braman et al. frugiperda were enhanced on millet plants han the application of one or two nutrients survival of Spodoptera frugiperda larvae observed in f all three macronutrients and low levels of N ason that could be related to the sand medium availability of other essential nutrients in the , which can alter the plant’s resistance of direct and indirect pathways (Reynolds et al. rease the hardness and abrasiveness of insect feeding on them (Panda and Kush noted on the plant tissues with high levels of wth, and reduced adult fecundity (Djamin and g 1991, Salim and Saxena 1992). Thus, high Si causing high mortality of S",https://openscholar.uga.edu/record/6054/files/SinghGurjitMS.pdf
GC-0007,biologia,diagnostico,media-baja,100,openscholar.uga.edu,Documento PDF,"diseases and insect pests in many agro-ecosyste shown to improve its tolerance to various abiot (Tiwari 2002). Similarly, resistance against ins physiology and factors influencing plant’s phys levels (Altieri and Nicholls 2003). Studies also the effectiveness of applied nitrogen (N) especi uptake in ‘Tifton 85’ bermudagrass (Haby et al In Georgia, available soil K is highly pr (Mikkelsen 2007). Bermudagrass is highly resp considerable amount of K fertilizer for root and considerable amounts of nutrients from the soil bermudagrass hay, around 136 Kg of N and 11 (Lee et al. Similarly, it was reported tha under bermudagrass production (Nelson et al. 1 critical as it improves plant health with a better by disease and high salt content (Wang et al. 20 growth benefits relative to N, turfgrass manage and Dickens 1996). Thus, the University of Ge rate of N in the fall season, to combat disease p in plant tissue can help reduce Spodoptera frugiperda pe levels influence the ability of turfgrass to resist Previously, Leuck et al. (1974) showed that fol frugiperda larvae; however, the effects on surv. The K fertilizer application in rice has been nd biotic stresses, including insect pests pests and diseases is directly related to plant ogy may affect its resistance or tolerance monstrated that the K fertilizer inputs influence y, the yield response related to increasing in N 007). to leaching and quickly become deficient sive to N fertilizers but also requires a oot growth. Bermudagrass consumes or the production of every six tons of g of K nutrients are removed from the soil depletes from 160 to 50 ppm in three years 3). Supplementing the soil with K fertilizer is ot system and helps to withstand stress induced ). Because K does not directly yield plant re reluctant to regularly supplement K (Miller ia recommends the application of K, twice the lems. However, it is not clear if high K levels ncidence. Little is known on how plant nutrient rugiperda feeding in bermudagrass. application of K could repel S. and development were not well documented.",https://openscholar.uga.edu/record/6054/files/SinghGurjitMS.pdf
GC-0008,biologia,diagnostico,media-baja,100,openscholar.uga.edu,Documento PDF,"Tukey-Kramer test were further ranked from 1 least resistant to S. Larval survival At 2 d post-introduction, the survival of significantly lower than that in the ‘12-TG-101 ‘Frost 1’ treatments (F = 2.7, P < 0.001; F 15, 325 lower number of larvae survived in ‘Zeon’ than = 7.2, P < 0.001). At 10 d post-introduction, 325 treatment was not significantly different from t although larval survival in ‘Zeon’ was significa (F = 6.2, P < 0.001; 1). At 14 d pos 15, 325 in ‘Zeon’ was significantly lower than that in th 483’ (F = 8.1, P < 0.001). 15, 325 Larval development At 6 d post-introduction, the length of t ‘Zeon’ than in the rest of the treatments (F 15, 26 was not significantly different between ‘TifTuf 1032’, ‘11-T-483’, ‘11-T-483’, ‘97-45’, ‘13-T- and ‘11-T-56’. Similarly, there was no significa between ‘TifTuf’ and the following treatments: 1’, and ‘11-T-56’ (F = 11.4, P < 0.001; Fi 15, 264 lower in ‘Zeon’ than in the rest of the treatmen 16, where 1 is the most resistant and 16 is the esults frugiperda larvae in the ‘Zeon’ treatment was 11-T-483, ‘KBUF-UF-1326’, ‘T-789’ and 3.1). At 6 d post-introduction, a significantly the rest of the treatments except ‘T-822’ (F 15, number of larvae that survived in the ‘Zeon’ in the ‘T-822’ and ‘11-T-483’ treatments, y lower than that in the rest of the treatments troduction, the number of larvae that survived est of the treatments except ‘T-822’ and ‘11-T- Spodoptera frugiperda larvae was significantly lower in 9.4, P < 0.001; 2A). The larval length nd the following treatments: ‘12-T-192’, ‘13-T- 7’, ‘11-T-510’, ‘T-789’, ‘Frost 1’, ‘09-T-31’ difference in the larval head capsule width 3-T-1032’, ‘Zeon’, ‘11-T-510’, ‘T-789’, ‘Frost .2B). The larval weight was significantly xcept for ‘13-T-1032’; however, the larval",https://openscholar.uga.edu/record/6054/files/SinghGurjitMS.pdf
GC-0009,biologia,diagnostico,media-baja,100,repositoriotec.tec.ac.cr,Documento PDF,"considerada para evitar la proliferac u otros micoorganismos, un rango op La dieta del insecto. La dieta arti proceso de producción de OBs, ya q insecto (Murúa et al., 2003). Esta proteínas, lípidos y esteroles, carb algunos de estos compuestos pueden la misma (Claus y de Cap, 2001 utilizadas para la inoculación viral c que causan estrés a las larvas y logra 2.2.1.2. Producción in vitro El fundamento de este proceso de pr constituyen el sustrato sobre el cual s de Cap, 2001). Un primer req es la selección de una línea celular s a cabo eficientemente las etapas d elevados rendimientos volumétricos vitro de los baculovirus requiere de en suspensión agitada. Un ejemplo e cual parece exhibir una mayor susce producción viral para la replicación Cap, 2001). En la , se repre un cultivo celular primario de dif Posterior a la escogencia del tejido individuales resultantes se coloquen posteriormente inoculado en el cu (Román, 1998) ( ). 20 de contaminantes como bacterias, hongos mo de este factor oscila entre un 50 y 70%. al es un factor de importancia durante el se relaciona con el incremento de peso del dietas incorporan básicamente fuentes de dratos, vitaminas y sales. No obstante, r omitidos con el fin de reducir el costo de Román (1998), menciona que las dietas cen mayoritariamente de vitaminas, puesto ue estas sean más susceptibles al virus. cción se basa en que las células en cultivo eva a cabo la multiplicación viral (Claus y to para el desarrollo de un cultivo celular, eptible a la infección viral, capaz de llevar ciclo de replicación viral y de producir OBs. Además, el proceso de producción in línea celular que logre soportar el cultivo a línea celular homóloga UFL-AG-286, la bilidad a la infección y mayores niveles de AgMNPV (Gioria et al., 2006; Claus y de a esquemáticamente el establecimiento de ntes tejidos de insectos de Lepidoptera. ste se macera de manera que las células un medio de cultivo, para que el virus sea o celular, dando inicio a su replicación",https://repositoriotec.tec.ac.cr/bitstream/handle/2238/2911/Informe_Final.pdf?sequence=1&isAllowed=y
GC-0010,biologia,diagnostico,alta,100,openknowledge.fao.org,Documento PDF,"Pesticides labelled with red and yellow shoul be ensured. Hazard pictograms – Visuals warning about s the environment. Pictograms commonly-used on pesticide-labe and Labelling of Chemicals indicate: Chronic Health Hazard Environment (Non-Mandatory) There is a common misconception among far more toxic, the better”). However, important fa the right product for the pest, the time and m importantly the stage of the target pest (for young larvae). A.3.7.5 Avoid the use of highly hazardous pesticides The use of highly hazardous pesticides (HHP several African countries. Under the conditio concerns for human health and the environme It should be noted that: X FAO has been mandated by the Council in reducing risks posed by highly hazardous p X The International Code of Conduct on P Prohibition of the importation, distribution, considered if, based on risk assessment, risk mi to ensure that the product can be handled wi X The fourth session of the International Con for concerted action to address highly haza X FAO and WHO have issued the Guidelines on the identification of highly hazardous pesti ways be avoided, unless proper conditions of use can ific high hazard (toxicity) levels to human health and nder the Globally Harmonized System of Classification Acute Health Hazard Corrosion rs that pesticide toxicity determines its efficacy (“the rs that influence pesticide performance are: choosing e of application, water quality, temperature, and more ance, some insecticides will only be effective on very he gusano cogollero o control gusano cogollero (gusano cogollero) has been reported in of use prevailing in these countries, HHPs pose great 06 and again in 2013 to assist member countries in cides icide Management under article 7.5 stipulates that e and purchase of highly hazardous pesticides may be ation measures or good marketing practices are insufficient ut unacceptable risk to humans and the environment nce on Chemicals Management (ICCM4) in 2015 called us pesticides (resolution SAICM/ICCM.4/15) ghly Hazardous Pesticides in 2017 to provide criteria for s and guidance on risk mitigation",https://openknowledge.fao.org/bitstreams/c43afcac-6262-4152-afd4-70cd4ac46584/download
GC-0011,biologia,diagnostico,media-baja,100,openscholar.uga.edu,Documento PDF,"gusano cogollero and resistant turfgrass Leuck et al. (1968) screened 441 clones instar gusano cogollero. Six days after infestation, around lines) as intermediate, and 88% (390 lines) as s clones were rated for gusano cogollero resistance, about 0. intermediate, and 97% (429 lines) were found t ‘Tifton 292’ and ‘Tifton 296’. (198 resistance in nine bermudagrass clones against resistance was mainly antibiosis rather than non ‘Tifton 292’ died within the first ten days of in ‘Tifton 292’ was, however, never commercially and was instrumental for forage bermudagrass zoysiagrasses, 18 paspalums, 34 bermudagrass ryegrasses with and without endophytes were e al. Among endophyte-infected (E+) and resistance to gusano cogollero was observed in the followi E-> ‘Rosalin’ E+ > ‘Lp 5425’, ‘Rosalin’ E-, ‘A fescue > E+ turf-type perennial ryegrass > E- s perennial ryegrass > E- forage-type perennial r fescue. Reduction in weight gain was found in larval weight was shown on bermudagrasses ‘T 4’, ‘97–14’, ‘97–22’, ‘97–28’, ‘97–39’, ‘97–40 compared to the larvae fed on ‘Tulsa’ tall fescu bermudagrass, for resistance against first (3 lines) were rated as resistant, 11% (48 eptible. Three days later, when the same 441 (2 lines) were resistant, 2% (9 lines) were e susceptible. Those two resistant lines were used a host suitability index to evaluate W, and ‘Tifton 292’ was rated resistant. Most of the gusano cogollero larvae fed on ation, and none of them survived till pupation. leased, but it was used as one of the parents ivar ‘Tifton 85’ (Burton 2001). Previously, ten all fescue, creeping red fescue, and perennial uated for resistance against gusano cogollero (Braman et dophyte-free (E-) cool-season grasses, the order ‘Dawson’ E+ > ‘APR 1234’ > ‘Dawson’ F 480’ > ‘Tulsa’ or E+ slender creeping red der creeping red fescue > E+ forage-type rasses, and E+ tall fescue > E- turf-type tall the larvae fed on zoysiagrasses. Also, reduced port’, ‘Tifgreen' and bermudagrass lines ‘97– 97–54’, ‘98–15’, ‘98–30’, and ‘98–45’ when r the diet control (Braman et al",https://openscholar.uga.edu/record/6054/files/SinghGurjitMS.pdf
GC-0012,biologia,diagnostico,media-baja,100,openscholar.uga.edu,Documento PDF,"post-introduction, the change in larval length w treatment than in the ‘11-T-56’ treatment (F 15, 1 significant difference in the change in larval we treatments. The changes in both the larval head 3.3F) and weight (F = 1.2, P = 0.244; , 194 other. Pupal and adult parameters Spodoptera frugiperda larvae pupated significant (F = 13.1, P < 0.001; 5A). The larva 15, 253 ‘09-T-31’, and ‘11-T-56’ treatments took appro the pupation time of the larvae in the ‘TifTuf’ t significantly more delayed in ‘Zeon’ than in th 5B). The moth emergence time was not s 1032’ and ‘11-T-510’ treatments compared to t Although there was no significant posit weight and pupal length, width or weight at 6 d the larval length or weight and pupal length, w associations (Table 3.1). At 12 d post-introduct associations between the larval and pupal width introduction, there were significant negative as weight and days of pupation and adult emergen significant negative association between the lar adult emergence. significantly lower in the ‘KBUF-UF-1326’ = 2.5, P = 0.002; 3E). There was no ht between ‘TifTuf’ and the rest of the psule width (F = 0.9, P = 0.544; , 231 C) were not significantly different from each ater in ‘Zeon’ than in the rest of the treatments n the ‘12-T-192’, ‘13-T-1032’, ‘11-T-510’, mately similar times to pupate compared with tment. Similarly, the emergence of adults was st of the treatments (F = 11.3, P < 0.001; 15, 228 ificantly different in the ‘12-T-192’, ‘13-T- in the ‘TifTuf’ treatment. association between the larval length, width or st-introduction, at 10 d post-introduction, both or weight had positive and significant , there were positive and significant nd larval and pupal weights. At 6 and 8 d post- iations between the larval length, width or At 10 d post-introduction, there was a width or weight and days of pupation and",https://openscholar.uga.edu/record/6054/files/SinghGurjitMS.pdf
GC-0013,biologia,diagnostico,media-baja,100,gob.mx,Documento PDF,"Cycloneda sanguinea sang (Coleoptera:Coccinellidae) ( ) 3.0 a 6.5 m, ancho de 2.7 a 5.10 redonda. Rostro pálido en macho mancha triangular invertida negra gena extendiéndosedentro del ojo. con dos manchas pálidas y el ma delantero igualmente pálido, en lo presenta una línea pálida que pen margen delantero. Élitros de anara intenso de tonalidad ligerame Superficie ventral mayormente obs puede variar hasta tonalidades ma menosclaras. Cycloneda sanguinea sanguinea d siguientes plagas de trigo: Spodoptera frugiperda (Santos-Cividanes Cardoso & Lázzar 2003; Hernánde 2018), C. sanguinea sanguine consume un aproximado de 200 p en adulto (Juárez et al. E pulgones muertos por hembras a sanguinea aumenta a medida que de pulgones aumenta hasta llegar de250presas(Işikber2005). Figura3.Cyclonedasanguíneasangui ea (L.) Hippodamia convergens Guérin-Méneville ngitud de (Coleoptera: Coccinellidae) ( ). Forma Longitud 4.20 a 7.30 mm, ancho 2.50 a 4.90 con una mm. Forma elongada, aplanada dorso- hembras, ventralmente, fémures visibles desde vista onto negro dorsal, superficie dorsal sin pubescencia y n apical y ligeramente brillante. Pronoto negro con machos se manchaspálidas convergentes.Élitros amarillos desde el típicamente con un patrón de puntos negros dos a rojo discretos que varía desde 13 puntos hasta brillante. Superficie ventral completamente a, aunque negra a excepción del mesepimeron el cual es nes más o pálido. Hippodamia convergens consume al menos 12 eda a las especies distintas de áfidos y en trigo es m, R. padi abundante (Juárez et al. 2022; registrado depredando a las siguientes plagas rejo et al. graminum, Nezara viridula, S. en larva frugiperda, R. maidis ones y 20 (Santos-Cividanes et al. 2022; Cottrell & Tillman úmero de 2017; Hernández-Trejo et al. 2018; Phoofolo et as de C. 2013; Michaud & densidad Qureshi 2006). Hembras adultas de H. ensidades convergens consumen en 24 h hasta el 86% de áfidos cuando en densidades de 64 individuos, mientras que en estado larvario puede consumir hasta 87.6% de sus presas en solo una hora en densidades de 100 individuos (Delgado-Ramírezetal.2019). Hippodamia convergens.",https://www.gob.mx/cms/uploads/attachment/file/913435/2023_FT__35_INSECTOS_DEPREDADORES_EN_CULTIVOS_DE_TRIGO_EN_M_XICO.pdf
GC-0014,biologia,diagnostico,alta,100,redalyc.org,Documento PDF,"656 Aniele Pianosc Podisus may be related to the formation of reproductive structures during the sexual maturation of nymphs (Mukerji & Leroux, 1969). It seems that the adult insects consumed the Spodoptera frugiperda larvae, even though they were contaminated. Biological parameters of Podisus nigripinus The mean nymphal mortality was not influenced by the treatments, either consuming Spodoptera frugiperda larvae treated with the neem oil concentrations or the insecticide (Figure 3). Although there was no significant difference among the treatments, it was observed a lower mortality in the control (34%) than the neem concentration of 0.599% (58%), but none of the treatments showed a high mortality, not even with the insecticide. (1997) tested the selectivity of several insecticides, including the pyrethroid deltamethrin used Figure 2. Mean number of Spodoptera frugiperda treated with di nigripinus after 24 and 48 hours of the start of the assay, at the de Jaboticabal / SP, 2011. 652-659, set/out, 2014 e Campos et al. frugiperda that as reared on treated leaves. The authors reported that ltamethrin caused prey mortality, with a low LC 50 mpared with the other insecticides tested; however, hen it was tested on the predator, the harmful effect as less pronounced, resulting in lower mortality and ore selective especially in the nymphal stage. Similar sults were reported by Wilkinson et al. (1979) and uedes et al. (1992), who found that pyrethroids were ss toxic to P. maculiventris (Say) and P. nigripinus at eld doses recommended for the control of the target st. Data on duration of each nymphal instar and total ymphal period of P. nigripinus fed on preys reared in fferent neem oil concentrations and insecticide (Table shows influence of the treatments only on the third star and the total nymphal period. The duration of the ird instar was lengthened at the neem oil concentration nt concentrations of neem oil and preyed by adults of Podisus es of one (A and B), three (C and D) and six (E and F) larvae.",https://www.redalyc.org/pdf/3052/305232579008.pdf
GC-0015,biologia,diagnostico,alta,100,repositorio.chapingo.edu.mx,Documento PDF,"Se ha demostrado que las lacto de la alimentación (Mabry et al., 1977; Ga afectan el metabolismo de los insectos mos 2017). Se identifica además, que la gené compuestos además de la parte de planta puede variar la actividad tóxica o de inhib al., 2005; Sidhu et al., 2004); además, de la química de las especies vegetales y ma botánicos (Torres et al., 2006). Respecto efecto de los extractos acuo independientemente de la concentración us fue a las 24 h de hojas y tallos para H. ciliari máximos de 9, 25.4 y 22.7 %, respectivame 40.9 y 12.7 % para caso de extracto de tall a valores intermedios y bajos en el caso de merece los efectos mostrados por los extr los cuales registraron los valores más a órganos de las tres especies de plantas, co larvaria, sin diferencia estadística (P≤ 0.05 Al respecto, Guillen et al. (2001), en un e sugirieron cambios en los tiempos de expo 50% de insectos muertos, lo que difiere co horas reportadas en este estudio. s sesquiterpénicas actúan como inhibidores an et al., 1983; Cis et al., 2006) y también ndo varios grados de toxicidad (Kaur et al., a vegetal, el tiempo de extracción de los mpleada para la elaboración del extracto, n alimentaria contra insectos (Madeiros et uencia de las diferencias en la composición resistencia de las larvas a los extractos s a diferentes tiempos de evaluación, a, se tiene que la mayor mortalidad larvaria L. elaeagnifolium, con valores e, en el caso de extracto de hoja y de 24.5, ambién respectivamente. Correspondiente s 48 y 72 h, respectivamente. Caso aparte os acuosos de fruto de S. elaeagnifolium, de mortalidad respecto a los otros dos alores de 52.7, 43.6 y 43.6 % de mortalidad ntre estos valores (Cuadros 5). dio de formulación de extractos vegetales, ión de 24 a 72 horas para lograr al menos n mayor porcentaje de mortalidad a las 24 40",https://repositorio.chapingo.edu.mx/server/api/core/bitstreams/ff63bcad-5d61-4d60-99e9-1fca14a431e0/content
GC-0016,biologia,diagnostico,media-baja,100,ugspace.ug.edu.gh,Documento PDF,"University of Ghana h 3.8 Statistical analysis 3.8.1 Relative abundance and diversity The relative abundance (RA) of all identified a and season were calculated using the expressi individuals of the ith species and N = total t Shannon–Wiener diversity index (H) was used including predators among the different treatme 𝐒𝐡𝐚𝐧𝐧𝐨𝐧 𝐢𝐧𝐝𝐞𝐱 (𝐇) = − ∑𝐬 𝐩𝐢 𝐈𝐧 𝐩 𝐢 whe 𝐢=𝟏 particular species found (n) divided by the tota log, Σ is the sum of the calculations, and s is evenness (E ) was then calculated using the H maximum value that H can have for a particu number of species in the sample. 3.8.2 Infestation level of Spodoptera frugiperd To satisfy the assumptions of parametric tests, t from the BCM, MFP, and control plots were fir respectively (Bartlett 1937; Shapiro and Wilk 1 assumptions of parametric tests. Therefore, v between treatments (BCM and MFP) and contr seasons were subjected to the Kruskal-Wallis H (P < 0.05) in each instance, Dunn’s multiple c method, was used to identify heterogeneous me p://ugspace.ug.edu.gh opod species including predators per treatment 𝑵𝒊 𝑹𝑨 = × 𝟏𝟎𝟎 where Ni = total number of 𝑵𝒕 mber of individuals of all species. Thereafter, calculate the diversity of the arthropod species and seasons. This was done using the formula: is the proportion (n/N) of individuals of one mber of individuals found (N), ln is the natural number of species. Shannon's equitability or mula: H/Hmax where H max = ln (S) = the sample, i.e., total even distribution, S = total count data (i.e., egg batches and larvae density) ubjected to Shapiro-Wilk’s and Bartlett’s tests, 5). Both tests indicated that the data violated the ations in the egg batches and larvae density plots for each of the major and minor cropping st. Following the indication of a significant test parisons, with p-values adjusted with the Holm anks. Variations in the overall egg batch counts",https://ugspace.ug.edu.gh/server/api/core/bitstreams/a1042457-52f1-44c2-8848-3e8948f73a12/content
GC-0017,biologia,diagnostico,media-baja,100,openscholar.uga.edu,Documento PDF,"The outbreaks of gusano cogollero depend, to a larg the overwintering sites. Cool-weather condition conditions for the gusano cogollero and check the populati humid weather conditions continue to prevail, t numbers that migrate northwards and cause eco (Luginbill 1928, Sparks 1979). The gusano cogollero has b Smith and Abbott (1797). Luginbill (1928) rep 1928. After 1928, several outbreaks occurred b outbreak of 1975-1977, the estimated economic million, and $137.5 million USD in 1975, 1976 In fall, homeowners often complain tha The gusano cogollero problem can originate at the homeow producers are blamed for selling gusano cogollero infested environments is poorly understood. Sod farms weed hosts. The understanding of naturally occ to determine how resilient the system is to tack back-to-back applications of insecticides on en gusano cogollero infestation. Abundance and diversity of arthropods in tu Diversity and seasonal occurrence of se been studied such as Collembola (Rochefort et and Pendley 1993a, b, Rochefort et al. P (Carabidae), rove beetles (Staphylinidae), spide xtent, on the weather conditions in winters in with abundant rainfall provide favorable of natural enemies. Later in the spring, if the gusano cogollero populations build up in enormous mic losses to the summer crops in Georgia n described as a damaging pest in Georgia by d multiple outbreaks of gusano cogollero between 1856 to not well documented. During the gusano cogollero sses reached as high as $61.2 million, $31.9 nd 1977, respectively, in Georgia alone. wly planted sod is infested with gusano cogollero larvae. r site or from the sod producers, but often sod d. The ecology of gusano cogollero in sod farm often surrounded by vegetation, including ing enemy communities in sod farms may help gusano cogollero infestation. Currently, sod producers use farms starting in July to prevent potential grass al selected groups of turfgrass inhabitants have 2005), Carabidae and Staphylinidae (Braman atory insects such as ground beetles (Araneae), bigeyed bugs (Geocoris spp.), and",https://openscholar.uga.edu/record/6054/files/SinghGurjitMS.pdf
GC-0018,biologia,diagnostico,media-baja,100,openscholar.uga.edu,Documento PDF,"containers with fresh grass clippings were temp before the introduction of Spodoptera frugiperda to prev Within 3 h, three neonates of S. frugipe grass clippings. After the introduction, the cont around the lid to reduce desiccation. Fresh gras intervals. The uneaten grass clippings and frass clippings to the containers. The assay was main at 28ºC and ~40% relative humidity and 16: 8 h Evaluation Survival and development of larvae we The dead larvae shriveled up and turned dark in length, the width of the head capsule, and weig width of the larvae were recorded). Larval leng using a Vernier caliper. Larval weight was mea there was more than one larva in the container, Also, the pupal length, width around the thorax surviving larvae, until the adult emergence (in Foliage samples were collected for nutrient ana treatments. For the foliar nutrient analysis, leaf treatment were combined; thus, there were five The grass clippings were oven–dried (at 115oC Plant and Soil Testing Laboratory (University o analysis. Nutrients (Mn, Fe, Al, B, Cu, Zn, Na, rily maintained in the refrigerator at 4°C desiccation. larvae were introduced to the container with er was sealed using a lid and a parafilm strip ippings were added to the containers at 2 d re removed before adding fresh grass ned in the environmentally controlled chamber ght: dark). ecorded at 2 or 3 d intervals until pupation. To determine development, the larval were recorded (in 2018, only the length and and width of the head capsule were measured ed using a digital weighing balance. When measurements were averaged and recorded. gion, and weight were recorded for the 8 only length and width were recorded). is when the adults emerged from all mples from two pots (two replications) for each mples per treatment in both years. 48 h) in Griffin campus and transported to the Georgia, Athens, GA) for foliar nutrient , Cd, Ni, Cr, Mo, P, K, Ca and Mg) were",https://openscholar.uga.edu/record/6054/files/SinghGurjitMS.pdf
GC-0019,biologia,diagnostico,media-baja,100,openscholar.uga.edu,Documento PDF,"results could be caused by variation in the frequ farms and residential lawns. In the sod farms, t the emphasis is usually on growing the grass as frequently than residential lawns to promote th In the current study, the numbers of pre grass density, whereas the numbers of blissids, contrast, Joseph and Braman (2009) showed th whereas the blissids, delphacids, and spiders w sparsely dense turfgrasses. Again, the variation differences in the levels of management practic Moreover, the numbers of billbugs (Sphenopho pest groups in the turfgrass, increased with an i result was consistent with a previous study on K the bluegrass billbugs (Sphenophorus parvulus (Kindler and Spomer 1986). These results sugg certain pests by providing a better micro-enviro Our results show that the billbugs were sod field. This result is inconsistent with the pr billbugs adults were greater in denser grass reg thatch might have prevented desiccation of bill protection from predators (Kindler and Spomer understand the importance of thatch thickness i the sod farms growing warm-season grasses. cy and mowing height maintained in the sod grass is grown for commercial purposes, and ickly as possible. Thus, the grass is mowed teral spreading and thickness of the grass. ory mirids increased with an increase in the phacids, and spiders were not affected. In he predatory heteropterans were not affected, collected in greater numbers from denser than ours and previous results could be attributed to n commercial turfgrass and residential lawns. spp.) and lepidopterans, which are the major ease in the grass density in our study. This tucky bluegrass sod field in Nebraska, where llenhal) adults were abundant in dense grass that the denser grasses might be favoring ent. gatively correlated to the thatch thickness in the ous study where the numbers of bluegrass s with thicker thatch layer. Perhaps, thick larvae by providing shade, moisture, and 86). Further research is required to clearly etermining the abundance of billbug larvae in",https://openscholar.uga.edu/record/6054/files/SinghGurjitMS.pdf
GC-0020,biologia,diagnostico,media-baja,100,openscholar.uga.edu,Documento PDF,"elicited comparable resistance as that of ‘TifTu study were not bred specifically for S. frugiper desirable horticultural traits. frugiperd understanding of where these genetically novel cultivars and thus provide direction for future b Based on the survival index, the bermud were within the top five treatments along with larvae of the gusano cogollero are vulnerable to f tissue starting from the neonate stage. When fa masses are found on manmade structures adjac immediate and constant access to turfgrass tissu larvae was affected when they were placed on c these lines prevented access to the vital nutrien characteristics of grass cells, such as thick cell such as secondary metabolites toxic to larvae, c access these vital resources (Braman et al., 200 survival index can be an indicator of resistance survival of Spodoptera frugiperda exposed to certain ber The development of larval stages of S. f consumed certain bermudagrass lines. The resu 510’ were among the top five bermudagrass lin development index (Table 3.2). The underlying antibiosis, which has been reported previously The bermudagrass lines tested in the current esistance but were previously tested for esistance results are important for the es stand relative to popular commercial ding research. rass lines ‘T-822’, ‘09-T-31’, and ‘11-T-483’ ‘TifTuf’ and ‘Zeon’ cultivars. Because young deprivation, they constantly consume grass rmyworm moths invade a landscape, their egg to turfgrass so that emerging larvae have In the current study, the survival of young ain bermudagrass lines, which suggests that nd moisture in the grass tissue. The physical ls, or biochemical compositions of the cells, interfere with the ability of young larvae to 2002, Reinert and Engelke, 2010). Thus, the tolerance mechanisms, as evidenced by the dagrass lines. iperda was affected when the larvae show that ‘13-T-1032’, ‘11-T-56’ and ‘11-T- n addition to ‘TifTuf’ and ‘Zeon’ based on the echanism for the delayed development is turfgrass genotypes and their cultivars",https://openscholar.uga.edu/record/6054/files/SinghGurjitMS.pdf
GC-0021,biologia,diagnostico,media-baja,100,openscholar.uga.edu,Documento PDF,"(Braman et al., 2000, 2002, Reinert and Engelk larvae developed more quickly on certain berm cultivars (Figs. This suggests that the lines affects normal larval growth and developm larval stages, the greater the chance of them su weather. Previous studies have shown that the d decrease with an increase in the susceptibility o Lynch et al., 1983). The data show that the larval developm width and weight, were negatively associated w Additionally, the results show that the S. frugip lines and cultivars spent more time pupating an susceptible bermudagrass lines. This suggests t relatively resistant bermudagrass lines tend to b that develop on susceptible bermudagrass lines developed on the resistant lines was compromi such as the longevity of adults, fecundity and v for Spodoptera frugiperda adults developed on resistant head capsule width and weight are positively a weight. This suggests that measurements of the pupae can be used for evaluating resistance. In summary, this study identified few re ‘11-T-510’, ‘11-T-56’, ‘09-T-31’ and ‘11-T-48 2010). In the current study, the Spodoptera frugiperda agrass lines than on other resistant lines and chemical composition of certain bermudagrass t. frugiperda remains in the mbing to predation, pathogens or severe s to pupation and days to adult emergence urfgrass lines (Reinert and Engelke, 2010; parameters, such as length, head capsule the day of pupation or adult development. a larvae that fed on the resistant bermudagrass merging into adults than those that fed on the the Spodoptera frugiperda larvae that develop on maller and lighter than the Spodoptera frugiperda larvae rhaps the fitness of the Spodoptera frugiperda adults More studies are warranted where parameters ility of eggs are evaluated as secondary effects s. The results also show that the larval length, ciated with the pupal length, thorax width and ngth, thorax width and weight of Spodoptera frugiperda tant bermudagrass lines (‘13-T-1032’, ‘T-822’, comparable to the bermudagrass ‘TifTuf’.",https://openscholar.uga.edu/record/6054/files/SinghGurjitMS.pdf
GC-0022,biologia,diagnostico,media-baja,100,openscholar.uga.edu,Documento PDF,"wildflowers, which suggest beneficial insects c are applied to suppress pests on turfgrass (Bram The generalist predators control pest po through a myriad of non-consumptive effects. O changes in the adult behavior, mating, and ovip to evaluate the consumptive and non-consumpt Ramirez 2019). Predatory arthropod samples w Idaho through linear pitfall traps and consisted all the predators, respectively). Predation on ad the lab and field assays. Moreover, predators re petri dish arenas, but predation was reduced wh Overall, after exposure to predators, the huntin 56% and 28%, respectively (Dupuy and Ramir Cultural practices can also affect the su herbivores. Turfgrass characteristics, such as h communities (Hull et al. (199 better shading, cooling, and moisture retention arthropod abundance (Hull et al. A prev present in endophyte-infested tall fescue and pe height (Salminen et al. When densities o evaluated after restricted irrigation before the J turfgrass with aluminum sulfate residues reduc Another study showed that populations of certa find refuge in wildflowers when insecticides et al. ations through direct consumption as well as rall predation of all billbug life stages, tion were measured in the lab and field study effects of predators on billbugs (Dupuy and collected from the golf courses in Utah and inly of carabids and spiders (60% and 28% of billbugs was found low (below 6%) in both ly consumed billbug larvae when kept in the billbug larvae were at 1 cm deep in the soil. llbug activity and mating were reduced by 019). ility of turfgrass as a food source for ht and density, can influence arthropod howed that taller and denser grasses have perties that can disproportionately influence s study also showed that levels of alkaloids nial ryegrass could be varied with the mowing oot-feeding white grubs in the soil were nese beetle flight, a study showed, tall hite grub infestations (Potter et al. spiders and rove beetles were greater in the",https://openscholar.uga.edu/record/6054/files/SinghGurjitMS.pdf
GC-0023,biologia,diagnostico,media-baja,100,openscholar.uga.edu,Documento PDF,"marginiventris Cresson and Meteorus sp. were experiment (Braman et al. Similarly, th Hufnagel (Lepidoptera: Noctuidae), were found families, braconidae, encyrtidae, and tachinida application of soil insecticides intended to cont by parasitic hymenopterans. Application of imi biological control of Japanese beetle, Popillia j Rohwer, an ectoparasitic wasp (Rogers and Pot Antonina graminis Maskell, is biologically con sangwani, Acerophagus sp., and Pseudectroma Importance of plant nutrients Fertilizers and pesticides are responsibl modern agriculture. alone, farmers pesticides every year. Still, as per the estimatio because additional costs like damages to enviro usually considered (Pimentel 2005, Tegtmeier have to ensure that the usage of chemicals is ef common turfgrass type grown in Georgia. It is a considerable amount of K fertilizer for optim optimum plant growth; however, it needs to be leach down the soil like K. Bermudagrass uses for growth. Every 6 tons of bermudagrass hay r nutrients from the soil (Lee et al. Soil K o reared from the gusano cogollero larvae in the same arvae of black cutworms, Agrotis ipsilon be parasitized by the parasitic wasps in the Bixby-Brosi and Potter 2010). Moreover, the white grubs can affect their biological control loprid has been shown to interfere in the onica Newman, larvae by Tiphia vernalis 2003). Moreover, the rhodesgrass mealybug, led by parasitic wasps like Neodusmetia (Chantos et al. r high economic and environmental costs in nd ~ $20 billion USD on fertilizers and t represents only 80% of the actual costs ental resources and human health are not Duffy 2004). For sustainable agriculture, we ent and optimized. Bermudagrass is the most hly responsive to N fertilizers but also requires growth. Some amount of P is also required for plied only once in a year because it does not nsiderable amounts of nutrients from the soil oves 136 kg of N, 114 kg of K, and 38 kg of P uld deplete without adequate K fertilizer inputs",https://openscholar.uga.edu/record/6054/files/SinghGurjitMS.pdf
GC-0024,biologia,diagnostico,media-baja,100,openscholar.uga.edu,Documento PDF,"Potassium and gusano cogollero Soil’s fertility status is linked to the pla be used for pest management (Tingey 1981). T the central and southeastern U.S. (Luginbill 19 grass’s ability to resist gusano cogollero feeding. The gusano cogollero when fed on tall fescue with low fertilizer than Conard 1998). In the same study, a higher num fed on plants treated with high fertilizer doses t During the gusano cogollero epidemic of 1977, los for forage and hay in Georgia (Todd and Suber significantly increased in fertilized pastures. FA greater on fertilized than on the unfertilized ber developmental rates are in direct response to in (Lynch 1984). There is often a positive correlat plants. In contrast, an increase in K application In a study conducted on the rice plants, it was f fecundity and population of white-backed plan with increase in N application whereas, increas furcifera (Salim and Saxena 1991). Foliar spray ‘coastal’ bermudagrass clippings, showed that (Leuck et al. However, under field cond generally combined with other plant nutrients s resistance against insect pests, and this could gusano cogollero is a major pest of Family, Gramineae in The plant nutrient levels may influence arval weight and pupal weight were reduced h high fertilizer treatments (Bultman and of gusano cogollero larvae (93% survival) survived when those treated with low fertilizer. to gusano cogollero infestation exceeded $59 million USD 80). Damage to the coastal bermudagrass larval survival and development rates were dagrass. This increased survival and ased N or protein within the grass tissue between pest incidence and N application in uces pest infestation (Amtmann et al. nd that the food intake, growth, adult longevity, ppers, Sogatella furcifera (Horváth) increased K application was detrimental to S. 14 inorganic compounds, including K on as repellent properties against gusano cogollero larvae ns, K is rarely applied as a lone nutrient. Clearly, there is a knowledge gap if",https://openscholar.uga.edu/record/6054/files/SinghGurjitMS.pdf
GC-0025,biologia,diagnostico,media-baja,100,openscholar.uga.edu,Documento PDF,"analyzed using an inductively coupled plasma e AOAC 1995) and the combustion method was Giazzi 1982). Statistical analysis All the analysis was conducted using SA data from 2018 and 2019 were log-transformed of variance (ANOVA) using the PROC GLM p of the head capsule, and weight data were analy replications with live S. In 2 PROC TTEST procedure in SAS as only two tr ANOVA using PROC GLM procedure in SAS there were more than two treatments with one o data were arcsine square-root transformed befo foliar nutrients data in ppm (parts per million) w GLM procedure in SAS after log-transformatio LSD method (α = 0.05). Means and standard er PROC MEANS procedure in SAS. Re Larval survival In 2018, none of the larvae survived be N and K were not applied ( A). A signific 1:0 and 0:0 than in 2:1 and 1:1 treatment at 10 = 5.2; P < 0.001; A) post-introduction. In ssion spectrograph (Isaac and Johnson 1985, d to quantify the total percent N (Colombo and software (SAS Institute 2012). The survival [x +1]) then subjected to a one-way analysis edure in SAS. The length of larvae, the width d only for treatments that had at least three , the data were analyzed by student t-test using ments had live larvae whereas, in 2019, s used after log-transformation (ln [x +1]) as more live larvae. The percentage foliar nutrients one-way ANOVA was performed whereas, e subjected to one-way ANOVA using PROC n [x +1]). Means were separated using the for the variables were calculated using the ts d 6 d after introduction in 0:0 treatment where y lower number of larvae survived in 0:1, 1:2, F = 5.3; P < 0.001; A) and 24 d (F 5, 45 5, 45 19, survival of larvae in the various treatments",https://openscholar.uga.edu/record/6054/files/SinghGurjitMS.pdf
GC-0026,biologia,diagnostico,media-baja,100,ir.ucc.edu.gh,Documento PDF,"© University of Cape Coas appearance of dispersing adu may occur in a particular area The adult is a strong disperse long distances annual New York where fall armywo a year, there may be a single generations, there may be th Louisiana. In coastal areas of December (Capinera, 2002). In areas of the southern may occur in summer (Luginb Completion of the lifec cotton production regions, but of low temperatures in the sp 2015). Barfield, Mitchell, and periods for Spodoptera frugiperda from 18.4 days (35.0°C) and Sparks a recent laboratory work done Spodoptera frugiperda from egg to development from egg to adu 20.27 days at 32oC while Bas at 18oC and 21.0 days at 32oC the number of days taken for 21.41 days at temperature photoperiod 14:10 (L:D). determines the number of generations that ginbill 1928). er, able to fly up to 100 km per night and during the summer months. In Minnesota and moths do not appear from January to July in neration. In Kansas there may be one or two generations in South Carolina but four in th Florida, moths are abundant from April to nited States, six or more generations per year 1928). e usually takes about four weeks in Southern n take as long as twelve weeks during periods g and fall (Hardke, Lorenz III, & Leonard, eb (1978) reported that mean developmental g to adult ranged from 66.6 days (15.6°C) to 979) reported a period of 30 days at 25oC. (2020), the development of dult was favourable within 18-32oC; the was observed to be 71.44 days at 18oC and et al. (2005), reported a period of 77.3 days n a study by Silva et al. (2017) in Cameroon, frugiperda larvae to develop to adults was C ± 2, 70 ± 10% relative humidity and 17 Digitized by Sam Jonah Library","https://ir.ucc.edu.gh/xmlui/bitstream/handle/123456789/6511/AKWAA-SEKYI,+2021.pdf?sequence=1&isAllowed=y"
GC-0027,biologia,diagnostico,media-baja,100,openscholar.uga.edu,Documento PDF,"subsequently altered their development when th Whitford 1988). Moreover, the field-grown bermudagras same grass grown in the greenhouse due to the protein and in-vitro digestible dry matter conte favorable for gusano cogollero development. However, ‘T gusano cogollero under greenhouse conditions, showed no ‘Grazer’ when grown under field conditions (Ja bermudagrass lines have been produced throug gusano cogollero infestation under controlled conditions, b conditions (Pitman et al. In another stud instar gusano cogollero larvae reared on seven bermudagra crude protein and in-vitro digestible dry matter critical role in larval weight gain. Thus, larval g gusano cogollero larvae were reared on ‘Alicia’, and ‘OSU and IVDDM levels than five other lines (Quise other than the quality that determine the suscep gusano cogollero development (Jamjanya et al. (1988) showed the in development when fed on a diet containing pet ‘Grazer,’ ‘Coastal’, OSU 71 × 6-7, and ‘Tifton significantly reduced when fed on the diet cont higher concentration of toxic non-polar compo are later fed on turfgrasses (Quisenberry and was showed to be of lower quality than the her neutral detergent fiber, and lower crude n the field-grown grass and that made it less n 292’, which was found to be resistant to nificant difference than the susceptible line anya et al. Similarly, several omaclonal variation that showed resistance to no resistance was observed under field eeding suitability and preference of the 6th ines were determined. The results showed that VDDM) content in bermudagrass played a wth and development were affected when 7’ and certain bermudagrass lines with low N rry and Wilson 1985). Thus, there are factors lity or resistance of bermudagrass lines toward ence of toxic allelochemicals on gusano cogollero larval um ether and dichloromethane extracts of 2’. The development of gusano cogollero larvae ng extracts of ‘Tifton 292’ because of the s in the diet, whereas the diet containing the",https://openscholar.uga.edu/record/6054/files/SinghGurjitMS.pdf
GC-0028,biologia,diagnostico,media-baja,100,repository.cimmyt.org,Documento PDF,"TABLE1 Influenceofvarioustemperaturesonthemeandevelopmentti Biological Tempera parameters 18°c 22°c 25°c Egg(days) – – – 6.0 4.3 – – – 6.4 4 – – – 5.0 1stinstarlarva(days) – – 3.3 – – – 4.2 4.0 – 4.9 3.7 2ndinstarlarva(days) – – 1.7 – – – 4.5 3.0 – – 3.0 – 3rdinstarlarva(days) – – 1.5 – – – 4.9 2.6 – 5.0 2.5 – 4thinstarlarva(days) – – 1.5 – – – 5.2 2.7 – 5.2 2.9 – 5thinstarlarva(days) – – 2.0 – – – 5.6 3.4 – 6.2 3.4 – 6thinstarlarva(days) – 3.7 – – – 6.7 5.0 – 8.6 5.1 – Totallarvalstage(days) – – – 31.5 20.7 – – – 34.4 – – – 20.6 14.0 Pupa(days) – – – 30.9 12.6 – – – – FrontiersinAgronomy 10.3389/fagro.2025.1538198 ay),egghatchabilityandlarvalmortalityoffallarmyworm. ranges References 30°c 32°c 35°c 2.2 – 2.8 Kumaraetal.(2022) 2.4 2 – Savadattietal.(2023) 1.5 1.3 – Malekeraetal.(2022) 2 2 – DuPlessisetal.(2020) – – – Tendengetal.(2019) – – – Prasannaetal.(2018) 2.3 – 2.8 Kumaraetal.(2022) 2.9 2.0 – Savadattietal.(2023) 2.7 2.7 – DuPlessisetal.(2020) – – – Prasannaetal.(2018) 1.9 – 2.4 Kumaraetal.(2022) 2.3 1.4 – Savadattietal.(2023) 1.9 1.3 – DuPlessisetal.(2020) – – – Prasannaetal.(2018) 2.1 – 2.7 Kumaraetal.(2022) 1.7 1.2 – Savadattietal.(2023) 1.4 1 – DuPlessisetal.(2020) – – – Prasannaetal.(2018) 2.0 – 3.2 Kumaraetal.(2022) 1.7 1.6 – Savadattietal.(2023) 1.6 1.5 – DuPlessisetal.(2020) – – – Prasannaetal.(2018) 2.8 – 4.0 Kumaraetal.(2022) 2.2 1.8 – Savadattietal.(2023) 2.2 1,8 – DuPlessisetal.(2020) – – – Prasannaetal.(2018) 3.7 – 5.2 Kumaraetal.(2022) 2.2 2.0 – Savadattietal.(2023) 2.0 2.1 – DuPlessisetal.(2020) 14.8 20.3 Kumaraetal.(2022) 13.1 10.1 – Savadattietal.(2023) 12.6 – – Malekeraetal.(2022) 11.4 10.5 – DuPlessisetal.(2020) – – – Tendengetal.(2019) 8.6 5.8 Kumaraetal.(2022) 7.0 6.0 – Savadattietal.(2023) 7.6 – – Malekeraetal.(2022) (Continued) frontiersin.org",https://repository.cimmyt.org/bitstreams/82e0908b-a4b8-4f1b-bcde-e7d6a6c46327/download
GC-0029,biologia,diagnostico,media-baja,100,openscholar.uga.edu,Documento PDF,"because the integrated pest management (IPM) directly implemented in the turfgrass system. T depend on the aesthetics rather than the traditio Braman 1991, Held and Potter 2012). Turfgras fields, and public landscapes come from the co managed in the sod farms, and there is a very lo 2005). Sod farm managers emphasize keeping weeds. These conditions may lead to the popul and Snyder 1993, Davidson and Potter 1995) a enemies (Braman et al. 2002, Frank and Shrew used to maintain the cosmetics of the grass. Ho alone but herbivorous insects as well (Busey an faster development of grass-feeding insects. Th that the development of gusano cogollero larvae significan medium or high fertilizer rates as compared to green bugs, Schizaphis graminum Rondani, pre than the unfertilized, endophyte-free grass. The oat aphids, Rhopalosiphum padi (L.) on fertiliz Potter 1995). Prospects for conservation biological contro Several studies have shown the parasiti hymenopterans. Parasitism of gusano cogollero larvae by t found to be different among turfgrass genotype ograms designed for the field crops cannot be pest control decisions in the turfgrass mainly metrics like yield loss (Potter 2005, Potter and the golf courses, private properties, athletic ercial sod farms. Turfgrass is intensely tolerance for insect damage (Layton and Held grass look attractive, lush-green, and free of n build-up of plant-feeding arthropods (Busey decrease the alternate hosts for the natural ry 2004). Fertilizers like nitrogen and iron are ver, greener grasses not only attract buyers nyder 1993). Nitrogen fertilizers promote esearchers at the University of Kentucky found enhanced when fed the grass treated with larvae fed on unfertilized tall fescue. The red fertilized, endophyte-free tall fescue rather lso noticed faster development of bird cherry- endophyte-free tall fescue (Davidson and of major turfgrass pests by the parasitic braconid, Aleiodes laphygmae Viereck, was nd cultivars. Other parasitic wasps like Cotesia",https://openscholar.uga.edu/record/6054/files/SinghGurjitMS.pdf
GC-0030,biologia,diagnostico,media-baja,100,openscholar.uga.edu,Documento PDF,"The 14 bermudagrass lines plus two sta treatments were arranged in a completely rando 29.6 mL clear plastic containers (Frontier Agri product #9051). One hour before introduction, were cut using a scissor from the treatment tray containers with grass clippings were placed ins Three 1st instar Spodoptera frugiperda larvae were introd clippings from the corresponding treatments. E added to each container. The cups with larvae a environmentally controlled chambers at 28°C, light cycle. This experiment was conducted in mult treatments were used at a time in each group, a bermudagrass lines were evaluated 20 times, w times, because the control cultivars, ‘TifTuf’ an of the first group was initiated on 2 Aug and re group was initiated on 28 Aug and repeated on initiated on 10 Dec 2019 and repeated on 8 Jan of each group. Evaluation Larval survival and development were r development, larval length from the head to the larval weight were recorded. The larval length rd cultivars were the treatments. The experiment was conducted in ural Sciences, Newark, Delaware, USA, ss clippings from mostly new grass blades nd transferred into clear plastic containers. The a refrigerator for 2 to 3 h before introduction. ed into each container with freshly cut grass y 2 d, 15 g of fresh turfgrass clippings was grass clippings were maintained in 0% relative humidity, and a 16:8 h (light: dark) groups. Ten replications from six to seven hese replications were repeated. The eas the control cultivars were evaluated 60 Zeon’, were added to all the groups. The test ted on 25 Sept 2019. The test of the second Oct 2019, and the test of the third group was 20. The same treatments were used in the tests orded at 2-d intervals. To document larval of the abdomen, head capsule width, and head capsule width were measured using a",https://openscholar.uga.edu/record/6054/files/SinghGurjitMS.pdf
GC-0031,biologia,diagnostico,alta,100,openknowledge.fao.org,Documento PDF,"Biology-ecology and identi A.2.1 Recognizing and understanding the Fa Recognizing gusano cogollero is the first step for managem to recognize gusano cogollero, and distinguish it from othe stages of gusano cogollero, from egg to larvae, pupae and 1. Neonate larvae Neonate larvae. Eggs are pale green or white at the beginning, get covered in scales, and turn clear brown to brown before hatching. They hatch within 2-3 days. frugiperda at 6th stage 5. Pupa stage The pupa is dark brown rarely in the stalk. Half-grown or fully grown caterpillars are the easiest to identify. The larvae are generally characterized by 3 yellow stripes on the back, followed by a black, then a yellow stripe on the side. Look out for four dark spots forming a square on the second to last segment (photo). Each spot has a short bristle (hair). The head is dark; it shows a typical upside down Y-shaped pale marking on the front. Photos clockwise from left: © James Castner, University of Florida; © James Castner, University © Lyle J. Buss, University of Florida. cation of the gusano cogollero rmyworm The pest is new to Africa, and farmers need to be able ests. Below are pictures of the different development lts. Larvae from 1st to 5th stage There are 6 larvae stages. Young larvae are pale colored. They become brown to pale green, then turn darker at the latest stages. The larvae stages last 12 to 20 days (depending on ambient temperature and other environmental conditions). Adult moth stage The moth is 3 to 4 cm wide. Its front wings are dark brown while the rear wings are grey white. It will live ides in the soil, more 2 to 3 weeks before dying 2-14 days before an ida; © Paulo Lanzetta/Embrapa/Document os, 344; © J. Obermeyer; © Calatayud P.-A.; 7",https://openknowledge.fao.org/bitstreams/c43afcac-6262-4152-afd4-70cd4ac46584/download
GC-0032,biologia,diagnostico,media-baja,100,openscholar.uga.edu,Documento PDF,"‘TifEagle’ was a fine-textured a mole crickets. The primary benefit of this cultiv heights (at 0.3 cm). Moreover, it makes excelle heads and a higher number of stolons than the p Baxter and Schwartz 2018, McCarty and Mille The turfgrass industry In 2002, the turfgrass industry's estimat 822,849 jobs in the U.S. T generated 17,028 jobs (Haydu et al. Bas was ranked fourth, and sixth for employment, a (Haydu et al. Based on a survey in 2002 in the U.S (Haydu et al. The turfgrass ha Commodity Rankings. Moreover, based on rec Report, sod farms are valued at $118.3 million acres in Georgia. gusano cogollero Despite the continuous pest managemen and arthropods) are the second most important food and cash crops around the world, causing 2004). The gusano cogollero, Spodoptera frugipe is a severe but sporadic pest of turfgrass in Geo insect pest attacks turfgrass on sod farms, golf farms, detection of early stages of gusano cogollero larvae dense grass with high tolerance towards tawny is its tolerance against shallow mowing putting surface because it produces fewer seed vious ‘TifDwarf’ (Hanna and Elsener 1999, 02). value was $57.9 billion USD and generated sod production was worth$1.3 billion USD, on revenue generation, Georgia sod production impact, respectively, in 2002 in the U.S. eorgia is one of the major sod producing states een ranked 23rd in 2018 Georgia Agricultural estimates in the 2018 Farm Gate Value D with sod produced on more than 26,651 fforts, animal pests (comprising of vertebrates tor (after weeds) contributing to the loss of ential yield losses of 17.6% (Oerke and Dehne (J.E. Smith) (Lepidoptera: Noctuidae) (gusano cogollero) a (Luginbill 1928, Braman et al. This rses, and residential and public lawns. In sod n be challenging as small-sized young instars",https://openscholar.uga.edu/record/6054/files/SinghGurjitMS.pdf
GC-0033,biologia,diagnostico,media-baja,100,openscholar.uga.edu,Documento PDF,"These lines are considered “elite lines” because horticultural attributes, such as drought toleran Mater Turfgrass and insects All the turfgrass lines were maintained Griffin Campus, Georgia, USA. The bermudag ’12-T-192’, ’13-T-1032’, ’11-T-483’, ‘KBUF-U 8’, ’11-T-510’, ‘T-789’, ‘FROST 1’, ’09-T-31’ multiple USDA grant experimental trials in the evaluated in the golf courses as a putting-green zoysiagrass cultivar (‘Zeon’) were used as posi turfgrasses were maintained at 25°C and 70% r bermudagrass lines plus cultivars planted in 7.8 sand. The turfgrasses were irrigated every day water (100 mL.pot-1) at weekly intervals. The g its growth in the nearby pots. The grass was ne enough material to feed the Spodoptera frugiperda larva study were purchased from Benzon Research In frugiperda larvae were received from the rearin room temperature (21°C) and ~ 40% relative h were used in the experiment within 2 to 4 h afte Experimental procedure ey underwent multiple years of field testing for nd rapid growth, and resistance to foot traffic. and Methods greenhouse at the University of Georgia, s lines used in this study were ’12-TG-101’, 1326’, ’97-45’, ’13-T-1067’, ‘T-822’, ‘B16- d ’11-T-56’. These genotypes were used in st. The line ’12-TG-101’ was previously face. A bermudagrass cultivar (‘TifTuf’) and a and negative controls, respectively. The ive humidity in the greenhouse. There were 16 5.6 × 5.9 cm pots. The soil medium used was fertilized with 20:20:20 N:P:K at 5.9 g.L-1 s was only mowed along the sides to prevent mowed completely to ensure that there was he neonate larvae of Spodoptera frugiperda used in this (Carlisle, Pennsylvania, USA). acility, they were temporarily maintained at dity in the laboratory. frugiperda larvae rrival.",https://openscholar.uga.edu/record/6054/files/SinghGurjitMS.pdf
GC-0034,biologia,diagnostico,media-baja,100,repositorio.uteq.edu.ec,Documento PDF,"L6) tienden a oscurecerse, con diferente pa y otros factores. En su cabeza, las larvas tienen reg ""Y"" invertida, su capsula cefálica son de co no tienen las microespinas del primer esta verde claro a marrón o café e incluso negro Las marcas de las larvas suelen con dorsal, con manchas de coloración amarill en el octavo segmento abdominal visto de que corresponden a los pináculos setígeros microespinas. Es color caoba y mide entre 14 a 18 un extremo abdominal (convexo) que term “U” inversa. (19) En esta etapa, los sexos puede protuberancias en el noveno segmento abd que la hembra tiene unas líneas curvas en e saco de cópula. El adulto cuenta con una envergad de las alas anteriores es de coloración pá junto al centro y a un lado de esta y una fra el costado hasta el centro del ala, con una hembras cuentan con una mancha elíptica (18) n de colores, mismos que varían según la dieta es frontales amarillas y blancas en forma de marrón a negro, los últimos estadios (L4-L6) generalmente son lisos y varían en color, de 19) ner una línea entrecortada blanca en la mitad- rojo en la parte ventral de la larva, las larvas e arriba, hay cuatro puntos cuadrados negros sales; estos son prominentes y no cuentan con m de largo y unos de 4.5 mm de diámetro, con a en dos púas o ganchos con la forma de una separarse porque los machos tienen dos inal correspondiente a los testículos, mientras ctavo segmento abdominal correspondiente al de 32 a 40 mm, en los machos, el área costal ; además tienen una mancha elíptica blanca diagonal distinta en el costado, que va desde queña mancha blanca en el borde apical. Las el borde costal limitado por una línea clara",https://repositorio.uteq.edu.ec/server/api/core/bitstreams/47321e94-b9b1-4ab5-ad26-508bc3f9a6e9/content
GC-0035,biologia,diagnostico,media-baja,100,repositorio.unal.edu.co,Documento PDF,"K., & phenotypic diversity of a baculoviru Journal of Invertebrate Pathology, Cory, J. The E Annual Review of Ecology Evolutio Cuartas, P.O.; Villamizar, L.; Espinel, C. nativos sobre Tecia solanivora y P Gelechiidae). Revista Colombiana David, W.A.L. (1965) and resistant Pieris brassicae (Linn density, food and temperature. (1977) The to granulosis virus in Pieris brassic 118. Influence of and sub- lethal effects of a nucleop (Lepidoptera: Tortricidae). Environ Espinel-Correal, C., Léry, X., Villamizar, López-Ferber, M. Genetic Phthorimaea operculella granulovi Gelechiidae). Applied and Environ Genç, Hanife. The tomato leafmi Gelechiidae): Pupal key characters Zoology. 10.3906/zoo Gómez-Valderrama, J. A., Barrera, G., L & Villamizar, L. Potential o leafminer Tuta absoluta (Meyrick). https:// Gómez-Valderrama, J., Herrera, L., Urib (2014). An immunological method absoluta: Searching for isolates wi Colombia. International Journal of 53 nter-Fujita, F. Genotypic and population within an individual insect host. ogy and Evolution of Insect Baculoviruses. nd Systematics, 34, 239–272. Infección de granulovirus orimaea operculella (Lepidoptera: Entomología. e incidence of granulosis deaths susceptible us) larvae following changes of population al of Invertebrate Pathology, 7, 347-355. ect of sucrose content of diets on susceptibility Journal of Invertebrate Pathology, 30, 117- al age and virus concentration on mortality hedrovirus on the Western spruce budworm ntal Entomology. Gómez, J., Zeddam, J. M., & biological analysis of Colombian isolated from Tecia solanivora (Lepidoptera: nt Microbiology, 76, 7617–7625. ,Tuta absoluta (Meyrick) (Lepidoptera: r sexing individuals. Turkish Journal of 510-59. ez-Ferber, M., Belaich, M., Ghiringhelli, P. D., tabaculoviruses to control the tomato urnal of Applied Entomology, 142(1–2), 67–77. élez, D., López-ferber, M., & Villamizar, L. granulovirus detection in larvae of Tuta rospects for biological control of this pest in st Management, 60, 136–143.",https://repositorio.unal.edu.co/bitstreams/d29351ae-5570-4b5f-9901-23d96a7bf889/download
GC-0036,danos,diagnostico,alta,100,openknowledge.fao.org,Documento PDF,"márgenes laterales marrón oscuros a manera la cápsula cefálica es oscura, varía de marrón máculas circulares. En su máximo desarrollo m al., 1988; Capinera, 2001). ©Yony Callohuari Larva de H La pupa recién formada es de color amarillo b 8 a 10 mm de longitud (Sánchez & Vergara, 20 El adulto tiene las alas anteriores con dos m costal, y tres bandas transversales oscuras q margen anal; alas posteriores con una manch bandas transversales más o menos paralelas el ángulo anal. Segmentos abdominales I y II dorsal (Clarke-Harris et al., 1988; Sánchez & Ve Comportamiento y daños La hembra ovipone en el envés de las hojas en larvas recién emergidas se alimentan de las hoja las brácteas de las flores. Posteriormente se obs por ramitas de la inflorescencia y unidas por h las larvas que se alimentan de las flores y de lo tienen el aspecto de estar apretadas, y a medid al suelo, quedando finalmente las inflorescencia y hojas. Completando su desarrollo las larvas e y raras veces bajan al suelo a empupar. En al pérdidas en la producción de este cultivo (Sán 38 manchas reniformes y un área central pálida; curo a casi negro, donde pueden observarse e de 20 a 23 mm de longitud (Clarke-Harris et togramma bipunctalis o y posteriormente se torna marrón. Mide de chas circulares centrales, cercanos al margen recorren el ala desde margen costal hasta el circular negra cercana al margen costal y dos e recorren el ala desde el margen costal hacia dos puntos negros conspicuos en el aspecto ra, 2002). pos de 10 huevos (Clarke-Harris et al., 1988). Las pegándolas y escondiéndose en su interior) y de an “nidos” en las panojas infestadas, constituidos de seda. En el interior de estas cámaras viven granos recién formados. Las panojas infestadas que van madurando, los granos de quinua caen educidas en tamaño y constituidas por brácteas pupan en los glomérulos de las inflorescencias nos casos se puede apreciar hasta un 80% de ez & Vergara, 2002).",https://openknowledge.fao.org/server/api/core/bitstreams/518339ec-6cb9-4a3c-970f-82ca6d32328d/content
GC-0037,danos,diagnostico,media-baja,100,repositorio.uleam.edu.ec,Documento PDF,"La hembra a lo largo de su vida ovípa promedio de 100 a 150 huevos cad 2008). Estos son de forma redonda, c son puestos en grupos de hasta 300 Está cubierto por una tela fina formad adulta (Jiménez 2016). El cogollero hace raspaduras sobr posteriormente aparecen como peque alcanza cierto desarrollo, empieza a co al desplegarse, las hojas muestran una la lámina o bien áreas alargadas comi los excrementos de la larva en forma a Las larvas tienen sus hábitos alimentic su dieta es el maíz y es afectado en hojas, tallos, grano, es decir todo el p completo, en el sorgo ocasionan diver afectan sus hojas cuando se están cariópsides desarrollándose (Chango 2 En la alfalfa defolia el producto y s comporta como una plaga esporádica otros cultivos importantes. Pero en e porque el gusano cogollero devora desarrollo y el tallo cuando está en producto dejando la mazorca totalmen desarrollar de forma normal haciendo inversión (Reyes 2015). pone de 1.044 ± 391,8 huevos, dando un una (Murúa y Virla 2004a; Murúa et al. r verde pálido, eclosionan entre 3-5 días, cualquier superficie de la hoja y tallos. on las escamas del cuerpo de la hembra las partes tiernas de las hojas, que áreas translúcidas; una vez que la larva er follaje perfectamente en el cogollo que lera regular de perforaciones a través de s. En esta fase es característico observar rrín (Negrete y Morales 2003). en diferentes cultivos pero el primero en os sus estados fenológicos. Afectan sus ducto evitando que no se desarrolle por s daños, cortan las plántulas en la base, rmando, dañan su tallo y consume la 2). puede comer el tallo, en el algodón se ectado la economía del productor, entre ultivo de maíz el daño es más grande sde la hojas cuando está en etapa de va o pupa es cuando se corroe todo el destruida lo que hace que no se pueda ue la cosecha se pierda y por ende la",https://repositorio.uleam.edu.ec/bitstream/123456789/1448/1/ULEAM-AGRO-0032.pdf
GC-0038,danos,diagnostico,alta,100,openknowledge.fao.org,Documento PDF,"Descripción morfológica Los adultos ápteros son de color variado; amarillo pálidos, verdes, verdes grisáceos, presentan el dorso del abdomen con un cornículos cilíndricos y ligeramente clavado miden de 1.3 a 2.5 mm de largo. Los adultos a negro y un parche negro central en el dor (Vilca, 2010). Además del color determinado pigmentación más intensa en condiciones fría Las ninfas son similares a los adultos ápteros, son rojizos, incluso en poblaciones donde lo Comportamiento y daños En el cultivo de quinua, según Sánchez y V persicae son similares a los ocasionados p directos (debilitamiento general por la suc fumagina) y daños indirectos (por la transm de infestación se incrementa marcadamente incremento de la temperatura acelera el de propicia la migración de los adultos alados. El ciclo de vida Duarte et al. (2011), realizaron el estudio de controladas de temperatura y humedad (24. El estudio permitió d ninfal 4.27 ± 0.7 días, pre-reproductivo 1 día adulto 16.35 ± 1.08 días, lo que resulta en un 56 encuentran morfotipos verdes blanquecinos, as, rojos e inclusive casi negros, pero todos a negra; tubérculos antenales bien gibosos, a la mitad distal, cauda alargada o triangular; dos tienen la cabeza y el tórax de color marrón del abdomen, miden de 1.2 a 2.2 mm de largo or su genética, cualquier genotipo tendrá una Blackman & Eastop, 2007). ro las ninfas de los individuos alados a menudo pteros son verdes (Blackman & Eastop, 2007). ara (2002), los daños ocasionados por Myzus Macrosiphum euphorbiae, que son los daños n de la sabia y desarrollo del hongo de la ón de enfermedades virósicas). La intensidad n lugares cálidos y humedad relativa media. El ollo de los áfidos, así como su alimentación y biología de Myzus persicae bajo condiciones 0.28 °C y 66.6 ± 9.2% de HR), alimentados con rminar la duración de los siguientes periodos: productivo 13.4 ± 0.96 días, y longevidad del o total de 20.6 ± 1.08 días.",https://openknowledge.fao.org/server/api/core/bitstreams/518339ec-6cb9-4a3c-970f-82ca6d32328d/content
GC-0039,danos,diagnostico,media-baja,100,repositorio.uleam.edu.ec,Documento PDF,"Ciclo biológico del cogollero Huevo o postura: Los huevecillos pre la sección transversal. La ecloración v poco antes de la eclosión, dependiend es de 0.39mm y ecuatorial de 0.47 corrientemente durante las primeras h envés de las hojas, estos son puesto segregaciones del aparato bucal y protección contra algunos enemigos n (Jiménez y Rodríguez 2014). Larva o gusano: Las larvas pasan po importancia para tomar las medidas estas miden hasta 2-3 milímetros y segundo mide de 4-10 milímetros y pueden alcanzar hasta 35 milímetros estadío se introducen en el cogollo, h cuando la hoja se abre o desenvuelve Después de alimentarse durante 2 mu caen al suelo, cavan en la tierra y se t emergen se alimentan de las secrecio días. Las moscas hembras copulan só huevos a intervalos de pocos días (IIC Pupa: Son de color caoba y miden 14 abdominal (cremaster) terminando e Invertida. Esta fase se desarrolla en e 8 a 10 días en que emerge el adulto o ntan forma oblonga esferoidal, circular en a de verde-café y café oscuro a negruzco del grado de madurez. Las hembras depositan los huevos s de la noche, tanto en el haz como en el en varios grupos o masas cubiertas por camas de su cuerpo que sirven como rales o factores ambientales adversos o 7 estadíos o mudas, siendo de mayor control los dos primeros; en el primero a cabeza es negra completamente, el cabeza es carmelita claro; las larvas n su último estadío. A partir del tercer endo perforaciones que son apreciados nríquez 2014). s (5 a 7 días), las larvas dejan la herida y sforman en pupa. Las larvas adultas que s de la herida y copulan luego de 3 a 5 una vez, pero depositan varias tandas de CFSPH 2007). 7 milímetros de longitud, con su extremo 2 espinas o ganchos en forma de U uelo y el insecto está en reposo hasta los riposa (IICA y CFSPH 2007).",https://repositorio.uleam.edu.ec/bitstream/123456789/1448/1/ULEAM-AGRO-0032.pdf
GC-0040,danos,diagnostico,media-baja,100,gob.mx,Documento PDF,"Los daños provocados por roedores puede además de distintos factores como la pre fenológicas del cultivo, la composición de climatológicas (Vásquez–López et al., 2013). A continuación, se mencionan ejemplos d importancia agroecológica, así como los cult de los cricétidos (Oryzomys couesi y Sigmodo cultivos de maíz (Zea mays), frijol (Phaseolus v de azúcar (Saccharum officinarum). En el caso pastos y granos. En algunos cultivos, los roe áreas carentes de cultivo que, a su vez, prov de charcos de agua que producen la muerte roen el tallo cerca de la base, por lo que mu vista, pues hay generación de macollas (Gon 1988; Hilje et al., 1991). Las especies de la familia Muridae son plaga caña de azúcar, además de daños causado almacenamiento y alimentos (Greaves, 1984 En cuanto a la especie Mus musculus, se sab encuentra en almacenes de alimentos y vivie son consideradas dañinas ya que pueden Greaves, 1984). La caracterización del daño almacenados con orina, heces y pelos depo como una pérdida (Monge, 2009). Vers variar de acuerdo con el espacio y tiempo, cia de diversas especies plaga, las etapas agroecosistema, así como las condiciones años provocados por algunas especies de s de preferencia ( ), como es el caso irsutus), quienes tienen una preferencia por aris), tomate (Lycopersicon esculentum) y caña e S. hirsutus, también se encuentran daños a es cortan las plantas y de esta manera, deja a deficiencias en el suelo como la presencia las plantas. Para el cultivo de caña de azúcar, as veces no puede ser observado a primera ez et al., 1978; González, 1980; Hilje y Monge, mportantes principalmente en los cultivos de a infraestructuras como casas, bodegas de ue es una plaga urbana y doméstica que se as, aunque también son comunes en campo, splazar a las especies nativas (Reid, 1997; stá ligada a la contaminación de alimentos ados en el producto, lo cual es considerado 1.0 53",https://www.gob.mx/cms/uploads/attachment/file/991555/MANUAL_ROEDORES.pdf
GC-0041,danos,diagnostico,alta,100,openknowledge.fao.org,Documento PDF,"La pupa es de color amarillo pálido al inicio y largo (Peña et al., 1989). El adulto es una mosca diminuta y de aspec color amarillo plomizo. La hembra mide 1.68 m Comportamiento y daños Los adultos son de actividad crepuscular y las hembras y luego de la cópula se sitúan e hembras vuelan hacia los brotes para oviponer Las larvas al emerger se alimentan de los bro las plantas, particularmente cuando ataca asimismo se rompe la dominancia apical y se o nuevamente por este insecto. Cuando está p donde busca una zona protegida del sol y con partículas del suelo y empupar (Goldsmith et a En el cultivo de quinua la hembra vuela hacia Al emerger, las larvas se alimentan raspando principio, deformación del brote y posteriormen por esta plaga es importante en las primeras hasta el comienzo del rameado (entre la segun adecuado puede ocasionar pérdidas conside panojas deformes y pequeñas (Nelly Soca, ob ©Nelly Soca Daño de Prodiplosis longifila en quinua 58 ego se torna negruzca; mide 0.85 a 1 mm de rágil. El tórax, el abdomen y las patas son de y el macho 1.4 mm (Nuñez, 2008). turna; los machos emergen poco antes que parte inferior de las plantas en tanto que las mbos se alimentan de los néctares de las flores. raspando la epidermis; este ataque deforma primeros estados de desarrollo vegetativo, nan ramas laterales que podrán ser infestadas ma a empupar, la larva se deja caer al suelo, medad para formar un cocón con las pequeñas 2013). brotes principales para realizar la oviposición. pidermis de las hojas tiernas, ocasionando en a pudrición ( - 92). El daño ocasionado pas del cultivo, a partir de 2 hojas verdaderas y la cuarta semana), de no realizarse un control es, debido a que las plantas dañadas forman ersonal, Lima, Perú, enero-marzo, 2014). ©Nelly Soca Daño de Prodiplosis longifila en quinua",https://openknowledge.fao.org/server/api/core/bitstreams/518339ec-6cb9-4a3c-970f-82ca6d32328d/content
GC-0042,danos,diagnostico,media-baja,100,repositorio.uteq.edu.ec,Documento PDF,"Daños ocasionados Consumen el follaje y posteriormente se d cogollo, mientras se alimentan. En ma produciendo danos parciales o frecuentem cogollo. El cogollero hace raspaduras sob larva alcanza cierto desarrollo, empieza a c 2011). El cultivo de maíz en Ecuado A nivel de la actividad productiva agríco capacitación, dotación de tierras, maquin precios y en algunos casos el cierre d beneficiando a nuestros agricultores y que producción de maíz en el país y el cual s cadena de la producción, comercialización En el Ecuador las mayores provincias en la con 19 % y 40 % de participación nacional Cabe indicar que las otras provincias de la que no llegan hacer en promedios de 10 ha producción constante año tras año y con lo cultivo está en progresivo incremento (Lui 2.1.7. Híbrido de maíz INIAP H-6 Según (INIAP, 2004), el híbrido de maí potencial productivo, se desarrolló con la unidad de superficie. Es un híbrido conven de las líneas S4 LP3 como progenitor fem Internacional de Mejoramiento de Maíz y en al cogollo. Permanecen ocultas dentro del maduro pueden trozar tallos y mazorcas e letales. El mayor daño es la destrucción del as partes tiernas de las hojas, una vez que la er follaje perfectamente en el cogollo (Tarillo, pecuaria el estado ha invertido en semillas, a, prestamos, asesoramientos y controles en mportaciones de productos como el maíz tualmente lo cual ha llevado al incremento la moviliza internamente favoreciendo a toda la gro industrialización de esta gramínea. ducción de maíz duro, son Guayas y Los Ríos roximadamente. osta también producen maíz, pero en cantidad or agricultor, pero se da a entender que es una uevos cambios y aportes al desarrollo de este 014). NIAP “H-601”, de grano amarillo y de alto nalidad de incrementar los rendimientos por onal simple generado mediante el cruzamiento ino y la línea S6 LI4 introducida del Centro go (CIMMYT)",https://repositorio.uteq.edu.ec/server/api/core/bitstreams/fe2779c0-766c-4ed1-9b5f-9333c395bd8b/content
GC-0043,danos,diagnostico,alta,100,openknowledge.fao.org,Documento PDF,"Comportamiento y daños Los adultos son de actividad nocturna. Las h por escamas de color gris. Las larvas al eme raspándolas y consumiendo el parénquima. C toda la planta y hacia otras partes del camp hospedera (Sánchez & Vergara, 1996, 2003). Se ha apreciado que esta especie, al igual qu primera etapa de desarrollo del cultivo pueden tiernas; en plantas desarrolladas, comen las ho la etapa de floración y panojamiento, las larvas flores y granos en desarrollo (Luis Cruces, obs. Ciclo de vida Carrera (2013), realizó el estudio de la biología turiones de espárrago y adultos con solución de laboratorio (25 ± 1 °C y 70% HR). Se dete condiciones es de 4.5 días, el periodo larval 26 hembras 10.2 días, en promedio. 2.2.4 Chrysodeixis includens ©Yony Callohuari Adulto de Nombres comunes Falso gusano medidor (Combe & Pérez, 1978). Distribución Esta especie está restringida al Hemisferio O América y Australia. El origen de esta espec Estados Unidos, C. includens es conocida com hacia los estados del norte. Florida, América C reservorios de poblaciones para sobrevivir en bras colocan sus huevos en masa, cubiertos er son gregarias y se alimentan de las hojas, ndo están más desarrolladas se dispersan por devorando vorazmente el follaje de su planta tras dentro del género Spodoptera, durante la mportarse como gusanos cortadores de plantas y pueden ocasionar una fuerte defoliación; en ueden subir a la panoja para alimentarse de las sonal, Lima, Perú, mayo 2015). Spodoptera ochrea con larvas alimentadas con ulce (Gatorade), bajo condiciones controladas inó que el periodo de incubación bajo estas días, el periodo pupal en machos 10.8 días y en iguras 16-18) rysodeixis includens e, desde los Estados Unidos hasta el Sur de no está claro, pero en muchas partes de los una especie que realiza emigraciones anuales tral, América del Sur y las islas del Caribe, son nvierno (Palma et al., 2015)",https://openknowledge.fao.org/server/api/core/bitstreams/518339ec-6cb9-4a3c-970f-82ca6d32328d/content
GC-0044,danos,diagnostico,media-baja,100,gob.mx,Documento PDF,"DIRECCIÓN GENERA DIRECCIÓN DEL CENTRO NACION Pupa de Spodoptera exigua, con dos pares de espinas. vd Straten © NPPO, the Netherlands. Adulto Las palomillas tienen extensión alar de 25 a 30 mm. Alas anteriores de color café grisáceo con un patrón de bandas irregulares transversales en forma de zigzag, con una mancha clara semicircular al centro del ala y cerca del margen costal. Las alas posteriores de color gris o blanco uniforme, con una línea oscura en el margen ( ) [Bautista, 2006; Capinera, 2014]. Adulto de Spodoptera exigua. Créditos: Bautista-Martínez, N. DAÑOS Las larvas de todos los instares causan daños, se alimentan del follaje, inflorescencias ( ) y frutos. Las larvas jóvenes se alimentan de forma gregaria y dejan únicamente las nervaduras de las hojas; las larvas más desarrolladas hacen perforaciones irregulares E SANIDAD VEGETAL DE REFERENCIA FITOSANITARIA en las hojas, regularmente se alimentan en el envés de las hojas, dejando atrás pequeñas telas de seda (Capinera, 2017). Cuando se alimentan de frutos, las larvas hacen agujeros circulares o irregulares, superficiales poco profundos (Natwick et al., 2012). a y b) larvas de Spodoptra exigua en inflorescencia y b) aristas de trigo alimentándose (Roberts, 2017). En algodón, las larvas de gusano soldado pueden atacar cualquier etapa del cultivo, pueden alimentarse del follaje durante el desarrollo del cultivo, y de cuadros y bellotas en la fructificación ( A y 9B). Los cuadros dañados se desprenden de la planta y las bellotas quedan susceptibles al ataque de patógenos. Los primeros instares se alimentan en grupo de hojas y brácteas. Los últimos instares se alimentan de hojas, cuadros, flores y bellotas, afectando el rendimiento. El mayor daño al follaje ocurre cuando las plantas son pequeñas. En desarrollo vegetativo, las plantas pueden soportar 50% de defoliación sin afectar el rendimiento, sin embargo, una defoliación del 20 al 25% durante la fructificación ocasiona pérdidas considerables (Garza y Terán, 2007)",https://www.gob.mx/cms/uploads/attachment/file/633036/Gusano_soldado__spodoptera_exigua.pdf
GC-0045,danos,diagnostico,media-baja,100,gob.mx,Documento PDF,"DIRECCIÓN GENERA DIRECCIÓN DEL CENTRO NACION Pupa. Las larvas pupan en el suelo, a una profundidad de 2-5 cm ( ). El tamaño de la pupa es de 13-17 mm de longitud y de 5-6 mm de ancho. El color en un inicio va de café amarillento, a color café caoba ( ). En la punta del abdomen tiene un par de ganchos. La duración de esta etapa es de siete a 14 días en el verano, pero puede alcanzar hasta 40 días (Capinera, 2018) Pupa de Mythimna unipuncta Foto: Capinera (2018). El apareamiento comienza de uno a tres días después de que los adultos emergen del suelo, generalmente, de cuatro a siete horas después de la puesta del sol. Los huevos normalmente son depositados en un período de cuatro a cinco días (rango: uno a 10 días), después del apareamiento. La capacidad reproductiva varía, pero la producción media puede oscilar de 500 a 1500 por hembra a lo largo de su vida. La longevidad media a temperaturas cálidas es de aproximadamente nueve días en los machos y 10 días en las hembras (rango: tres a tres a 25 días), mientras que a temperaturas frías la longevidad media E SANIDAD VEGETAL DE REFERENCIA FITOSANITARIA de los machos es de 19 días y el de las hembras de 17 días (Capinera, 2018). Presenta una mancha blanca en el centro de cada ala anterior ( ) [Agrológica, 2011]. Adulto de Mythimna unipuncta con las alas desplegadas. Foto: Capinera (2018). DAÑOS Mythimna unipuncta es una plaga voraz que consume la totalidad de las plantas hospedantes, en especial las gramíneas; en el caso de maíz deja mordeduras circulares de gran extensión que llega a eliminar toda la superficie de la hoja excepto la nervadura central, como rastro deja una gran cantidad de excrementos en las axilas de las hojas ( ) [Gobierno de Aragón, 2001]",https://www.gob.mx/cms/uploads/attachment/file/633035/Gusano_soldado__Mythimna_unipuncta.pdf
GC-0046,danos,diagnostico,media-baja,100,gob.mx,Documento PDF,"DIRECCIÓN GENERA DIRECCIÓN DEL CENTRO NACION IDENTIDAD DE LA PLAGA Nombre científico  Spodoptera exigua (Hübner, 1808) Sinonimia  Caradrina exigua (Hübner)  Laphygma exigua (Hübner)  Laphygma flavimaculata (Harvey)  Noctua exigua (Hübner)  Spodoptera flavimaculata (Harvey)  Susunai exigua (Hübner) (EPPO, 2020) Clasificación taxonómica Reino: Animalia Phylum: Arthropoda Subphylum: Hexapoda Clase: Insecta Orden: Lepidoptera Familia: Noctuidae Género: Spodoptera Especie: Spodoptera exigua (EPPO, 2020) Nombre común  Español: Gusano soldado, Gusano verde cogollero, Gardama de la remolacha  Inglés: Asparagus fern caterpillar, Lesser cottonworm  Francés: Noctuelle de la betterave  Italiano: Nottua della barbabietola (EPPO, 2020). E SANIDAD VEGETAL DE REFERENCIA FITOSANITARIA ESTATUS FITOSANITARIO EN MÉXICO El gusano soldado (Spodoptera exigua) es una plaga polífaga, motivo por el cual se encuentra ampliamente distribuida en el país. Se encuentra presente en los estados de Aguascalientes, Guanajuato, Guerrero, Hidalgo, Jalisco, México, Michoacán, Morelos, Puebla, Querétaro, Sinaloa, Tlaxcala, Veracruz y Zacatecas (SAGARPA-SENASICA, 2009). También en Baja California (Brewer et al., 1990), Chihuahua, Sonora (Aguilar et al., 2013), Coahuila (Vargas et al., 2004) Durango y Tamaulipas (Garza y Terán, 2001), entidades que se caracterizan por la siembra de algodón transgénico. IMPORTANCIA ECONÓMICA DE LA PLAGA El género Spodoptera incluye 25 especies y solo algunas son de importancia económica por el daño que ocasionan a los cultivos, entre ellas Spodoptera exigua (Ellis, 2005). Spodoptera exigua es de origen asiático; en EE.UU causó daños en pimiento, tomate, repollo, soya, algodón y maíz. En 1998, las perdidas en algodón fueron de aproximadamente $19.2 millones (Williams, 1999); en Georgia los cultivos de algodón y soya también fueron infestados por la plaga. En México hasta 1992, el gusano soldado fue considerado como plaga secundaria en el cultivo de algodón, a partir de ese año y 1993 se convirtió en plaga primaria de este cultivo en el norte del país (Obando y Blanco, 1997). (1997) reportaron afectación de más de 1",https://www.gob.mx/cms/uploads/attachment/file/633036/Gusano_soldado__spodoptera_exigua.pdf
GC-0047,danos,diagnostico,alta,100,dj.senasica.gob.mx,Documento PDF,"DIRECCIÓN DE SISTEMATIZ Sudáfrica: Investigan Xanthomonas Recie SAGr enfer Xant comú (BLS) una e maíz Síntomas observados enn Dundee. C o m Créditos: Peter Bruwer, 2022. repor y generalmente se puede encontrar e de maíz, como la Provincia del Noroe del suroeste de Gauteng. Asimismo, convirtiendo en un problema grave en Con respecto a Dundee, se señala que se observaron síntomas típicos en pl previamente se había encontrado só riego, por lo que se piensa que podría Se añade que investigadores de las Highveld y Northern KwaZulu-Natal) y colectando muestras para confirmar s con el fin de delimitar las áreas afectad de la zona, en el que los aislamientos posible, junto con información de ap temperatura, etc. Finalmente, se comenta que se rea resistencia a la enfermedad en vario fitopatógeno se transmite por semilla Referencia: SAGraanGrain (8 de febrero de 2022). B IÓN Y ANÁLISIS SANITARIO sicola pv. emente, a través del portal nGrain, se comunicó que la edad ocasionada por la bacteria monas vasicola pv. zeae, conocida mente como bacterial leaf streak osiblemente sea el agente causal de ermedad observada en el cultivo de n Dundee, Sudáfrica. ntecedentes, se menciona que BLS se por primera vez en Sudáfrica en 1949 as áreas cálidas y secas de producción , el Estado Libre del Norte y las áreas resalta que la enfermedad se está área de Amersfoort/Wakkerstroom. principios de la temporada 2021/2022, tulas de maíz, en un área en la que en plantas jóvenes cultivadas bajo smitirse por semillas. mpañías Langfontein Seeds (Eastern RC-Grain Crops (Potchefstroom) están agente causal es X. zeae, Y que realizarán un estudio completo recopilarán con la mayor frecuencia o como nivel de daño, precipitación, arán más estudios para detectar la genotipos de maíz y determinar si el on seedlings – cause for concern. Recuperado de: for-concern/ 6",https://dj.senasica.gob.mx/Contenido/files/2022/febrero/MonitorFitosanitario11022022_96d7ccf7-c690-4add-8f8d-f5c94c8f5d0e.pdf
GC-0048,danos,diagnostico,media-baja,100,repository.cimmyt.org,Documento PDF,"Gusanos cortado Agrotis ipsi/on, Agrotis s Chorizagrotis auxi/iaris y Daños: Los gusanos cort especies) cortan las plán suelo o poco más abajo, en las primeras hojas o c los márgenes foliares (13 de hábito cortador tambié hojas y de la base de las desarrolladas, estos gusa tallos justo debajo de la dejan cavidades que prov muerte de la planta. Los alimentan casi siempre d durante el día, pero en g esconden en el suelo. Descripción y ciclo biológ alrededor de las plántulas es común encontrar dos cortadores jóvenes de 0. solo gusano grande (4 a aceitoso, de color grisáce Cuando se les perturba, no se mueven durante un Después de mudar seis v pupas de color café dent larvas preparan a unos p de la superficie del suelo activos, miden de 2 a 3 opaco, gris o negro con delanteras que varfan de Las hembras depositan s las plantas o en la super producen de una a tres o un año, según la especie Distribución geográfica: mundial. s Peridroma saucia, has otras especies es (y algunas otras de maíz al nivel del en pequeños agujeros umen secciones de os gusanos soldados e alimentan de las ntulas. En plantas más se alimentan de los rficie del suelo y n la marchitez y anos cortadores se che; a veces lo hacen al a esas horas se Al remover el suelo rtadas o lesionadas, es pequeños gusanos 1.0 cm de largo o un m de largo) y cafesoso o negro. arvas se encorvan y ríodo breve (14). s se convierten en e celdillas que las s centímetros debajo s adultos, voladores y son de color café chas en las alas erdo con la especie. uevos en los tallos de del suelo húmedo. Se atro generaciones en latitud",https://repository.cimmyt.org/server/api/core/bitstreams/613fe3ea-f325-4718-aa45-e2d9041296ef/content
GC-0049,danos,diagnostico,alta,100,colposdigital.colpos.mx:8080,Documento PDF,"cuales son designadas como VE, emergencia y panojamiento (VT). El número de hojas varía segunda etapa es la de reproducción y present R1 hasta R6. El tiempo entre V1 y R6 var ambientales (Ritchie et al, 1986). 1.3 Plagas del maíz En México el cultivo de maíz es afec 2012), mismos que se presentan, pero no de fo desarrollo del cultivo. Algunas de estas p defoliadoras (plagas del follaje) y, otras se alim Dentro de las plagas del suelo destacan sp., Anomala sp.; Diabrotica sp.; Melanotus sp del maíz Colaspis spp. El principal daño lo alimentan de la raíz, provocando la muerte de al daño, entonces presentan escaso desarrollo e y deformación de la plántula (CESAVEG, 2012 Dentro de las plagas del follaje des cogollero, Spodoptera frugiperda; los gusa unipuncta; el gusano trozador, Agrotis spp.; e Geraeus senilis y la araña roja, Olygonychus m Como parte de las plagas de la mazorca el frailecillo, Macrodactylus mexicanus; y el ch 1 hasta V(n), siendo (n) la última hoja antes del acuerdo al cultivar y el efecto ambiental. La subdivisiones, mismas que se designan como en función del cultivar y de las condiciones o por más de 14 insectos plaga (CESAVEG, a simultánea, a lo largo de todas las etapas de as son rizófagas (plagas del suelo), otras an del elote (plagas de la mazorca). gallina ciega, Phyllophaga sp., Cyclocephala l gusano de alambre, Agriotes sp. y; la catarina sionan los estados inmaduros (larvas) que se millas y plántulas y, si éstas llegan a sobrevivir u sistema radicular, lento desarrollo vegetativo a el trip, Frankliniella williamsi; el gusano s soldado, Spodoptera exigua y Mythimna usano barrenador, Diatraea spp.; el coleóptero canus y Tetranichus spp. encuentra el gusano elotero, Helicoverpa zea; ulín, Melanoplus spp",http://colposdigital.colpos.mx:8080/jspui/bitstream/handle/10521/2661/Rivero_Borja_M_MC_Entomologia_Acarologia_2015.pdf?sequence=1
GC-0050,danos,diagnostico,media-baja,100,repository.cimmyt.org,Documento PDF,"Gusanos de ala Numerosas especies de (Melanotus, Agriotes y más importantes) y Ten Daños: Las áreas sin pl marchitas y con macoll plantas más desarrollad daños provocados por aunque estos síntomas otros insectos que vive poblaciones de gusanos desarrollarse en potrero cerealícolas, lesionando cortando raíces y talad grandes de las plantas infestaciónes intensas y provocan el acame de Descripción y ciclo biol minuciosa en el suelo a plántulas dañadas reve cilíndricos y segmentad mm de largo), suaves y están completamente d y son brillantes, lisos, d movimientos lentos y c Después de la eclosión buscar semillas y raíces varios meses o años, la pupas suaves y blancas tierra de las que un día adultos. Los adultos so se les pone boca arriba haciendo un ruido audi Estos escarabajos vuela duro, alargado y algo p negro y miden de 0.5 a hembras escarban el su huevos. Distribución geográfica se presentan en casi to de maíz en el mundo. 6 bre familias Elateridae opius son los géneros onidae (Eleodes spp.). las, las plántulas y el acame de las on las señales de los gusanos de alambre, bién se asocian con el suelo. Grandes alambre pueden en cultivos forrajeros y base de los tallos, o las raíces más ores (2). Las cen el sistema radicular plantas. o: Una búsqueda edor de las semillas o gusanos delgados, que son pequeños (10 ncos al nacer; cuando rrollados miden 40 mm, s, pero flexibles, de amarillo o café (3). larvas comienzan a ra alimentarse. En rvas se convierten en ntro de celdillas de ergen en forma de scarabajos que, cuando voltean boca abajo como un chasquido. ienen un caparazón , son de color café a cm. Los escarabajos para depositar sus s gusanos de alambre las zonas productoras",https://repository.cimmyt.org/server/api/core/bitstreams/613fe3ea-f325-4718-aa45-e2d9041296ef/content
GC-0051,danos,diagnostico,alta,100,openknowledge.fao.org,Documento PDF,"En el Perú puede encontrárse 1300 m s.n.m. en los Andes del este. Su prese Andes del Perú y parte de su costa, hasta Co boliviano, Mendoza y Córdoba en Argentina, y en Chile. Daños causados por del cultivo de la quinu Las pérdidas causadas por aves plagas en el c de la producción. En condiciones de costa el d Zambrano et al. (2001), determinaron que bajo ser hasta de 60%. Los daños ocasionados por aves plagas genera de la planta (grano lechoso, grano pastoso y m granos en la misma panoja, ocasionan al mism por desgrane o ruptura de los pedicelos de plantas por el peso de las aves, exponiendo l roedores y microorganismos patógenos pres estos daños, también se han podido observar en esta fase arrancan los cotiledones de tal m ©Pedro Delgado Daños de a ©Pedro Delgado Zenaida auriculata en panoja de quinua 114 desde casi el nivel del mar en el oeste y hasta a abarca desde Chimborazo en el Ecuador, los abamba y Santa Cruz en el altiplano peruano- ofagasta, Salar de Atacama, Santiago y Bio Bio s principales aves plagas. vo de quinua en el Perú son del orden del 30% o promedio es de 12% y en el altiplano de 32%. ndiciones de sierra central las pérdidas pueden ente se dan en los últimos períodos vegetativos urez fisiológica del grano). Al alimentarse de los empo la caída de un gran número de semillas glomérulos; también causan el tumbado de granos a otros agentes dañinos como son los es en el suelo ( - 162). Además de e atacan plántulas recién germinadas, ya que era que pueden obligar a resiembras. en panojas de quinua ©Pedro Delgado igura 162. Campo de quinua infestado por aves",https://openknowledge.fao.org/server/api/core/bitstreams/518339ec-6cb9-4a3c-970f-82ca6d32328d/content
GC-0052,danos,diagnostico,media-baja,100,repository.cimmyt.org,Documento PDF,"Barrenador rosa Sesamia calamistis Daños: Las larvas recié agrupadas detrás de la roer el tallo y la parte i Más adelante, algunas cercanas y otras penetr polvillo del interior del m el tallo se quiebra. Al ig barrenadores, éstos se (cogollo). espigas (pano larvas invaden el vertic presentarán hileras de a Además, debido a la m daños en la base de la del verticilo se despren de lo que se conoce co Descripción V ciclo biol totalmente desarrollada color rosado suelen for tallo o dentro de un ca vieja. La forma adulta t café claro con rayas os plateadas. Esta palomil barrenador africano del huevecillos blancos y c entre los tallos y la sup foliares inferiores de pl cuatro semanas (65). E palomillas desovan en l mazorca en desarrollo. de la eclosión, Il)s huev luego cafés. Distribución geográfica plaga importante en las cálidas. Se encuentran Asia, el sur de Europa o africano cidas permanecen a foliar y comienzan a na de la vaina (64). as pasan a las vainas el tallo, expulsando un mo. Si el daño es grave, que otras especies de entan del verticilo y mazorcas. Si las as hojas al desplegarse eros alargados. itez provocada por los ta, las hojas centrales con facilidad, srntoma cogollo muerto. o: Las larvas e 3 a 4 cm de largo) de pupas en la base del en una vaina foliar alas delanteras color s y alas traseras l igual que la del o de marz, deposita sus esféricos en hileras cie interna de las vainas as que tienen de dos a s plantas adultas, las ainas foliares junto a la cercarse el momento se tornan rosados y e barrenador es una stas africanas más ecies muy afines en Medio Oriente",https://repository.cimmyt.org/server/api/core/bitstreams/613fe3ea-f325-4718-aa45-e2d9041296ef/content
GC-0053,danos,diagnostico,media-baja,100,gob.mx,Documento PDF,"DIRECCIÓN GENERA DIRECCIÓN DEL CENTRO NACION Distribución mundial de Diatraea grand IMPORTANCIA ECONÓMICA En maíz destinado para ensilaje, las pérdidas económicas ocurren cuando el daño ocasionado por la alimentación de D. grandiosella reduce el vigor de la planta, hasta el punto que el crecimiento vegetativo se retrasa significativamente; mientras que las pérdidas en el maíz dulce ocurren cuando se retrasa la producción de mazorcas (Chippendale y Sorenson, 2020). Las plantas de sorgo infestadas con D. grandiosella muestran un crecimiento retardado y una producción de grano reducida, se han informado pérdidas de rendimiento de hasta el 50% (Gerhardt et al., 1972). HOSPEDANTES Esta especie ataca solamente gramíneas, siendo maíz (Zea mays L.) el hospedante principal. El sorgo y sus híbridos, la caña de azúcar (Saccharum spp.) y el mijo perla (Pennisetum glaucum) son otros cultivos que E SANIDAD VEGETAL DE REFERENCIA FITOSANITARIA ella. Créditos: CAB International, 2020. también se ven afectados. El zacate Johnson (Sorghum halepense) puede fungir como hospedante alterno, pero el tiempo de desarrollo es mucho más largo y la fecundidad de D. grandiosella se reduce considerablemente en esta planta (Aslam y Whitworth, 1988). BIOLOGÍA Y HÁBITOS Los huevos son depositados de forma superpuesta (asemejándose a las escamas de un pez) y.se encuentran principalmente en el haz del follaje, aunque también se pueden localizar en el envés y ocasionalmente en el tallo del maíz (Poston et al., 1979; Capinera, 2001). En maíz en etapa de desarrollo vegetativo, las larvas que emergen se mueven hacia el verticilo y se alimentan de las hojas. Los daños por alimentación incluyen lesiones alargadas en “forma de ventana” en las hojas emergentes. En la etapa de floración del maíz, las larvas jóvenes generalmente se alimentan 2",https://www.gob.mx/cms/uploads/attachment/file/633029/Barrenador_del_tallo_del_ma_z.pdf
GC-0054,danos,diagnostico,alta,100,repositorio.chapingo.edu.mx,Documento PDF,"Orden: Lepidóptera Familia: Noctuid Tribu: Pro Gé 2.2.2. Biología y daños 2.2.2.1. frugiperda es holometábolo, por lo que pupa y adulto). La duración de su ciclo biol invierno aproximadamente (CIMMYT, 200 cada una contiene alrededor de sesenta aproximadamente 2,200 huevos durante su son esféricos y aplanados en el segmento color amarillo-blanquecino, posteriorment hendiduras en el exterior. El período de in la temperatura (Ortega, 1987). Manifiestan seis instares larvarios, Al eclo canibalísticos y se sitúan en el cogollo de maduras se identifican debido a que en la p de “Y” invertida de color blanco y unas man La pupa que es de color café se puede e aproximadamente, con 6 pares de estipula lados de cada segmento presenta 2 espin 2017). frugiperda presenta dimorfismo sexual, mm y una longitud corporal de 20 a 30 m grisáceo con manchas y líneas delimitada niu ro: Spodoptera Especie: Spodoptera frugiperda u metamorfosis es completa (huevo, larva co es de 30 días en primavera y 90 días en Los huevecillos son situados en masas y doscientos huevos. Una hembra oviposita da adulta. Morfológicamente los huevecillos sal, con 0.8 mm de diámetro, inicialmente oman una coloración rojiza, con ligeras bación dura de 2 a 4 días, dependiendo de nar las larvas presentan hábitos gregarios, planta. (Santana et al., 2017). Las larvas e frontal de la cabeza presentan una forma as negras en la parte lateral (INIFAP, 2012). ontrar en el suelo o suelta y mide 18 mm elativamente grandes, colocadas en ambos (Negrete y Morales 2003; Santana et al., macho tiene una expansión alar de 32 a 35 aproximadamente; alas anteriores de color contrastadas, resaltando en el centro una 17",https://repositorio.chapingo.edu.mx/server/api/core/bitstreams/ff63bcad-5d61-4d60-99e9-1fca14a431e0/content
GC-0055,danos,diagnostico,media-baja,100,repositorio.uleam.edu.ec,Documento PDF,"por lo tanto, si no se controla op dosificaciones respectivas, esta pod productor. JUSTIFICACIÓN El maíz es uno de los granos alime por el uso múltiple que se le da, se entre los cereales que existen. Este muchas partes del mundo, es un ru su aporte al PIB agropecuario nacion El maíz uno de los cultivos de mayo nuestro país; en el 2018 la produ 1.324.147 Tm lo cual es menor a lo sembrada en todo el territorio del 2 Manabí en el 2018 la producción de su rendimiento ya que en el 2017 se Spodoptera frugiperda es una plaga que se severos daños a la planta y al cultiv todo el cultivo los daños constante producción y daños económicos bas Con la información generada por actualización de información y gen que puedan ayudar a enfrentar la inc cual va a beneficiar al pequeño agric unamente en el momento y con las causar severas pérdidas económicas al cios más trascendental a nivel mundial, convertido en el cultivo más importante oducto es exportado e importado hacia importante en la economía nacional y (FENALCE 2010). mportancia económica y productiva para ión de maíz a nivel nacional fue de ue se registra en el 2017, la superficie fue de 383.399 ha, en la provincia de aíz fue de 271.000 Tm siendo muy bajo gistra 315.000 Tm (ESPAC 2019). menta del maíz entre otros, causándole al no detectar a tiempo la infestación en rían acarrear a un rendimiento bajo en te fuerte al productor( Lezaun s,f). presente trabajo se contribuirá a la ción de nuevas alternativas de control ncia del gusano cogollero en el maíz, lo or de nuestra provincia.",https://repositorio.uleam.edu.ec/bitstream/123456789/3363/3/ULEAM-AGRO-0117.pdf
GC-0056,danos,diagnostico,alta,100,openknowledge.fao.org,Documento PDF,"La larva varía de color verde a amarille Presenta dorsalmente varias ban longitudinales color marrón rojizo. La cab y el pronoto son marrón oscuros. Las lar emergidas miden un poco más de 1 mm largo y en su máximo desarrollo pueden lle hasta 12 mm (Quispe et al., 2014). La pupa mide de 0.9 a 1.1 mm de largo, de co marrón oscuro y aspecto brillante (Quispe et 2014). El adulto presenta la cabeza color marrón algo más oscuros con escamas laterales d segmento con el ápice oscuro. Tórax marrón marrón pálido con dos manchas oscuras u oscura cerca al ápice; alas posteriores de co gris con escamas negruzcas externas (Povo Comportamiento y daños: El comportamiento y los daños en el cul de quinua son similares a los ocasionad por E. El adulto emerge pupas ubicadas en el suelo, aunque tamb pueden encontrarse en la panoja en formac Poco después, los adultos se aparean y hembras oviponen principalmente en la pa inferior de las hojas o en la inflorescencia. larvas al emerger inmediatamente comien a alimentarse de las hojas; posteriorme consumen los granos en formación (Quispe al., 2014). El ciclo de vida: Según PROINPA (2014), el ciclo de vida d condiciones controladas (20 ± 3 °C, 60 ± 5% H ©PROINPA Larva de Eurysacca quinoae en panoja de quinua ido; frente algo más pálida; palpos labiales olor gris en el segundo segmento y tercer álido; alas anteriores con un fondo uniforme adas en el centro, y una mancha alargada gris a gris negruzco, lustrosas; patas de color 1997). ©Luis Cruces Daño de Eurysacca quinoae en plántulas de quinua. quinoae puede alcanzar los 73 días bajo y 12 horas luz de fotoperiodo)",https://openknowledge.fao.org/server/api/core/bitstreams/518339ec-6cb9-4a3c-970f-82ca6d32328d/content
GC-0057,danos,diagnostico,alta,100,openknowledge.fao.org,Documento PDF,"La pupa inicialmente es de color verde am emergencia del adulto. Mide aproximadam Comportamiento y daños Los adultos son de actividad nocturna. Las larvas se alimentan principalm y dejando solo la nervadura principal. Al com seda en el envés de las hojas para empupar (S En el cultivo de quinua se ha observado que follaje. Sin embargo, al igual que las especies de encontrar larvas de Chrysodeixis includens en flores y granos en proceso de formación (Luis C Ciclo biológico Barrionuevo et al. (2012), estudiaron el ciclo alimentadas con dieta artificial y criadas bajo co y fotoperiodo (27 ± 2 °C, 70 a 75% HR, 14:10 h incubación fue de 3.73 ± 0.02 días, el periodo l y la longevidad del adulto 7.47 ± 0.09. Comb controladas de temperatura y humedad relat oviposición de la hembra es de 544 huevos. ©Luis Cruces Fig Larva de Chrysodeixis in illento y se torna marrón poco antes de la nte 18 mm (Sánchez & Vergara, 2003). ras oviponen aisladamente sobre la superficie te del follaje, realizando comeduras irregulares tar su desarrollo larval, forman un capullo de chez & Vergara, 2003; Baldín et al., 2014). ne el mismo comportamiento de comedor de odoptera previamente mencionadas, es posible panojas de quinua donde se alimenta de las ces, obs. personal, Lima, Perú, diciembre 2014). e vida de Chrysodeixis includens, con larvas iciones controladas de temperatura, humedad : oscuridad). Se determinó que el periodo de al 23.3 ± 0.11 días, el periodo pupal 8.59 ± 0.06 Pérez (1978), determinaron bajo condiciones (23 ± 2 °C y 75 ± 5% HR), que la capacidad de 18. ens en panoja de quinua 15",https://openknowledge.fao.org/server/api/core/bitstreams/518339ec-6cb9-4a3c-970f-82ca6d32328d/content
GC-0058,danos,diagnostico,media-baja,100,repository.cimmyt.org,Documento PDF,"Termitas Microtermes spp., Ma Allodontermes spp. y Daños: Las termitas e defoliación parcial o t pero destruyen princip o en vías de madurar. tres meses, las termit sistema radicular princ los tallos; a la larga ll cubren con galerías o delgadas capas de tie las plantas, la magnit forma acelerada y hay acame, debido directa provocada por las term que han sido graveme acamarse y luego ser por estos insectos. C cultivado un campo, m rendimiento ocasionad Descripción y ciclo bi cuerpo blando, a men blancas"", pueden tom sexuadas (es decir, la poseen cuatro alas qu abdomen y se despre acoplamiento. Una ve establecida en el nido produce miles de hue las ninfas. Estas se c protegen la colonia u alimentar a los miemb formas son estériles. Distribución geográfic encuentran en Africa en las llanuras y las z 52 ermes spp., ontotermes spp. casiones causan la de las plántulas de maíz, ente las plantas adultas ando las plantas tienen omienzan a atacar el , las raíces adventicias y los tallos de tierra y los eles elaborados de 44). Conforme maduran e los daños aumenta en ayor probabilidad de nte a la destrucción s o al viento. Las plantas dañadas pueden mpletamente consumidas o más tiempo haya sido ores las pérdidas de por este insecto. ico: Estos insectos de denominados ""hormigas varias formas. Las formas ina"" y su cohorte) e extienden más allá del n después del e la reina está abdomen crece y los de los que emergen erten en soldados que eras cuya función es de la misma. Ambas as termitas se ur del Sahara, sobre todo s semiáridas, y en India.",https://repository.cimmyt.org/server/api/core/bitstreams/613fe3ea-f325-4718-aa45-e2d9041296ef/content
GC-0059,danos,diagnostico,media-baja,100,repository.cimmyt.org,Documento PDF,"Chicharritas de achaparramient Dalbulus maidis y Dalb Daños: Varias especies alimentan de la planta (perforan y succionan). económicamente signif Más grave es el daño i como vectores del esp achaparramiento del m micoplasma del achapa Mesa Central) y el viru Las plantas de maíz re por el achaparramiento infectan en la etapa de semanas después, las manchas pequeñas y a hojas, que se fusionan de las hojas subsiguien (cogollo) puede volvers planta padeciera deficie menor. Conforme enve antiguas se tornan mor achaparramiento (20). espigas, éstas serán pe es que las hay, tendrán síntoma común en esta macollos o brotes axila Cuando las plantas son verticilo medio, los sín amarillamiento de las h acortamiento gradual d floración, las plantas e estériles, con espigas deformes. Otros síntom proliferación de macoll morado rojizo y mazorc 22 del maíz spp. chicharritas se maíz en desarrollo o no causan daños vos de esta manera. ecto que provocan asma del raza Río Grande). miento del maíz (raza l rayado fino del maíz. n gravemente afectadas ndo las chicharritas las ntulas. Cuatro o seis tas sensibles desarrollan llas en la base de las largo de la nervadura Además, el verticilo marillento, como si la a de un elemento la planta, las hojas rojizo y se manifiesta el planta produce ñas y las mazorcas, si uy pocos granos. Otro apa es la proliferación de (21). ectadas en la etapa de as iniciales son el del verticilo y el s entrenudos. Para la án achaparradas y quizá eñas y, a veces, usuales son la brotes axilares, hojas de desarrollo deficiente",https://repository.cimmyt.org/server/api/core/bitstreams/613fe3ea-f325-4718-aa45-e2d9041296ef/content
GC-0060,danos,diagnostico,media-baja,100,gob.mx,Documento PDF,"DIRECCIÓN GENERA DIRECCIÓN DEL CENTRO NACION IDENTIDAD DE LA PLAGA Nombre científico Diatraea grandiosella Dyar (EPPO, 2020) Sinonimia Zeadiatraea grandiosella (Dyar) (EPPO, 2020) Clasificación taxonómica Reino: Animalia Phylum: Arthropoda Subphylum: Hexapoda Clase: Insecta Orden: Lepidoptera Familia: Crambidae Género: Diatraea Especie: D. grandiosella (EPPO, 2020) Nombres comunes  Español: barrenador del tallo del maíz, barrenador del maíz, barrenador sud- occidental del maíz.  Inglés: southwestern maíz borer. (EPPO, 2020; CAB International, 2020) ESTATUS FITOSANITARIO De acuerdo con la Norma Internacional para Medidas Fitosanitarias (NIMF) E SANIDAD VEGETAL DE REFERENCIA FITOSANITARIA “Determinación de la situación de una plaga en un área” (CIPF, 2017), Diatraea grandiosella se encuentra en México como Presente: en toda el área sembrada con cultivos hospederos; por lo que se considera, según al NIMF “Glosario de términos fitosanitarios”, como una plaga no cuarentenaria (CIPF, 2019). DISTRIBUCIÓN MUNDIAL Diatraea grandiosella es originaria de México y se encuentra ampliamente distribuida en el territorio. En 1891 esta especie fue encontrada en los Estados Unidos de Norteamérica, en Nuevo México. Para 1931 se había extendido a los estados cercanos de Arizona, Texas y Oklahoma. En 1970, los límites de su distribución hacia el norte eran Kansas, Missouri y Kentucky; mientras que los límites al este del país eran Tennessee y Alabama. En adición, se reportó en los estados de Arkansas, Colorado, Georgia, Illinois, Indiana, Luisiana, Misisipi, Nebraska y Carolina del Norte. Por lo tanto, se puede aseverar que se trata de una especie que se encuentra ampliamente distribuida en el sureste de los Estados Unidos de Norteamérica ( ) [Capinera, 2001; CAB International, 2020]",https://www.gob.mx/cms/uploads/attachment/file/633029/Barrenador_del_tallo_del_ma_z.pdf
GC-0061,danos,diagnostico,alta,100,openknowledge.fao.org,Documento PDF,"Aves plaga del Las principales especies de aves que ocasiona familias Columbidae, Emberizidae, Thraupidae el cultivo de quinua, en el Perú, alcanzan hasta Las aves plagas pueden representar un importa intensiva y extensiva de la quinua. El control d conocimientos especializados debido a que e lo tanto difíciles de controlar. Principales especies d la quinua La información de la morfología, comportam continuación se presenta, fue tomada de Pe Schulenberg et al. 4.1.1 Patagioenas maculosa ©Pedro Delgado Pata Familia: Columbidae Nombres comunes: Paloma manchada, torcaz paloma de alas manchadas Características morfológicas Paloma grande, de unos 33 cm. Color general g El manto y coberteras alares café grisáceo con secundarias formando conspicuas bandas bla la parte oscura de las coberteras secundarias alares aparentan una disposición escamosa bandas blancas de las alas son mucho más negras. 100 ultivo de la quinua Pedro Delgado daños en el cultivo de quinua pertenecen a las Fringillidae. La pérdidas causadas por aves en 30% de la producción (Delgado, 2013). impedimento para el desarrollo de producción as aves es un tema complejo que requiere de s son móviles, adaptables y persistentes, y por aves plagas del cultivo de to, hábitat y distribución de cada ave, que a on & Plenge (1974), Fjeldså & Krabbe (1990) y emmink, 1813 enas maculosa paloma cenicienta, paloma de alas moteadas, azulado, con tonalidades púrpuras en el macho. gunas puntuaciones blanquecinas; coberteras s inclinadas posteriormente contrastando con n general, cuando está en reposo, las plumas bordes blancos, y durante el vuelo algunas bles. Cola gris oscura con porciones distales",https://openknowledge.fao.org/server/api/core/bitstreams/518339ec-6cb9-4a3c-970f-82ca6d32328d/content
GC-0062,danos,diagnostico,alta,100,openknowledge.fao.org,Documento PDF,"Comportamiento y daños Los adultos son de actividad nocturna. La he suelo suelto y húmedo o en las hojas inferiores ger, se alimentan de las hojas inferiores, y a p pequeñas cortándolas por la base (Artigas, 199 Durante el día las larvas permanecen refugia protectora; en el crepúsculo y durante la noch de las plantas. Pueden pasar el verano como l pausa estival. La pupación se realiza en la mis ©Yony Callohuari F Daño de El ciclo de vida Su ciclo es variable y depende de las condi (2000), realizaron el estudio de la biología d 25 ± 0.5 °C, 80 ± 10 % de humedad relativa, 1 dieta artificial. Se determinó que el periodo de 22.72 ± 0.35 días; el periodo prepupal 2.13 ± 0.31 d del adulto 23.91 ± 4.33 días en machos y 13.91 ± resultó en 2013.5 ± 305.85 huevos. ra coloca los huevos individualmente en el las plantas hospederas. Las larvas, al emer- r del tercer estadio se alimentan de plantas s en el suelo donde construyen una celda salen para alimentarse de los tallitos tiernos a, fenómeno biológico conocido como dia- a celda en el suelo (Hill, 1983; Artigas, 1994). otis ipsilon nes de temperatura y humedad. Agrotis ipsilon bajo condiciones controladas: horas de luz y oscuridad, y alimentación con cubación dura 3.83 ± 0.17 días; el periodo larval el periodo pupal 12.51 ± 0.36 días; la longevidad 9 días en hembras. La fecundidad de la hembra 5",https://openknowledge.fao.org/server/api/core/bitstreams/518339ec-6cb9-4a3c-970f-82ca6d32328d/content
GC-0063,danos,diagnostico,media-baja,100,repository.cimmyt.org,Documento PDF,"Gusano de la se Hylemya (=Cilicrura) pl Daños: Los principales i ha sufrido daños por los espacios sin plantas y l marchitas. Otros insecto pueden causar síntomas fresco y húmedo en pri desarrollo de abundante insecto. Bajo estas cond retrasa y las semillas so durante un período más Descripción y ciclo bioló sido invadidas por espe cresas (gusanos cónicos color blancuzco o amar completamente desarro hasta más de 0.5 cm. D larvas se alimentan dura se convierten en una pu de un caparazón color c es una mosca grisácea cm de largo y pone sus suelo cerca de las semi Estas moscas tienden a en campos que han sid cantidades de estiércol contienen elevados volú orgánica. Distribución geográfica: maíz se observa en reg valles altos tropicales d lla de maíz a y Hylemya spp. ios de que la semilla sanos (cresas) son los antas débiles y ue viven en el suelo mejantes. El tiempo era favorece el oblaciones de este nes, la germinación se ulnerables al ataque go. o: Las semillas que han de Hylemya contienen podos y delgados) de o. Los gusanos s miden de 2 o 3 mm ués de la eclosión, las tres semanas y luego suave y blanca dentro en el suelo. El adulto mide alrededor de 0.5 vecillos en el húmedo en germinación (1 l. adir semillas sembradas tilizados con grandes ue por otras razones nes de materia gusano de la semilla de s templadas y en los mérica del Norte",https://repository.cimmyt.org/server/api/core/bitstreams/613fe3ea-f325-4718-aa45-e2d9041296ef/content
GC-0064,danos,diagnostico,media-baja,100,repository.cimmyt.org,Documento PDF,"Picudos del maí Nicentrites testaceipes. picudo Daños: En las hojas se blancas) que se fusiona infestación grave. Los p al alimentarse en el vert raspan pequeñas seccio epidermis sin llegar a pe despliegan las hojas. se Las larvas se alimentan de maíz que. Los daños en ca maíz fue precedido por cobertura pueden ser m Descripción y ciclo bioló verticilo temprano o me espigamiento es posible numerosos picudos chic 4 mm de largo y tambié miden de 5 a 7 mm (10 dejan caer dentro del ve donde permanecen sin m tiempo. Estos insectos huevo (blanco y en form blanco. ápodo, jorobado pupa (blanca y suave) y Distribución geográfica: provocan puede tener r sobre todo en las tierras (que incluyen el norte d del Caribe o Antillas y l del Norte). y sus larvas do chico del maíz; a hoja del maíz rvan pecas (lesiones ando hay una os producen las pecas (cogollo). donde irregulares de la arla (9). Conforme se lven visibles las pecas. as raíces de las plantas o, son vulnerables al os donde el cultivo de vos forrajeros o de ntensos. o: Desde la etapa de hasta cerca del ervar. en el verticilo, color grisáceo. de 3 a cudos grandes que se les perturba se lo o sobre el suelo. erse durante un viesan cuatro etapas: e frijol). larva (gusano cabeza color café), ulto (picudo). año que estos insectos cusiones económicas, as de los neotrópicos mérica del Sur, las Islas na tropical de América 13",https://repository.cimmyt.org/server/api/core/bitstreams/613fe3ea-f325-4718-aa45-e2d9041296ef/content
GC-0065,danos,diagnostico,alta,100,repositorio.chapingo.edu.mx,Documento PDF,"banda oblicua y en el ángulo anterior y posteriores no lucen tintes ni venación con 1987). Las hembras presentan expansión donde no presenta la marca diagonal sobr contrastes; la mancha orbicular es poco fácilmente. La vida del adulto es de 10 días 2.2.2.2. Daños ocasionados por S. frugip El gusano cogollero provoca daños en los creando zonas blanquecinas donde falta partes tiernas de las hojas. Al crecer comen La palomilla sitia el cogollo presentando le en toda la hoja excepto el nervio central. Los cultivos que tempranas son más graves y por lo tanto 2007). El daño es ocasionado por la larva inicialm envés de las hojas en las partes tiernas extendiéndose y penetrando al cogollo de disminución del crecimiento, marchitamien 2006). xterno una mancha blancuzca. Las alas olor, siendo más bien blanquecina (Ortega, ar aproximadamente de los 25 a 40 mm, aliente, en las alas anteriores no presentan isible; la línea postmedial doble y vista Del Rincón et al., 2006). da tivos que infesta, las larvas roen las hojas clorofila Se observa principalmente en las nto de los bordes como de la parte central. nes en forma de perforaciones o ventanas mún observar en esta etapa el excremento esentan lesiones de la plaga en etapas ás costosas (FAO, 2017; Vázquez et al., te, la cual recién emergida se alimenta del ealizando perforaciones en las mismas y planta y por consiguiente ocasionando una y la muerte de la planta (Del Rincón et al., 18",https://repositorio.chapingo.edu.mx/server/api/core/bitstreams/ff63bcad-5d61-4d60-99e9-1fca14a431e0/content
GC-0066,danos,diagnostico,media-baja,100,repository.cimmyt.org,Documento PDF,"Barrenador orien o barrenador as Ostrinia furnacaJis (= Py Daños: Los primeros ind este barrenador aparece temprano o medio, cuan nacidas comienzan a ali alrededor de la masa de dentro del verticilo (cog desarrolladas taladran el foliar, por lo general a n manera fácil de detectar buscar el excremento de en la axila de la hoja. La las espigas (panojas), m centrales (57). Cuando tallos y las espigas suel Descripción y ciclo bioló recién nacidos son rosad tienen cabezas negras; blancuzcos y moteados. la parte de la planta don desarrollo (58). La forma color café o paja, depos semejantes a escamas c traslapados en grupos d envés de las hojas o en el momento de la eclosi negros. Distribución geográfica: difundido en Asia y es p barrenador europeo del (Hübner). La distribución traslapa en Asia central. l del maíz ico del maíz ta salentialis) s de la infestación por la etapa de verticilo as larvas recién tarse de la hoja vos y, más adelante, Las larvas más o detrás de la vaina del nudo (56). Una e tipo de daño es larvas que se acumula rvas también horadan cas y nervaduras aque es intenso, los uebrarse. : Los barrenadores o gris amarillento y mayores son pupas se forman en as larvas completan su ulta, una palomilla sus huevos ovalados, amarillo claro, maño variable, en el brácteas. Al acercarse os huevos se tornan e barrenador está muy nte muy cercano del z, Ostrinia nubilalis estas dos especies se 63",https://repository.cimmyt.org/server/api/core/bitstreams/613fe3ea-f325-4718-aa45-e2d9041296ef/content
GC-0067,danos,diagnostico,alta,100,vun.inifap.gob.mx,Documento PDF,"Siembra o plantación La plantación puede llevarse a cabo en la mitad del cladodio y orientando las Modalidad (Condición de humedad Riego y temporal de ciclo perenne Variedades, densida Cultivares Portainjertos 1. Amarilla Montesa Este frutal 4. Amarilla Pico no requiere Chulo portainjerto. Amarilla los cultivares Plátano es vegetativa a través de pencas 6. Amarilla o cladodios Olorosa sanos de dos o más años 7. Dalia Roja Selección del material vegetativo. Tod el siguiente paso es la recolección del ma sanos y tener una edad mínima de dos a madre aseguran mejor prendimiento. y libre de lesiones mecánicas. Las lesi con espinas, se pueden minimizar int paja de frijol, maíz o algún cereal. 130 s individuales o en bordos enterrando s de oriente a poniente. periodo de siembra Densidad de Periodo de plantación plantación árboles/ha) Los cladodios 5 x 5 m = 400 deshidratados se pueden plantar de 5 x 4.5 m = 494 abril a junio. Se recomienda aplicar 5 x 4 m = 500 riego 30 o 40 días después de 4 x 4 m = 625 la plantación. 5 x 3 m = 667 x 3.5 m = 714 Plantar 20 o 40 días antes del período 0 x 3.0 m = 833 de lluvias que el cultivar ha sido seleccionado, al vegetativo. Los cladodios deben estar Los cladodios originados en la penca material seleccionado debe estar sano , durante el transporte, en cultivares ando una capa de cladodios con una",https://vun.inifap.gob.mx/VUN_MEDIA/BibliotecaWeb/_media/_agendas/4149_4846_Agenda_Técnica_Zacatecas_2017.pdf
GC-0068,danos,diagnostico,media-baja,100,repositoriotec.tec.ac.cr,Documento PDF,"cogollo de la planta, el cual puede puede convertir en un blanco de la provocando la disminución de las m y patógenos (Santos et al., 2003; Sot Daños causa 2.4.2. Plantas hospederas Las larvas de Spodoptera frugiperda son pol especies pertenecientes a 23 famil Fabaceae y Gramineae. Específica especies: maíz, sorgo (Sorghum vul (Spinaea oleracea L.), lechuga (La cebolla (Allium cepa L.), pimiento ( sp), papa (Solanum tuberosum L.) y et al., 2003). Métodos de control Las costumbres de los productores p a través del uso de plaguicidas sin exclusivo de sustancias químicas p selección de nuevas resistencias a lo resurgimiento de las poblaciones t legales; destrucción de especies ben obra y material (Badii y Abreu., 200 33 completamente destruido. La espiga se ga cuando la ocurrencia de esta es tardía, rcas y permitiendo la entrada de humedad 2004) ( ). frugiperda en el maíz. as puesto que se alimentan de más de 60 aunque prefiere plantas de las familias nte, se pueden mencionar las siguientes e Pers.), soya (Glycine max L.), espinaca ca sativa L.), menta (Mentha spicata L.), psicum annuum L.), tomate (Lycopersicum d (Vitis vinifera L. (Van Huis 1981, Pérez controlar las plagas generalmente han sido icos (Sotelo, 2004). No obstante, el uso enta ciertos inconvenientes como son: la secticidas en las poblaciones de plagas; el adas; residuos, riesgos y complicaciones as; costo de fumigantes, equipo, mano de así como los perjuicios provocados por la",https://repositoriotec.tec.ac.cr/bitstream/handle/2238/2911/Informe_Final.pdf?sequence=1&isAllowed=y
GC-0069,danos,diagnostico,media-baja,100,repositorio.unprg.edu.pe,Documento PDF,"c) Pupa: La pupa se desarrolla en el suelo, es d longitud. d) Adulto o mariposa: El adulto es de color café grisáceo que m alas de macho son de color café más cla transversal de color blanco cremoso. Hábitos y daños que ocasion Durante las primeras fases de desarro Spodoptera frugiperda son más abundantes en la pa hoja. Cuando la planta tiene de 8 -10 y 1 media y superior y en el haz de la hoja. 2002) Las larvas recién eclosionadas se alim huevos a la que pertenecieron. (Branderburg Durante las primeras horas, los est positiva a la luz y como resultado se mue donde pueden ser movidas por el viento dispersarse en un tiempo de dos horas cua Greene, 1973) 10 olor café rojizo y mide entre 14 y 18 mm de e alrededor de 3cm con las alas extendidas. Las que el de las hembras y tiene una mancha n la planta. del cultivo (4-6 hojas) las masas de huevos de baja de la planta de maíz y en el envés de la 24 hojas, los huevos son puestos en la región or número de huevos es puesto en la fase de 4- tan principalmente de la misma masa de Villani, 1995) os larvarios jóvenes presentan una respuesta hacia la parte superior de la planta de maíz, otras plantas. Por si solas las larvas pueden la temperatura alcanza los 35 °C",https://repositorio.unprg.edu.pe/bitstream/handle/20.500.12893/4150/BC-TES-TMP-2965.pdf?sequence=1
GC-0070,danos,diagnostico,media-baja,100,repository.cimmyt.org,Documento PDF,"Pulgón de la ho Rhopalosiphum maidis Daños: La función de e virus del mosaico de la mosaico del enanismo punteado foliar del mar importancia económica afectadas pueden acha manchas amarillas con conforme maduran. La vez producen mazorcas La perforación de las h jugos de la planta caus carece de importancia económico. Las gotitas pulgones excretan favo hongos saprofitos de c consecuencia, las plan Estos insectos suelen a final de la etapa del ve de pulgones pueden cu (panojas) emergentes y evitando asr la liberació infestación es grave, ta jilotes (mazorcas tierna Descripción y ciclo bio de color azul verdoso n a luz a ninfas. En las c producen formas alada hacia otras plantas. La las colonias una aparie Distribución geográfica insecto es mundial. del maíz insecto como vector del a de azúcar, virus del marz y virus del confiere una nsiderable. Las plantas arse, presentar uas y volverse rojizas ántulas infectadas rara y la succión de los un moteado amarillo que de el punto de vista ucaradas que los en el desarrollo de negro y, como se vuelven pegajosas. ar las plantas hacia el o medio. Las colonias totalmente las espigas hojas circundantes, e polen (36). Cuando la én se ven afectados los la producción de grano. co: La pequeña hembra one huevos, sino que da ias sobrepobladas se e después emigran ubias, o mudas, dan a blancuzca. distribución de este 37",https://repository.cimmyt.org/server/api/core/bitstreams/613fe3ea-f325-4718-aa45-e2d9041296ef/content
GC-0071,monitoreo,accion_y_diagnostico,alta,100,scielo.org.mx,Documento PDF,"Revista Mexicana de C Noviembre La normatividad en México (NOM-032-F el registro y comercialización de bioi oficiales y es necesario tener la opinió sanidad de los cultivos, el riesgo de las como el cuidado al ambiente y la salud h es indispensable realizar estudios de bio los agentes que se utilizan en el cuantitativa), monitoreo ambiental de efecto sobre organismos no blanco. Conc Con base en el impacto del cambio clim de producción agrícola, pecuaria y for comercial a nivel mundial hace necesa (bioinsecticidas y agentes biológicos co evaluar el impacto ambiental de estos p de campo que permitan identificar los efe su eficacia y persistencia, ya que es favorecen a la salud humana y al ambie diseñar novedosos sistemas de produc eficientes para abastecer un mercado ca De la revisión realizada, se puede conclu abundan los estudios de hongos entomop pecuarias y forestales. Especial atención h anisopliae en los últimos años, ya que su amplio espectro de plagas, además de estables con mezclas de organismos insecticida. Sin embargo, aún se requier actuales relacionadas con la producción y ias Forestales (56) ciembre (2019) O-1995) (Sagarpa, 2015) señala que para ecticidas se deben cumplir disposiciones de diferentes instituciones que regulan la stancias que se usan como plaguicidas, así mana (García y González, 2013). Asimismo, guridad y riesgo del impacto ambiental de ntrol biológico (evaluación cualitativa y entomopatógenos y la evaluación de su siones co, la intensa explotación en los sistemas al, el uso de monocultivos y la apertura o fomentar el control biológico de plagas organismos entomopatógenos) así como ductos con más pruebas bajo condiciones os de los factores bióticos y abióticos sobre además de ser útiles a la agricultura, e. Por otra parte, también es indispensable ón, formulación y entrega en masa más a vez mayor. que al igual que a nivel mundial, en México ógenos para el combate de plagas agrícolas, n recibido Beauveria bassiana y Metarhizium xicidad ha resultado muy efectiva contra un e se han elaborado productos comerciales tomopatógenos para potenciar su acción más estudios para superar las dificultades desarrollo de esos bioinsecticidas",https://scielo.org.mx/pdf/remcf/v10n56/2007-1132-remcf-10-56-4.pdf
GC-0072,monitoreo,accion_y_diagnostico,media-baja,100,gob.mx,Documento PDF,"DIRECCIÓN GENERA DIRECCIÓN DEL CENTRO NACION Trampa para monitoreo de Spodoptera exigua. http:// dulce-elote/manejo-agroecologico-del- gusano-cogollero-en-el-maíz/ El monitoreo de adultos también se puede realizar a base de feromona sexual. Existen dos opciones de trampa; la primera, como se indicó anteriormente, añadiendo agua + jabón, y en la parte superior se coloca el dispensador con feromona. La densidad de este tipo de trampa es de 2 a 3 trampas / hectárea (Garza y Terán, 2007). La segunda, trampas tipo ala, colocando una trampa / 5 hectáreas. En ambas trampas, se puede utilizar la feromona BIOLURE ® (Acetato de Z-9 Tetradecen-1-ol y Acetato de Z-9, E-12 Tetradecadienil), disponible de forma comercial en México. El monitoreo se debe establecer desde las primeras semanas de siembra o trasplante del cultivo, las trampas deben ser colocadas a la altura del cultivo, y preferentemente en la periferia. Se sugiere reemplazar la feromona cada tres semanas (http:// E SANIDAD VEGETAL DE REFERENCIA FITOSANITARIA organicosplm.com/biolure-baw-4033- 9#inicio). Control cultural Debido a la preferencia de oviposición de S. exigua sobre plantas de quelite (Amaranthus spp.), se deben eliminar estas y otras malezas presentes en el cultivo, para disminuir las densidades de la plaga. También se deberán recolectar los frutos dañados adheridos a la planta o caídos, y enterrarlos con cal para evitar poblaciones continuas de la plaga (INIFAP, S/F). Control biológico Para el control biológico del gusano soldado, existen depredadores, parasitoides y entomopatógenos capaces de ejercer control sobre la plaga. En cultivos de chile serrano de Tamaulipas, México, existen de manera natural organismos que afectan los estados de huevo y larva del gusano soldado. El depredador Chrysoperla carnea, se alimenta de huevos y larvas, capaz de depredar todas las larvas recién emergidas de una masa de huevos en un lapso de 24 horas; mientras que especies de chinches de los géneros Sinea, Zelus (Reduvidae) y Orius (Anthocoridae), se alimentan únicamente de larvas. Además, la chinche ojona (Geocoris spp.) y catarinas (Hippodamia convergens) son buenos depredadores. Generalmente, estos depredadores son eficaces en el control de 10",https://www.gob.mx/cms/uploads/attachment/file/633036/Gusano_soldado__spodoptera_exigua.pdf
GC-0073,monitoreo,accion_y_diagnostico,media-baja,100,repositorio.unjfsc.edu.pe,Documento PDF,"Es importante realizar un monitoreo consta de manera oportuna y aplicar las medidas d Enfermedades: Enfermedades foliares Mancha de la hoja (Helminthosporium s ovaladas o irregulares de color marrón e afectando el rendimiento del cultivo (Litar Antracnosis del maíz (Colletotrichum gra alargadas de color marrón en las hojas, tal pudiendo ocasionar pérdidas significativas Roya del maíz (Puccinia sorghi): este ho las hojas del maíz, debilitando la planta y r puede provocar defoliación y muerte prem Estrés hídrico: la falta de agua dura marchitamiento, clorosis y enrollamiento rendimiento del maíz (Poma, 2022). Enfermedades de la mazorca: Podredumbre del tallo y mazorca por moniliforme): estos hongos causan pudrici grano y pudiendo producir toxinas que con Maicillo falso (Sclerophthoria rayssiae): fúngicas en forma de mazorcas pequeñas y del maíz (Litardo, 2019). Carbón del maíz (Ustilago maydis): este en las hojas, tallos y mazorcas, llenas de grano y puede provocar pérdidas significat Mal del pie maicero (Rhizoctonia solani) del tallo, debilitando la planta y aumentan 2019). Mosaico del maíz (maíz dwarf mosaic causan mosaico foliar, amarillamiento, r esterilidad de las plantas (Litardo, 2019). del cultivo para detectar la presencia de plagas ontrol más adecuadas en cada caso. o Dreschlera esta enfermedad causa lesiones as hojas, reduciendo el área fotosintética y 2019). nícola, Ces.), esta enfermedad causa lesiones y mazorcas, afectando la calidad del grano y el rendimiento (Gonzales et al., 2019). o causa pústulas de color amarillo-naranja en ciendo el área fotosintética. En casos severos, ra de las plantas (Litardo, 2019). el desarrollo del cultivo puede provocar e las hojas, afectando la fotosíntesis y el arium (Fusarium verticillioides y Fusarium del tallo y la mazorca, afectando la calidad del minan el alimento y el forraje. te hongo causa la formación de estructuras formes, reemplazando las mazorcas normales ngo causa la formación de tumores hinchados oras negras del hongo. Afecta la calidad del s en el rendimiento (Gonzales et al., 2019). ste hongo causa lesiones marrones en la base su susceptibilidad al vuelco (Gonzales et al., us y maíz streak mosaic virus): estos virus aso en el crecimiento y en algunos casos, 16",https://repositorio.unjfsc.edu.pe/bitstream/handle/20.500.14067/11280/TESIS_final.pdf?sequence=5
GC-0074,monitoreo,accion_y_diagnostico,media-baja,100,repositorio.unal.edu.co,Documento PDF,"Introducción cultivos bajo cubiertas se recomienda re machos/trampa/día (Estay, 2000). En foliolos de daño fresco por planta (Polak Estos umbrales son lo suficientemen novedosas que impliquen la tolerancia d Un gran número de parasitoides se han absoluta, algunos de ellos presentan d restringidos a ciertas localidades (Desn registran en las familias Encyrtidae Copidosoma koehleri) (Ripa et al., 1995 1989), Trichogrammatidae (Trichogramm (Botto et al., 2000; Riquelme y Botto, 20 especies de las familias Bethylidae, Brac En Argentina Pseudapanteles dignu (Eulophidae) se han usado como contr niveles de parasitismo del 70% (Sánch centrado el bracónido Apanteles gelechi en laboratorio (Morales et al., 2013). Baculovirus A nivel mundial, el Betabaculovirus Phth et al., 2012) ha demostrado tener una familia Gelechiidae como Phthorimaea o GCT (Mascarin et al., 2010; Gómez V aislamientos específicos y efectivos para varios muestreos de larvas del GCT Cundinamarca y Santander. Se reportar del GCT (nombrados VG012 y VG013) Posteriormente, Gómez-Valderrama et a de restricción de endonucleasas del aisl el aislamiento es una variante del PhopG 9 zar tratamientos con capturas superiores a 40 entina se ha establecido como umbral: dos 996; Polack y Brambilla, 2000; Vercher, 2010). altos como para poder diseñar estrategias ertos niveles de población en los cultivos. ortado atacando huevos, larvas y pupas de T. ibución amplia en Suramérica y otros, están x et al., 2010).Los parasitoides de huevos se Arrhenophagus sp, Copidosoma desantisi, Eupelmidae (Anastatus sp) (Oatman y Planer, bactrae, T. En parasitoides de larvas, se han reportado dae, Eulophidae, Ichneumonidae y Tachinidae. (Braconidae) y Dineulophus phtorimaeae dores en cultivos comerciales de tomate con et al., 2009). En Colombia, la atención se ha oris con un porcentaje de control de hasta 70% maea operculella granulovirus (PhopGV) (King n capacidad para controlar lepidópteros de la culella (Zeller), Tecia solanivora (Povolny) y el errama et al., 2018). Con el fin de encontrar GCT, Gómez-Valderrama et al. (2014) hicieron en los departamentos de Boyacá, Caldas, por primera vez dos aislamientos geográficos ados de poblaciones infectadas naturalmente. 2018) hicieron la caracterización y un análisis ento VG013. Como resultado, se encontró que",https://repositorio.unal.edu.co/bitstreams/d29351ae-5570-4b5f-9901-23d96a7bf889/download
GC-0075,monitoreo,accion_y_diagnostico,alta,100,dj.senasica.gob.mx,Documento PDF,"DIRECCIÓN DE SISTEMATIZ EUA: El APHIS modifica zonas cuare los condados de Cameron e Hidalgo Recienteme Sanidad An modificació Anastrepha Departame anterior, in Harlingen y Bayview, en adición de Hidalgo, Tex La zona cu 326.33 a 38 655 hectáre Mapa: USDA-APHIS, 2022. detecciones naranja agria, en un traspatio. La cuarentena de Brownsville aument asimismo, indican que la superficie cu incrementó de 1.37 a 97.52 hectáre confirmadas de larvas de A. ludens residenciales. La eliminación de la cuarentena transcurrieron tres ciclos de vida de habiéndose erradicado la población tr La nueva área cuarentenada de Palmv en las que hay 513.14 hectáreas de después de la detección confirmada una trampa ubicada en un naranjo du Finalmente, se señala que el APHIS t erradicar las poblaciones transitorias d de prevención y control, así como interestatal e ingreso de artículos regu Referencia: USDA-APHIS (10 de febrero de 2022). APHIS Modif Cameron County and Establishes a New Quarantine in IÓN Y ANÁLISIS SANITARIO enadas para Anastrepha ludens en exas. e, el Servicio de Inspección de mal y Vegetal (APHIS) publicó la de las zonas cuarentenadas para ludens, en coordinación con el o de Agricultura de Texas (TDA). Lo yó la ampliación de dos zonas en ownsville, y la eliminación de una en l condado de Cameron, así como la a nueva en Palmview, condado de. entenada de Harlingen aumentó de 49 kilómetros cuadrados (abarcando de cítricos comerciales), luego de onfirmadas de larvas de A. ludens en e 93.93 a 198.36 kilómetros cuadrados, ada de cítricos comerciales afectados El cambio se debió a detecciones n cítricos de traspatio, en tres sitios Bayview se dio después de que a plaga, sin detecciones adicionales, sitoria. w abarca 162.15 kilómetros cuadrados, icos comerciales. Esta se estableció una hembra adulta de A. ludens, en e de un área residencial. baja en cooperación con el TDA para la plaga a través de diversas acciones de restricciones de la movilización dos, mediante el comercio exterior. he Mexican Fruit Fly (Anastrepha ludens) Quarantine Areas in dalgo County, Texas.Boletín DA-2022-08",https://dj.senasica.gob.mx/Contenido/files/2022/febrero/MonitorFitosanitario11022022_96d7ccf7-c690-4add-8f8d-f5c94c8f5d0e.pdf
GC-0076,monitoreo,accion_y_diagnostico,alta,100,vun.inifap.gob.mx,Documento PDF,"El P se puede aplicar en dos ocas fertilizante no es móvil en el suelo y no se debe hacer a los 20 días después días después de la primera (37.5 kg que es muy soluble, se tendrá que in este ácido en cada aplicación, para o El N y K se aplican a través del el ciclo del cultivo, ya que éstos se lixiviación, por lo que es convenient presenta un ejemplo de la distribució extracción de estos nutrientes durante puede cambiar según el tipo de chile recomiendan aplicar al suelo una f antes del trasplante. Distribución del nitróg cultivo de chile Mirasol Etapa Duración en días 1 45 2 18 3 10 4 10 5 18 6 10 7 10 8 10 9 10 10 10 Control de maleza Se considera que es necesario man durante las 12 semanas posteriores recomienda realizar control cultura terrenos con poca infestación de ma disminuir la incidencia de malas hierbas. s al principio del cultivo, ya que este erde con facilidad. La primera aplicación rasplante (37.5 kg) y la otra a los 40 se aplica ácido fosfórico (50% de P), ar por el sistema de riego 76 kg/ha de er 75 kg de P total por ha. ema de riego por goteo durante todo en perder por evaporación, fijación o icarlos poco a poco. En la se los fertilizantes N y K, con base en la esarrollo del cultivo. Sin embargo, esto el suelo. Resultados de investigaciones zación base del 15 al 20% del total, y potasio en diferentes etapas del el altiplano de Zacatecas. N Kg/ha/día P kg/ha/día 0.5 0.3 0.75 0.5 1.1 0.8 1.4 1.1 1.8 1.5 2.2 1.3 2.5 0.7 3.0 0.5 2.0 0.3 1.0 r libre de maleza al cultivo al menos trasplante. Para lograr lo anterior, se la maleza, ya sea al trasplantar en o bien con rotación de cultivos para bién se puede realizar el control mecánico, 91",https://vun.inifap.gob.mx/VUN_MEDIA/BibliotecaWeb/_media/_agendas/4149_4846_Agenda_Técnica_Zacatecas_2017.pdf
GC-0077,monitoreo,accion_y_diagnostico,alta,100,repositorio.chapingo.edu.mx,Documento PDF,"EVALUACIÓN DE PRÁCTICA EN EL CONTRO (Spodoptera frugiperda J. Sm José Ter anteriores resultados se relaciona aplicó Larvin 37,5 SC (Thiodicarb plaga se controló 32.5% la incide resultados se encuentran por investigación, asociado a que es u lugar y fechas también diferentes. Efecto de productos qu planta en el control del gusano cog Infe Productos de Químicos ( 0 Sin Aplicar Lorsban® 480 EM (Clorpirifos) 0 Denim® 19 CE (Benzoato 0 de emamectina) Prueba de Tukey (P < 0.05). Cifras con la estadísticamente iguales. nlpp= número d Respecto al efecto de los produc (Bacillus thuringiensis), al igual qu en cuanto a menor severidad de d de la planta, con valores de 5.1% diferencia estadística con el testi bassiana), la cual fue la de mayor La infestación de la plaga e inci tratamiento ( ). Lo ante recomendada de Crymax® GDA UÍMICAS, BIOLÓGICAS Y CULTURALES EL GUSANO COGOLLERO ) EN EL CULTIVO DEL MAÍZ (Zea mays L.) es Salgado (2015) on lo reportado por Chango (2012), quien una dosis de 5 cc 0.45 kg-1 de arena, la a y 4.5% la severidad de la plaga. Estos ba de lo identificado en la presente roducto químico diferente y aplicado en un cos en la incidencia de daños y vigor de la ero del maíz (Spodoptera furgiperda). Altura Vigor plaga daños daños planta planta pp) (%) (%) (cm) (1-5) 0 a 43.7 a 7.5 a 199 a 4.1 b 8 a 35.1 ab 6.0 a 196 a 4.3 ab 24.6 b 4.5 a 6 a 4.3 a 199 a mismas letras dentro de una misma columna son arvas por planta. s biológicos, se tiene que Crymax® GDA en la fecha temprana, tuvo el mejor efecto os y un relativamente mayor altura y vigor 196 cm y 4.3, respectivamente, pero sin aunque sí al aplicar Bea B® (Beauveria veridad y menor altura y vigor de la planta. ncia de daños no variaron por efecto de significa que aplicando la dosis media acillus thuringiensis) (0.512 kg ha-1), fue 79",https://repositorio.chapingo.edu.mx/server/api/core/bitstreams/1e32b0a0-3db2-4df6-a7bc-53509201c279/content
GC-0078,monitoreo,accion_y_diagnostico,alta,100,scielo.org.mx,Aislamiento de hongos entomopatógenos en suelo y sobre gallinas ciegas (Coleoptera: Melolonthidae) en agroecosistemas de maíz,"Aislamiento de hongos de muestras de suelo. Se realizaron colectas de suelo en áreas predeterminadas por altitud (de 1000 a 2300 msnm) y temperatura media anual (de 14 a 24 °C) en sustratos con cultivo o con antecedente de haber sido cultivados con maíz en el ciclo anterior; además, en todos los sitios se tomó una muestra de suelo en áreas no cultivadas cercanas a la parcela con cultivo de maíz. Los sitios muestreados fueron ubicados con Geoposicionador Satelital (Garmin etrex), con los siguientes datos: número de colecta, nombre del colector, fecha de colecta, planta hospedera y localización geográfica (Estado y municipio, coordenadas, msnm). Las muestras de suelo fueron colectadas de la siguiente forma: en una superficie de 10 m 2 se marcaron tres puntos en los cuales se colectó una muestra de los primeros 15 cm de suelo (aproximadamente 1 kg) la cual se transportó al laboratorio en bolsas de plástico de 2 kg de capacidad, debidamente etiquetadas, dentro de hieleras con la finalidad de evitar temperaturas altas. Las muestras se conservaron en cuarto frío a 1 °C por no más de dos meses, hasta su procesamiento. Para la detección y aislamiento de hongos entomopatógenos se utilizó la técnica del insecto trampa (Zimmermman 1986) con larvas del ""gusano de la cera"" Galleria mellonella (Lepidoptera: Pyralidae) reproducidas en laboratorio. De cada muestra de suelo homogenizada, 500 g se colocaron en un recipiente plástico de 14 × 18 × 6 cm junto a siete larvas de G. mellonella de último estadio y fueron incubadas a 27 + 1 ºC durante 7 días. Posteriormente, las larvas muertas con síntomas de infección por hongos se colocaron en cámara húmeda. El aislamiento y purificación de los hongos se realizó en cámara de flujo laminar por transferencia directa de conidios y/o micelio a tubos de ensayo con medio nutritivo a base de sabouraud, agar, dextrosa y cloramfenicol (antibiótico). La identificación se realizó con base en la coloración y crecimiento de los hongos sobre los insectos y se corroboró en microcultivos y observaciones en microscopio con contraste de fases, siguiendo las claves de Humber (1997).",https://scielo.org.mx/scielo.php?script=sci_arttext&pid=S0065-17372011000300007
GC-0079,monitoreo,accionable,media-baja,100,repository.cimmyt.org,Documento PDF,"Un elemento fundamental para implementar el MAP es el uso de herramientas, como las trampas con feromonas, cromáticas, de luz o con atrayentes alimenticios. “Queremos hacer una agricultura que también garantice que las siguientes generaciones puedan continuar produciendo. Con el MAP nos encaminamos en esa dirección”. 6 EDICIÓN ESPECIAL 43 los que notamos que empezamos a cambiar las cosas es la reducción del número de aplicaciones de plaguici- das; en un lugar donde se hacían de siete a ocho aplicaciones, reducirlas a tres es un logro muy importante. Hay lugares donde hacían dos o tres aplicaciones y ahora ya no se hace ninguna. Eso es caminar hacia la sostenibilidad, y lo estamos lo- grando con el MAP. Hay sitios en los que el trigo se produce sin aplica- ción de insecticida sólo porque la gente hace el muestreo y, aunque se da cuenta de que efectivamen- te hay pulgones que están comién- dose el trigo, no es una población que justifique el tratamiento. Esa es la contribución que está hacien- do el MAP a la sostenibilidad. AC.- ¿Cuáles han sido los resulta- dos positivos de la vinculación entre el inifap, el cimmyt y MasAgro? FB.- Cuando en 2012 se formalizó la colaboración entre MasAgro y el inifap, empezamos a situar experi- mentos en plataformas y módulos. De algún modo, estos experi- mentos ya se realizaban, pero con MasAgro y los técnicos que trabajan promoviendo la estrategia en dis- tintos lados, comenzamos a traba- jar en Michoacán, con despachos como Agrodesa o Red_Innovac; en Querétaro, con saq; y en Jalisco, con Assujal y Xochicentli ac. Los ingenieros que se han capaci- tado en MAP replican lo aprendido con trabajo en campo y capacita- ción. Contamos además con un grupo de productores muy compro- metidos con la estrategia, quie- nes incluso ya no requieren que el técnico esté con ellos para realizar acciones relacionadas con el MAP. Cada vez suman más las hectá- reas de productores atendidos. AC.- ¿De qué forma la expe- riencia de éxito del Hub Bajío permitió extender la estra- tegia MAP a otros hubs?",https://repository.cimmyt.org/server/api/core/bitstreams/7ff73f62-2000-416a-affc-6b554b0a8739/content
GC-0080,monitoreo,accion_y_diagnostico,alta,100,openknowledge.fao.org,Documento PDF,"Cuestiones des Gracias a los programas relaciona escuelas de campo para agriculto evaluado diversas opciones de co medios mecánicos y biológicos, y CUESTIONES DESTACADAS 1. Los agricultores adquirieron capacidades maíz que son fundamentales para obtene 2. Los daños que el gusano cogollero del ma considerablemente mediante el monitoreo efectuaba un control mecánico o se aplica 3. La utilización de productos botánicos para convertido en una práctica cultural. La producción de maíz y su productividad el gusano cogollero del maíz. Los grupos de las escuelas de campo para que generó un sentido de responsabilidad 6. El enfoque basado en el desarrollo de apti para agricultores empoderó a los agriculto opiniones en público con seguridad. Se ha demostrado que las escuelas de ca cambios de comportamiento en las person percepciones y creencias en el sentido de permite controlar eficazmente el gusano c los participantes en las escuelas de camp ecología y la biología del gusano cogollero medio ambiente para gestionar de forma s acadas y casos de éxito s con el gusano cogollero del maíz de las de África los agricultores han ensayado y ol y gestión del gusano cogollero del maíz por chas de ellas han dado resultados prometedores. monitoreo y reconocimiento del gusano cogollero del enos resultados en la gestión de este gusano. ausa en las plantas de maíz se redujeron a adopción de decisiones en grupo sobre si se productos botánicos. har contra el gusano cogollero del maíz se ha oraron con la introducción de opciones de lucha contra ricultores desarrollaron un espíritu de trabajo en equipo re los participantes. es generales que se aplica en las escuelas de campo y las agricultoras para que expresaran sus ideas y para agricultores son eficaces para introducir que participan en ellas gracias a la modificación de las la aplicación de plaguicidas es el único método que lero del maíz u otras plagas invasoras. Al contrario, ra agricultores han obtenido conocimientos sobre la maíz y buscan métodos alternativos e inocuos para el enible esta nueva plaga en sus sistemas de cultivo. Cuestiones destacadas y casos de éxito",https://openknowledge.fao.org/server/api/core/bitstreams/485fee91-1736-49c4-868e-8546ce05993c/content
GC-0081,monitoreo,accion_y_diagnostico,alta,100,dj.senasica.gob.mx,Documento PDF,"D S IRECCIÓN DE ISTEMATIZ EUA: Investigadores del USDA-ARS p plagas asociadas al cultivo del sorgo. El U In In de (U Jo do importantes asociadas al cultivo del phyllopus y comparten opciones de m De acuerdo con los investigadores, E mundo. El aumento de la demanda d mundial de su siembra y la producción alrededor de 150 especies de insectos el mundo, en diversas etapas de desar en un 50 por ciento. Los investigadores a través de tablas in señalando el nombre común, especi estatus de la plaga; funcionando com herramienta de toma de decisiones. Se explican e incluyen las estrategias biológico, insecticidas a base de extr resistencia de la planta hospedante, integrado para el manejo de plagas. Ad las formas más económicas y efectivas la selección de variedades de plant Integrado de Plagas, rotación del cultiv siembra, cultivos trampa hospedante selectivo de insecticidas para proteger Referencia: Okosun, O., Allen, K., Glover, J., Reddy, G. Biolog Journal of Integrated Pest Management. Volumen 12, Edic FITO.002.045.05.27012021 A S IÓN Y NÁLISIS ANITARIO blicaron una guía para el manejo de de enero de 2021, investigadores de la ad de Investigación de Manejo de ctos del Sur del Servicio de stigación Agrícola del Departamento Agricultura de los Estados Unidos DA-ARS), publicaron un artículo en el nal of Integrated Pest Management, de describen las plagas de insectos orgo, como la chinche Leptoglossus ejo. es el mayor productor de sorgo del sorgo ha resultado en un incremento compañado de diversas plagas, siendo familias) que afectan al sorgo en todo lo, reduciendo su productividad hasta rmativas incluyen las plagas insectiles, descripción del daño, distribución y un manual, para emplearlo como una manejo modernas, control cultural y os vegetales, insecticidas sintéticos y n el objetivo de utilizar un enfoque ionalmente, se resumieron algunas de e manejar las plagas, comenzando con resistentes, el programa de Manejo prácticas de limpieza, fecha óptima de y no hospedantes, así como el uso os polinizadores y enemigos naturales. Ecología y Manejo de Plagas Clave de Insectos del Sorgo",https://dj.senasica.gob.mx/Contenido/files/2021/febrero/Monitor_Fito_27012021_645ed1d8-c9a1-46cf-b42e-68794425bd75.pdf
GC-0082,monitoreo,accion_y_diagnostico,alta,100,openknowledge.fao.org,Documento PDF,"Copitarsia decolora Guen caracterización molecular y de tres de sus h publicado. Colegio de Pos Acuña, R. Compendio de fitopatógenos y Forestal Chile; Ministerio de Agricultura de Agrios, G. 5th editi pathology, University of Florida. Lista de insectos y otros Perú. Estación Experimental Agrícola La M 176 p. Records of Coreidae (Hemip Naturalist. Amate, J., Barranco, P. Bio de noctuidos plaga (Lepidoptera: Noctuidae Angulo, A. Clave para ide (Lepidoptera: Noctuidae). Revista Chilena de Angulo, A.O. Taxonom 1906, (Lepidoptera: Noctuidae: Cuculliinae). La polil especies con base en la morfología genital m Revista de Biología Tropical. 58:769 – 776 Angulo, A; Olivares, T & Weigert, G. E importancia económica agrícola y forestal Universidad de Concepción y Corporación Angulo, A.O. Esta importancia económica en Chile y claves Sociedad de Biología de Concepción. Publi Angulo, A.O.; Jana-Sáenz, C.; Parra, L.E. & Ca asociados a algunos cultivos en Chile (Le Gayana, Zoología 54: 51 – 61 Angulo, A.O.; Olivares, T.S. (200 de importancia económica agrícola y fore Siglo Veintiuno Ltda., Concepción, 154 p. (200 de importancia agrícola y forestal en Ch Noctuidae), 3ª edición, Universidad de Con ura citada Su preferencia por brócoli, col y coliflor, su enópteros parasitoides. Tesis de Doctorado no aduados. cultivos agrícolas en Chile. Potencia Alimentaria obierno de Chile, 122 pp. Elsivier Academic Press. Department of plant imales dañinos a la agricultura en el Perú. Dirección General de Investigación Agraria, a) from the Nevada test site. The Great Basin gía en condiciones controladas de especies Boletín de Sanidad Vegetal, Plagas. ficar pupas de especies de noctuidos chilenos tomología. update of the species of Copitarsia Hampson yana. 67:33 – 38 Copitarsia decolora: revisión del complejo de culina y de los huevos (Lepidoptera: Noctuidae). dos inmaduros de lepidópteros noctuidos de Chile (Lepidoptera: Noctuidae). Concepción, cional Forestal (CONAF). s inmaduros de lepidópteros noctuidos de a su determinación (Lepidoptera: Noctuidae). Lista de lepidópteros noctuidos optera: Noctuidae): status sistemático actual. Estados inmaduros de Lepidópteros noctuidos en Chile (Lepidoptera: Noctuidae). Impresos Estados inmaduros de lepidópteros noctuidos y claves para su identificación (Lepidoptera: ción, Concepción, Chile",https://openknowledge.fao.org/server/api/core/bitstreams/518339ec-6cb9-4a3c-970f-82ca6d32328d/content
GC-0083,monitoreo,accion_y_diagnostico,media-baja,100,gob.mx,Documento PDF,"Palomilla del tomate (Tuta absoluta). Tuta absoluta por tratarse una plaga Epidemiológica Fitosanitaria se basa en Fitosanitarias relacionadas en materia de siguientes: la NIMF , “Requisitos para (CIPF, 2017); NIMF , “Vigilancia” (CIPF, 20 de una plaga en un área” (CIPF, 2022); NIM 2019) y la NIMF , “Reconocimiento d prevalencia de plagas” (CIPF, 2017). a) Monitorear con trampas cromotrpic plantación), a las que se les puede in adultos. Las trampas adhesivas en a tanto machos como hembras. Puede banda adhesiva, de un mínimo de 15 del invernadero o malla, a una altura las trampas cromotrópicas si hay con b) Preparar el terreno garantiza la ause ya que puede haber pupas de las cua c) Solarizar el terreno es eficaz para m alcanzan temperaturas próximas a l temperaturas son menores de 20 ºC. d) Implementar rotación de cultivos (evi e) Utilizar material vegetal propagativo visuales de las plántulas. f) Eliminar foliolos con presencia de larv niveles de ataque, lo que podrá com contacto o acciones de control biológ g) Eliminar hojas que presenten galerías ataques, en cultivos pequeños en inv SERVICIO NACIONAL DE SANIDAD, INOCUIDAD Y CALIDAD AGROALIMENTARIA DIRECCIÓN GENERAL DE SANIDAD VEGETAL arentenaria el Programa de Vigilancia as Normas Internacionales para Medidas plagas reglamentadas, las cuales son las establecimiento de áreas libres de plagas” ); NIMF , “Determinación de la situación o. 23, “Directrices para la inspección” (CIPF, áreas libres de plagas y de áreas de baja amarillas o azules (10-15 días antes de la uir feromona, para eliminar la población de encia de hospedantes, atraen a los adultos, ser franjas continuas o discontinuas de una de ancho, en las zonas interiores periféricas superior a los 80 cm, se recomienda retirar l biológico. a de la plaga en el momento de trasplante, emergerán los adultos. ar pupas, en un rango de 4 semanas si se 60 ºC (invernaderos) o de 8 semanas si las solanáceas). bre de esta plaga, y realizar inspecciones o pupas en infestaciónes iniciales con bajos lementarse con tratamientos químicos de. Al principio de los naderos, se deben retirar manualmente las",https://www.gob.mx/cms/uploads/attachment/file/979075/54._MEDIDAS_DE_MANEJO_PARA_PLAGAS_BAJO_VIGILANCIA_EPIDEMIOL_GICA_FITOSANITARIA_EN_2023.pdf
GC-0084,monitoreo,accion_y_diagnostico,alta,100,repositorio.chapingo.edu.mx,Documento PDF,"EVALUACIÓN DE PRÁCTICA EN EL CONTRO (Spodoptera frugiperda J. Sm José Ter Efecto de productos qu de daño, severidad de daño y v cogollero del maíz (Spodoptera fu (15/06/13). Productos Infes Químicos de p (nl Testigo 0.2 Lorsban® 480 EM (Clorpirifos) 0.2 Denim® 19 CE (Benzoato de emamectina) 0.1 Prueba de Tukey (P < 0.05). Cifras con estadísticamente iguales. nlpp= Número Respecto a los productos biológic (P≤ 0.05) en la severidad de da Crymax® GDA (Bacillus thurin respectivamente; en tanto que B severidad y vigor de la planta sim incidencia de daños, así como la efecto de tratamiento ( ). ha-1 Crymax® GDA es suficiente p maíz, con una disminución signific planta presenta un mejor desarrol con lo reportado por Carmona (2 Bacillus thuringiensis toxica a Sp significativas en los ensayos cua gusano cogollero del maíz, con efe UÍMICAS, BIOLÓGICAS Y CULTURALES EL GUSANO COGOLLERO ) EN EL CULTIVO DEL MAÍZ (Zea mays L.) es Salgado (2015) icos en la infestación de plaga, incidencia r de la planta en el control del gusano perda), en la fecha de siembra temprana ión Inc. Altura Vigor ga daños daños planta planta ) (%) (%) (cm) (1-5) a 69.5 a 13 a 196 a 3.8 b a 63.7 a 11 a 195 a 4.0 b b 27.6 b 4 b 200 a 4.4 a mismas letras dentro de una misma columna son arvas por planta. sólo se encontraron efectos significativos s y vigor de la planta cuando se aplicó ensis), con valores de 8% y 4.2, B® (Beauveria bassiana) desarrolló una ar al testigo; la infestación de la plaga e tura de la planta no fueron variados por anterior significa que aplicando 0.512 kg tener bajo control el gusano cogollero del a de la severidad de daño y por lo tanto la y vigor. Estos resultados son coincidentes 2), quien aisló y caracterizó una cepa de optera frugiperda y encontró diferencias tivos contra larvas del primer instar del s de alta toxicidad (90 %)",https://repositorio.chapingo.edu.mx/server/api/core/bitstreams/1e32b0a0-3db2-4df6-a7bc-53509201c279/content
GC-0085,monitoreo,accion_y_diagnostico,alta,100,redalyc.org,Documento PDF,"cuerpos fructíferos de los ho clasificó según el manual de comunes que atacan en Am (Finch y Finch, 1990). Resultados y discusió Colecta y crianza en diet Con las colectas realiza diferentes zonas del país, el establecimiento del pie Spodoptera frugiperda en las del CIB. Durante la colect se observó cómo esta plaga con el nivel de incidencia e puede causar daños leves o severos, generando pérdidas significativas que obligan a tomar medidas inmediata como el uso de un insecticid de contacto. Inicialmente, se obtuvo una de 29 larvas a partir de los 4 introducidos en el Laborato sólo estos llegaron a la e permitiendo así el establecim de cría. En un estudio acerc Gráfico 1. Porcentaje de mortalid 32 , N.° 4 2009 s y se los biológico de Spodoptera frugiperda en s hongos maíz efectuado por pérez (2000), se ca Latina reporta que a 25 °C, cada hembra pone en promedio alrededor de 944 huevos, por lo que la sobrevivencia inicial después de la colecta garantizaba la descendencia que permitiera el establecimiento del atural pie de cría, con baja consanguinidad interespecífica por la diversa procedencia en las del material colectado. comenzó cría de Durante esta etapa de crianza con dieta alaciones natural, se obtuvo una alta tasa de n campo mortalidad de los individuos en estudio. acuerdo En el gráfico 1 se muestra los resultados l cultivo, porcentuales de la mortalidad y se ños muy observa que la tasa más alta corresponde onómicas a la primera generación, de modo que fue agricultor disminuyendo a medida que avanzaban las e control nuevas etapas generacionales. stémico o En la primera etapa del ensayo, la mortalidad alcanzó el 46,15%. Una de endencia las causas de la alta mortalidad fue el emplares canibalismo practicado por las larvas, las ya que cuales, aún en presencia de abundante a adulta, alimento, se comían unas a otras, por o del pie lo que fue imperante la necesidad de el control individualizarlas, con lo que se logró de los ejemplares de Spodoptera frugiperda criados en laboratorio.",https://www.redalyc.org/pdf/6998/699878336003.pdf
GC-0086,monitoreo,accion_y_diagnostico,media-baja,100,gob.mx,Documento PDF,"MANUAL OPERATIVO DE LA CAMPAÑ azúcar, frutales, entre otros cultivos suscept infestaciónes extensivas se escogerán estratégic 4.2.1. Metodología de muestreo En primer lugar, el campo debe estar adecuadam señaladas y debe contarse con un mapa o al m elementos que permitan eventualmente “zonif ejemplo, dividiendo “loma” de “media loma” ó “b Para determinar el nivel de infestación de un s maleza, aplicando una regla de tres en relació cantidad de manchones (conjunto de plantas) y/ superficie que cubre todos y cada uno de ellos, caso la infestación se obtendrá de la siguiente m Superficie de cobertura de los 10 Infestación=� Donde Superfi Porcentaje de manchones y/o plan 𝑋𝑋 = Para calcular la superficie que cubre Ploar cemnata circunferencia de la base del tallo o del mac necesarias para estimar el área en Google Earth La importancia de delimitar el predio o los sitio un rango hacia los predios aledaños, por lo que los sitios aledaños que se encuentren dentro d infestado. Sí en estos se detecta también presen muestreo tal y como se establece. Fig 1 Delimitación Boulevard Adolfo Ruiz Col. Insurgentes Cuicuilco, Coyoa Tel. +52 (55) 5905-1000 ext. 51 CONTRA MALEZAS REGLAMENTADAS s a ser invadidos. Si se trata de áreas con ente por lo menos 10 sitios. te identificado con sus coordenadas claramente s un croquis de la situación topográfica y otros ” el relevamiento, si así fuese necesario (por ”). se deberá calcular el área de cobertura de la a la superficie total del sitio (100%). Si por la plantas individuales no es posible determinar la berá estimarse para diez de estos (as) y en este era: nchones y/o plantas individuales X 100� + X del sitio ndividuales no estimadas su cobertura o tarle (g1la0m0 %en)tada detectada se puede medir la o, o bien, tomar las coordenadas geográficas festados es evitar la dispersión de la maleza en pondrá especial atención en la exploración de un radio de 100 mts a partir del primer punto de malezas reglamentadas se deberá realizar el foco de infestación.",https://www.gob.mx/cms/uploads/attachment/file/625768/Manual_operativo_de_la_campa_a_contra_malezas_reglamentadas.pdf
GC-0087,monitoreo,accion_y_diagnostico,media-baja,100,repositorio.una.edu.ni,Documento PDF,"Comparación de los tratamiento afectación de Spodoptera frugiperda en el c Plantas Larva Tratamientos afectadas Total T1 4.50 b 7.66 b T2 4.50 b 6.66 b T3 5.00 ab 6.00 b T4 4.66 b 8.50 a T5 4.83 ab 8.16 a T6 4.33 b 9.66 a T7 7.83 a 14.33 a T8 7.83 a 13.33 a Días después de la germinación 11 7.25 a 11.50 a 18 6.75 ab 8.75 a 25 6.25 ab 11.00 a 32 5.75 ab 12.00 a 39 4.50 bc 8.87 a 46 2.12 c 3.62 b *Promedios con letras en común no difieren esta La mortalidad está determinada por la relac encontradas y la cantidad de larvas muerta uno de los tratamientos, en donde se calc tratamientos que contenían Beauveria bas menores al 50 % en todas las fases de d mostraron mortalidades en el rango de los 2 mayores incidencia son registradas en las ( ). etapas de muestreo (Tukey= 0.05), en la ivo de maíz (Z. mays L.) Larvas Larvas vivas Muertas Promedios 7.33 a 0.33 b 5.33 ab 1.50 b 5.66 ab 0.33 b 7.66 a 0.83 b 6.33 a 1.83 b 4.83 ab 1.50 b 3.50 ab 10.83 a 1.50 b 12.00 a 5.62 ab 5.62 a 4.25 bc 4.50 ab 8.12 a 2.87 ab 7.75 a 2.00 b 4.87 bc 4.00 ab 1.00 c 2.62 ab camente al 95 % de confianza (Tukey= 0,05). existente entre la cantidad de larvas totales egistradas (Arellano-Reyes, 2023), en cada una mortalidad 85.80 al 96.97 % en los na, con mortalidades mayores e incidencia rrollo del cultivo, los demás tratamientos 75 %, exceptuando al control absoluto, las meras etapas de crecimiento de la planta",https://repositorio.una.edu.ni/4727/1/tnh10v434.pdf.pdf
GC-0088,monitoreo,accion_y_diagnostico,alta,100,scielo.org.mx,Documento PDF,"Efectos genéticos de la resistencia a Spodoptera frugiperda en líneas de maíz de Cervantes, O. A.; Bergvinson, D.; Crossa, J. Estimación de efectos genéticos relacionados con el vigor de la semilla y de la plántula en maíces tropicales mexicanos. Heterosis y aptitud combinatoria de poblaciones de maíz tropical. El juicio de los transgénicos. Acumulación de antocianinas en pericarpio y aleurona del grano y sus componentes genéticos en poblaciones criollas de maíz pigmentado. Nuevo método para el muestreo de Spodoptera frugiperda (J. Smith) en el cultivo del maíz en Cuba. Mejoramiento por resistencia a los principales virus de la papa. manejo integrado. In: el maíz en los trópicos: mejoramiento y producción. L.; Granados, G.; Lafitte, H. Mejoramiento para resistencia a los insectos. Concept of general and specific combining ability in relation to diallel crossing systems. Aptitud combinatoria general y específica de germoplasma tropical de maíz. Cultivos y alimentos transgénicos en México. El debate, los actores y las fuerzas sociopolíticas. Respuesta de las plantas al estrés por déficit hídrico. as de germoplasma nativo de Tamaulipas 1341 Murúa, M. Population dynamics of the gusano cogollero, Spodoptera frugiperda (Lepidoptera: Noctuidae) and its parasitoids in Northwestern Argentina. El gusano cogollero del maíz (Spodoptera frugiperda Smith). Corpoica Ecorregión Caribe Centro de Investigación Turipaná. Fluctuación poblacional y daños causados por gusano cogollero (Spodoptera frugiperda JE Smith) en maíz cultivado en el sistema de producción continúa afectado por el huracán Isidoro. Rendimiento de grano y sus componentes en maíces nativos de Tamaulipas evaluados en ambientes contrastantes. Importancia de la resistencia del maíz nativo al ataque de larvas de lepidópteros. Expresión de la antibiosis y de la antixenosis contra el pulgón negro de los cereales (Sipha maydis) en cultivares comerciales de trigos. Herencia de capsaicinoides en chile manzano (Capsicum pubescens R. Imprinting in plants. Análisis genético de la tolerancia a Cercospora spp. en líneas endogámicas de maíz tropical. M.; Cosio, E.; Loyola, V. Mecanismos químicos de defensa en las plantas. DIALLEL-SAS05: a comprehensive program for griffing’s and Gardner-Eberhart analyses",https://scielo.org.mx/pdf/remexca/v8n6/2007-0934-remexca-8-06-1329.pdf
GC-0089,monitoreo,accion_y_diagnostico,alta,100,repositorio.chapingo.edu.mx,Documento PDF,"REVISIÓN DE LITE 2.1. Generalidades del cultivo de m El maíz es un cultivo que tiene una gr produce bajo condiciones de clima y sue y bajo riegos controlados (Glanze, 1980 Con el tiempo se han introducido va rendimiento y soportar el ataque de las p muy bien aceptadas por la industria mencionan que la densidad de siembra del suelo; b) la cantidad disponible de h que se siembra; d) la variedad que se cu 2.2. Descripción botánica La raíz de la planta es robusta y fascic para la adquisición de agua y nutrientes raíces adventicias, el tallo es un eje form es de entrenudos cortos, mientras que e constituidas de vaina, cuello y lamina, e prominente en el envés de la hoja y cón tiene forma de panícula y está situada femenina, la fruta, se sitúa a media altu realidad por numerosas flores dispuest envuelta por falsas hojas llamadas brác 2.3. Principales insectos plaga en m 2.3.1. Gusano trozador Agrotis ipsilo También son hospedantes de sorgo y alg en la noche, el nombre de gusano troz ATURA. capacidad adaptativa debido a que se diferentes, se puede cultivar en temporal dades mejoradas para incrementar el gas y enfermedades, las cuales han sido Parsons, 1988); Delorit, et. al., 1987, á dada por factores como: a) la fertilidad medad en el suelo; c) el objetivo para el ve, y e) el porcentaje de germinación. da, que además de ser una de las vías rve de anclaje de la planta junto con sus o por nudos y entrenudos, la parte inferior a superior son cilíndricos; las hojas están nervio central está bien desarrollado, es vo en el lado superior; la flor masculina la parte superior de la planta y la flor de la planta. La flor está compuesta en en una ramificación lateral, cilíndrica y s (Ortigoza et al., 2019). z Hufnagel) (Lepidoptera: Noctuidae) onero, las larvas son activas únicamente or es porque corta la planta al nivel del 13",https://repositorio.chapingo.edu.mx/server/api/core/bitstreams/103a70c2-db3e-449a-8463-4aa0760cb516/content
GC-0090,monitoreo,accion_y_diagnostico,alta,100,openknowledge.fao.org,Documento PDF,"• Masticadores de follaje: Chrysodeixis i frugiperda, Copitarsia spp., Epitrix spp Se examina la planta completa para dete cuidadosamente las hojas y, en caso esté o panoja. Las especies de Spodoptera sp Chrysodeixis includens y Copitarsia corruda de las posturas permitirá el control oportun En la cartilla de evaluación se registra lo sig • Para Spodoptera spp.: • Número de masas de huevos por p • Número de plantas infestadas. • Número de larvas por planta. • Para Chrysodeixis includens, Copitarsia s • Número de plantas con posturas. • Número de plantas infestadas. • Para Epitrix spp.: • Número de plantas infestadas. • Número de adultos por planta. • Minadores de hojas: Liriomyza brazilie Las plántulas germinadas pueden ser daña minadoras. Para detectar las primeras inf evaluar por metro lineal de planta (como e evaluación se registra lo siguiente: • Número de adultos posados en un met Cuando las plantas estén más desarrol de larvas minadoras, procedemos a e plantas, acercándonos cuidadosament Es importante indicar que los adultos ahuyentan con facilidad. Posteriorment y dos hojas del tercio inferior para regist En la cartilla de evaluación se registra lo s • Número de adultos posados por planta • Número de plantas infestadas por adul • Número de hojas minadas (con larvas v • Chinches: Liorhyssus hyalinus, Nysius s Se examina completamente las plantas p udens, Spodoptera eridania, S. ar la presencia de huevos y larvas. Se revisa n la etapa de panojamiento, la inflorescencia colocan sus huevos en masas, mientras que s colocan de manera individual. La detección de la plaga. huidobrensis con las picaduras de los adultos de las moscas aciones y monitorear su evolución, podemos aso de los gusanos de tierra). En la cartilla de ineal de plántulas. as y los adultos hayan tenido una generación uar primero a los adultos posados sobre las ara realizar un conteo rápido de las moscas. las moscas minadoras son muy activos y se e deberá examinar dos hojas del tercio medio el número de hojas minadas (con larvas vivas). ueñas o la panoja completa, según el estado 129",https://openknowledge.fao.org/server/api/core/bitstreams/518339ec-6cb9-4a3c-970f-82ca6d32328d/content
GC-0091,monitoreo,accion_y_diagnostico,media-baja,100,biblioteca.usac.edu.gt,Documento PDF,"Según el análisis de medias, el porce cogollero del maíz, no evidencia un cam muestro número seis que se realizó a lo cambio de las medias obtenidas en el m Según el análisis marginal todos los p mismo efecto sobre el daño foliar nuevo. a lo largo del tiempo, según la prueba m tiempo. En todos los muestreos se observó con d posible caso de fitotóxicidad ocasiona Escala European Weed Research Soc correspondía al no observar síntoma investigación no se observó presencia d de aplicación de insecticida. 2.7.7 Análisis de resultados El tiempo de ejecución de la investigació muestreo, transcurriendo desde el prim durante el cual se realizó el constante m ocasionaba en el follaje. Fue important plantas, para poder identificar la presenc En la , se observa como fue el cogollero del maíz, durante los 33 días obtenida en el análisis de varianza (cua evidentemente las plantas que no recibi insecticidas (testigo=sin aplicación), pre 75 aje de daño nuevo ocasionado por larvas del o significativo desde el muestreo inicial hasta el 8 días de edad del cultivo. Siendo significativo el streo siete respecto a los demás muestreos. ramas de rotación de insecticidas producen el estudiar los efectos de los insecticidas químicos inal existe un efecto interactivo dependiendo del alle cada planta con la finalidad de detectar algún por alguna molécula de insecticida. Según la y ( ), la asignación del valor uno (1) uno en la planta. Durante el desarrollo de la oxicidad producto del efecto de algún programa ue de 47 días desde la siembra hasta el séptimo muestreo hasta el último un lapso de 33 días, nitoreo de la densidad larval y el daño que esta a observación detenidamente del follaje de las de posibles síntomas de fitotóxicidad. mportamiento de la población larval del gusano l desarrollo de la investigación. La significancia o 16), se puede observar en la , donde n aplicación alguna de las diferentes moléculas ntaron la mayor densidad larval del cogollero de",http://biblioteca.usac.edu.gt/tesis/01/01_3355.pdf
GC-0092,monitoreo,accion_y_diagnostico,media-baja,100,bdigital.zamorano.edu,Documento PDF,"Coeficientes de correlación ( frugiperda capturadas en tra 2001. Misma semana Repetición r P 1 0.56 0.188 2 -0.29 0.493 3 -0.11 0.792 4 0.12 0.791 5 0.55 0.163 *Significativo Coeficientes de correlación ( trampas y número de larvas Misma semana Repetición r P 1 -1 0.001* 2 0.91 0.207 3 0.99 0.040 4 1 0.001* 5 -0.12 0.878 * Significativo Ns: no hay datos suficientes para la corr En todas las repeticiones se observa un Sin embargo, no se puede confirmar q methomyl a las mazorcas. Además est feromonas ( ). 4.1.4 Altura de plantas de maíz dulce Se encontró una diferencia significativa cm) y el lote sin feromonas (x = 78.44 c 4.1.5 Rendimiento No se encontraron diferencias significat cosechadas con tuza (P = 0.324) y el p encontraron diferencias significativas 0.609) y no comerciales (P = 0.637). 17 arson) entre adultos machos de Spodoptera as y número de larvas en plantas. vas de 1 semana Larvas de 2 semanas después Después r P r P 78 0.068 0.92 0.029* 13 0.787 0.54 0.273 09 0.847 0.52 0.294 45 0.369 -0.11 0.864 11 0.815 -0.13 0.800 arson) entre Helicoverpa zea capturadas en plantas. vas de 1 semana Larvas de 2 semana después Después P r P 1 0.001* Ns Ns 1 0.001* Ns Ns 45 0.702 -1 0.001* 0.001* -1 0.001* 23 0.771 0.99 0.010* ción. isminución en la cantidad de larvas de H. sea debido a las feromonas, ya que se inyectó ndencia se observó también en las parcelas sin = 0.001) entre el lote con feromonas (x = 91.32 s entre tratamientos en el peso de las mazorcas sin tuza (P = 0.438) ( ). Tampoco se valuar el total de mazorcas comerciales (P =",https://bdigital.zamorano.edu/bitstreams/ee917e04-7796-4d70-b64a-7cfc56542ed9/download
GC-0093,monitoreo,accion_y_diagnostico,media-baja,100,repositorio.una.edu.ni,Documento PDF,"Número de plantas afectadas y lar cultivo de maíz Un aspecto de gran importancia en analizar de larvas del insecto plaga, se determinó q absoluto se contabilizaron la mayor cantida larvas, probablemente esto obedezca a la moléculas químicas. Las menores afectaci empleó Beauveria bassiana a concentración de afectación al cultivo fue en las primeras días, con la mayor presencia de larvas en lo por planta), es en esta fase en donde se deb evitar pérdidas económicas ( ). El ba a la planta llegando a causar pérdidas del 1 en los primeros estados de desarrollo de 2023). El efecto de los tratamientos en el manejo de la presencia de larvas muertas del insecto bassiana 1 g l-1 de agua), donde se contab presencia de micelio del hongo en el cuerp se registró la menor cantidad de larvas viva (Capsicum annuum, Alliums sativum), a co desarrollo de la planta a los 25 días fue do muertas, esto posiblemente obedezca a la a dos aplicaciones previas al conteo ( totales de Spodoptera frugiperda en el a cantidad de plantas afectadas y la cantidad el tratamiento químico (Testigo) y testigo e afectaciones y por ende mayor cantidad de sistencia adquirida por el insecto a estas s se registraron en los tratamientos que se 1 g l-1 de agua, en el caso de los momentos pas de desarrollo desde los 11 hasta los 25 ogollos de la planta de maíz (µ= 1.25 larvas alizar un manejo oportuno de la plaga para rendimiento es asociado al daño ocasionado 75 %, por lo cual se debe manejar la plaga planta (Marulanda-Moreno, 2022; Chuan, vas de Spodoptera frugiperda, se determinó mediante iendo el tratamiento uno (T1= Beauveria ó el mayor número de larvas muertas con el insecto, así mismo, para este tratamiento eguido por Bioeco- Biorep ® AC ® 14 EC entración de 1 ml l-1 de agua. En cuanto al se registraron la mayor cantidad de larvas ón de los tratamientos al haberse realizado",https://repositorio.una.edu.ni/4727/1/tnh10v434.pdf.pdf
GC-0094,monitoreo,accion_y_diagnostico,alta,100,redalyc.org,Documento PDF,"Zoila Reséndiz Ramírez, et al. Aptitud combinatoria y resistencia al da De la Cruz, L. de maíz trop Devine, G. J.; Eza, contexto y c 25:74-100. N.; M Rendimiento Rev. y Spodoptera  Agrícola. y M recién cosech Puebla. y maíz (Zea m federativa. A.; Ram diversidad fe maíz cacahua González, M. de maíz nat Investigación 62:77-84. P.; P.; Lozano, d y específica 10:101-107. and G Diatraea lin level and te Entomol. y Ca INIFAP bole Luna, O. P.; Guerr y componen 29:243-253. Y El género As y Perspectiva Medina, M.; Abad adaptación d Agrociencia PDF generado a partir d Proyecto académico sin fines de lucro, de iar de Spodoptera ugiperda (J. Smith) en germoplasma de ma... Heterosis y aptitud combinatoria de poblaciones Фhyton. Uso de insecticidas: cuencias ecológicas. terosis y depresión endogámica de cruzas simples de maíz. Nuevo método para el muestreo de erda (J. Smith) en el cultivo del maíz en Cuba. Especies de Fusarium en granos de maíz y desgranado en el campo en la región de Ciudad Serdán, x. El mercado de la semilla mejorada de L.) en México. Un análisis del saldo comercial por entidad Fitotec. Variabilidad genética, ípica e identificación de poblaciones sobresalientes de tle. Programa de manejo, conservación y mejoramiento de la Facultad de Ingeniería y Ciencias de la UAT. Ciencia de la Universidad Autónoma de Aguascalientes. Aptitud combinatoria general ermoplasma tropical de maíz. d combinatoria de híbridos de maíz para la Comarca itotec. gusano cogollero (Lepidoptera: Noctuidae) and a (Lepidoptera: Pyralidae): impact of larval population ral occurrence on maíz yield in Nicaragua. Control del gusano cogollero en maíz. Boletín electrónico año 1. Aptitud combinatoria genéticos en líneas de maíz. Universidad y Ciencia. illus y sus micotoxinas en maíz en México: Problemática evista Mexicana de Fitopatología 31:126-146. Estudio metodológico de ultivares de maíz para silo a las condiciones de Uruguay. ML-JATS4R por Redalyc ollado bajo la iniciativa de acceso abierto",https://www.redalyc.org/journal/2631/263158448007/263158448007.pdf
GC-0095,monitoreo,accion_y_diagnostico,alta,100,repositorio.chapingo.edu.mx,Documento PDF,"EVALUACIÓN DE PRÁCTICA EN EL CONTRO (Spodoptera frugiperda J. Sm José Ter 4.5, 4.4 y 4.3 respectivamente. Lo ellos y el testigo, aunque el peor t sólo con un 0.31 de infestación y u tratamiento ocurrió con la inciden tratamiento fue al aplicar Denim® combinación con los productos Cr (Beauveria bassiana) con valores 34.0 respectivamente y para la respectivamente. Respecto a la fecha tardía, no h para la infestación de la plaga, p Denim® (Benzoato de emame significativamente menor al rest diferenciaron estadísticamente de mejor efecto en el vigor de la plan (Benzoato de emamectina) solo, c al aplicar el Denim® 19 CE (Be (Bacillus thuringiensis) o con Bea y 4.44, respectivamente, pero a la últimos con el resto de los tratam daños fue de menor efecto que la tendencia que ésta última. La altu tratamientos ( ). UÍMICAS, BIOLÓGICAS Y CULTURALES EL GUSANO COGOLLERO ) EN EL CULTIVO DEL MAÍZ (Zea mays L.) es Salgado (2015) emás tratamientos no se diferencian entre amiento fue al aplicar el Lorsban® 480 EM vigor de 3.9. Algo muy similar en efecto de y severidad de daños, es decir, el mejor CE (Benzoato de emamectina), solo o en ax® GDA (Bacillus thuringiensis) o Bea B® ra la incidencia de daños de 24.5, 24.6 y veridad de daños de 3.13, 3.26 y 4.73 estadística en la altura de planta (Cuadro o efecto significativo entre los tratamientos o sí en la incidencia de daños al aplicar na) solo, con 12.6% de incidencia, de los tratamientos, los cuales no se estigo. Lo anterior con un consecuente principalmente al aplicar el Denim® 19 CE 4.81 de vigor, siguiéndole en importancia oato de emamectina) con Crymax® GDA (Beauveria bassiana), con valores de 4.33 ez sin diferencia estadística de estos dos ntos y el propio testigo. La severidad de cidencia de daños, con una ligera misma de planta no varió significativamente entre 54",https://repositorio.chapingo.edu.mx/server/api/core/bitstreams/1e32b0a0-3db2-4df6-a7bc-53509201c279/content
GC-0096,monitoreo,accion_y_diagnostico,alta,100,repositorio.chapingo.edu.mx,Documento PDF,"Control etológico Se realiza aprovechando las reacciones d naturaleza química, física y/o mecánica. D insectos de la misma especie. Mensajes e sexual, alarma, orientación entre otros, el cebos, repelentes, y sustancias diversas 2001). Por medio de trampas de atrayente demostrado resultados favorables para red al capturar los adultos machos y hembras en las orillas del cultivo estratégicamente (r por semana (FAO, 2017). Control biológico El control biológico se fundamenta en el us virus, nematodos y bacterias dirigido al ins Los entomopatógenos utilizados para el Bacillus thuringiensis, el Virus de la Polied rileyi (Farlow) Samson y Paecilomyces fu en la bioregulación de las poblaciones de l una infestación baja y no constituyen un frugiperda es regulada biológicamente por v y entomopatógenos. Reducen aproximada pupas naturalmente (Vargas y Sánchez, 1 al cultivo desde época muy temprana, increm infestación (García et al., 1999). Los depreda especies como: Coleomegilla maculata De convergens Guerin-Meneville, la chinche o Orius insidiosus Say, la chinche pajiza Nab Herrich-Schaeffer, Podisus maculiventris respuesta a la presencia de estímulos de ido a mecanismos de comunicación entre iados y recibidos pueden ser de atracción o de feromonas, atrayentes en trampas o n efectos equivalentes (Trujillo y García, base de feromonas y trampas de luz han r los niveles de infestación de la plaga de S. Se deben ubicar las trampas adas 20 m entre ellas) revisando dos veces e plaguicidas realizados a partir de hongos, o plaga. ntrol del gusano cogollero son la bacteria sis Nuclear (VPN) y los hongos Nomuraea soroseus (Wise). Parasitoides contribuyen aga. Estas estrategias son empleadas con sgo económico. (Vázquez et al., 2007). as especies de parasitoides, depredadores ente el 50 % de la población de larvas y 3). Estos organismos inician su colonización tando sus poblaciones paralelamente con la res mayormente son polífagos generalistas eer, Cycloneda sanguínea L., Hippodamia a Geocoris punctipes Say, la chinche pirata spp., la chinche asesina Apiomerus pictipes y, crisopas Chrysoperla spp., las tijeretas 21",https://repositorio.chapingo.edu.mx/server/api/core/bitstreams/ff63bcad-5d61-4d60-99e9-1fca14a431e0/content
GC-0097,monitoreo,accion_y_diagnostico,alta,100,repositorio.chapingo.edu.mx,Documento PDF,"EVALUACIÓN DE PRÁCTICA EN EL CONTRO (Spodoptera frugiperda J. Sm José Ter acción sistemática que está hech Bb102 que al germinar, el hong colonizando de micelio, la cavida 2014). La siembra temprana se llevó a ca el 15 de Julio del 2013, con una d Se fertilizó con la fórmula 190-9 fertilizaciones foliares como el paq cada fertilización edáfica. Los productos químicos Lorsban® 0.625 L ha-1 y DENIM® 19 CE (Be L ha-1; los productos biológicos aplicó a una dosis de 0.512 kg ha- de 0.750 L ha-1. Para la aplica biológicos, se usó una aspersora m primera aplicación a la siembra t cuando la plaga registró una incid respectivamente; en la siembra ta Agosto del 2013 tomando en cuen de la siembra temprana. Una segu la primera en cada fecha de siemb La cosecha se realizó una vez que 30 de noviembre del 2013 en form UÍMICAS, BIOLÓGICAS Y CULTURALES EL GUSANO COGOLLERO ) EN EL CULTIVO DEL MAÍZ (Zea mays L.) es Salgado (2015) a base de Beauveria bassiana Cepa Abn penetra al interior del insecto hospedante hemolinfática y sus sistemas vitales (PTI, el 15 de Junio del 2013 y la siembra tardía sidad de siembra de 41, 250 plantas ha-1. 0 (N-P-K), además se complementó con te maizotes y el zacaris estos después de 0 EM (Clorpirifos) se aplicó a una dosis de oato de emamectina) a una dosis de 0.150 RYMAX® GDA (Bacillus thuringiensis) se Bea B ® (Beauveria bassiana) a una dosis n de los productos tanto químicos como nual de mochila de 15 L de capacidad. La prana se realizó el 15 de Julio del 2013 ia y severidad de la plaga del 50 y 2.5 %, a la primera aplicación se realizó el 10 de a misma incidencia y severidad de la plaga a aplicación se realizó 20 días después de mazorca alcanzó su madurez fisiológica el manual",https://repositorio.chapingo.edu.mx/server/api/core/bitstreams/1e32b0a0-3db2-4df6-a7bc-53509201c279/content
GC-0098,monitoreo,accionable,media-baja,100,gob.mx,Documento PDF,"La Norma Oficial Mexicana-059-SEMARNAT y la Naturaleza (IUCN, por sus siglas en inglés de acuerdo con el riesgo en el que se encue 1) En peligro de extinción (P) 2) Amenazada (A) 3) Sujetas a protección especial (Pr), en est phillipsii, Heteromys nelsoni, Neotoma phen Reithrodontomys raviventris por mencionar a En este sentido, en caso de registrar la pre deberán gestionar el enfoque y métodos de negativas, es decir, en caso de que exista la p protección especial, se deberá notificar ante como cambiar el enfoque de manejo, realiz fauna no blanco que caiga en las trampas se institución, mientras que los roedores qu sacrificados (Singleton et al., 2007). Esta medida consiste en realizar acciones qu de roedores mediante el manejo del hábitat, haciendo la limpieza exhaustiva de las parc propia del cultivo (hojas, semillas o frutos q hacerlas poco atractivas para las poblacione barreras físicas, por ejemplo, vallas de plást la eliminación de cuerpos de agua y e herramientas usadas en el mantenimiento d de escape. También se debe realizar la elimin o inundación de estas. 66 Vers Unión Internacional para la Conservación de nlistan especies de roedores y las categoriza an como: aso tenemos a ejemplares como Dipodomys Oryzomys Chapman, Peromyscus bullatus y nas (SEMARNAT, 2010; IUCN, 2022). ncia de especies con protección especial, se aptura y así evitar consecuencias ecológicas sencia de una especie que se encuentra bajo SEMARNAT la presencia de dicha especie, así do el trampeo de captura viva, para que la eubicada de acuerdo a las indicaciones de la sí sean considerados plaga, deberán ser viten o eliminen la presencia o permanencia decir, se debe eliminar la oferta de alimento s, eliminando las malezas así como basura pudieran estar en el suelo) ( ), para productivas de roedores además, de colocar sostenidas por postes de madera, así como ucturas (como ramas caídas, material o cultivo) que puedan utilizar como cobertura ión de madrigueras mediante la destrucción 1.0",https://www.gob.mx/cms/uploads/attachment/file/991555/MANUAL_ROEDORES.pdf
GC-0099,monitoreo,accion_y_diagnostico,alta,100,scielo.org.mx,Documento PDF,"y de Solanaceae frente a Zabrotes s https:// Hendrichs, J. Use of the sterile insect tec I. Egg parasitoids survey of Spodoptera maíz and sorghum in Central Mex insects11030157. A Review on the insecticid current status of practical use in Ko https:// Lannacone, J. Efecto de la (Homoptera: Aleyrodidae) y Liriomyza plagas del tomate en el Perú. Advances a for the management of pest Lepidop insects10110371. Montoya, P.; López, P.; Cruz, J.; Cadena, Diachasmimorpha longicaudata rele Anastrepha spp. larvae in disturbed zon https:// Ohyama, K.; Okawa, A.; Moriuchi, Y. and Fuj in Solanaceae plants: Involvement of Phytochemistry. Reporte preeliminar de ent Frugiperda (Lepidoptera: Noctuidae) en Orozco, S. M.; Hernández, F Manzanilla, R. y Niet para el control de Diaphorina citri Kuw México. 41(4):105 Pacheco, H. y Arriola, P control biológico en los sectores agrop Mex. History, presence and perspect insecticides and farm products for prote 52(4):229-241. V.; Ló Efecto de la aplicación en campo de m daños de insectos plaga en el cultivo de 34:477-496. Insect repe 12(4):154-158. 27 August 15 - September 30, 2022 ndramim, J. Bioactividad de extractos asciatus. que against key insect pests. ugiperda (Smith) (Lepidoptera: Noctuidae) in. https:// ctivity of neem extracts (azadirachtin) and its a. nona y neem sobre Bemisia tabaco Gennadius uidobrensis Blanchard (Diptera: Agromyzidae) rop. challenges of using the sterile insect technique. Effect of on the native parasitoid guild attacking f Chiapas, Mexico. Biosynthesis of steroidal alkaloids aldehyde intermediate during C-26 amination. 0.1016/j.phytochem.2013.01.010. opatogenos del ‘gusano cogollero’ Spodoptera hihuahua, México. Uso de aceites y extractos vegetales ama1 en lima mexicana en el Trópico Seco de 1066. Organismos entomopatógenos como uario y forestal de México: una revisión. i.org/10.29298/rmcf.v10i56.496. of using plant extracts as commercial botanical on against insects - a review. las de extractos vegetales sobre la presencia y aranthus hypochondriacus L. nts-past, present and future",https://scielo.org.mx/pdf/remexca/v13nspe27/2007-0934-remexca-13-spe27-69-en.pdf
GC-0100,monitoreo,accion_y_diagnostico,alta,100,agris.fao.org,Efecto de biosurfactantes en el control del gusano cogollero Spodoptera frugiperda Smith en cultivo de maíz,"Spodoptera frugiperda (Smith) es una de las plagas más agresivas del maíz, ya que afecta severamente el rendimiento del grano. Los biosurfactantes se plantean como una alternativa sostenible para el manejo de plagas. Evaluar en condiciones de campo el efecto de biosurfactantes de origen bacteriano para suprimir el daño por Spodoptera frugiperda en el cultivo de maíz. Se aplicaron tres biosurfactantes (NOD7, NOD3 y UTS) a 50 mg/L, obtenidos del cultivo líquido de la bacteria Serratia urilytica. Se incluyó un insecticida químico comercial, Palgus® (Spinetoram) a dosis de 0.6 mL/L. Se realizó una evaluación inicial y dos posteriores (72 y 144 horas después de la aplicación) de la incidencia (porcentaje de plantas dañadas) y la severidad de daño foliar (escala de daño de Davis). El experimento se estableció con un diseño de bloques completos al azar, siendo el factor de bloqueo la disponibilidad de agua en el sistema de riego Resultados y discusión. Se observó diferencia estadística significativa (P < 0.05) en la reducción de la incidencia de plantas dañadas, el biosurfactante NOD3 causó reducción de la incidencia de 55 a 23 %. Asimismo, el tratamiento UTS produjo una disminución de 52 a 18 % en la incidencia de daño. Los efectos del biosurfactante UTS fueron similares al del tratamiento químico Spinetoram. En cuanto a la severidad del daño foliar, las plantas tratadas con NOD3 no tuvieron aumentos en la severidad de daño. Estos resultados concuerdan con estudios previos que respaldan el uso de biosurfactantes de origen microbiano como agentes de control de plagas (Parthasarathi et al., 2023; Sachdev y Cameotra, 2013). La integración de los biosurfactantes con prácticas agrícolas adecuadas puede mejorar el control de plagas y disminuir el uso de agroinsumos químicos (Gavito et al., 2017). Los biosurfactantes UTS y NOD3 fueron los tratamientos más eficaces en reducir la incidencia de daño por S. Los biosurfactantes no produjeron disminución en la severidad de daño, como lo hizo el tratamiento químico Spinetoram.",https://agris.fao.org/search/en/providers/122436/records/6943cea1f2f3b9724407a06b
GC-0101,monitoreo,accion_y_diagnostico,media-baja,100,repositorio.unas.edu.pe,Documento PDF,"Sistema Integrado de Información Tax Information System: Report, Spodo taxonómico: 117472. Integrated T com/wuhxn44 Soria, S. Unidades térmicas para e mays L.) en la localidad de Cañete La Molina]. [En línea]: Tejeda, M., Solís, J., Díaz, J., Peláez, A insecticidas en el control de gusa (Lepidoptera: Noctuidae) en maíz 391−394. Insectos plaga en 15 geno selva peruana, Pucallpa [Tesis de p [En línea]: Trujillo, A. Incidencia de insectos condiciones de la molina [Tesis de p [En línea]: Vargas, J., Durán, L. Carranza, V., Víquez multiplicación de virus entomopató del maíz. Revista Tecnología En M ac.cr/index.php/tec_marcha/article/ Vásquez, J., Zeddam, J., y Tresierra, A. ( Spodoptera frugiperda, (Lepidop Iquitos-Perú. Folia Amazónica, gob.pe/index.php/foliaamazonica/a Vázquez, M., Rangel, J., Ibarra, J., y De control biológico y caracterización el gusano cogollero del maíz S Interciencia: Revista de ciencia y unirioja.es/servlet/ar 58 ómica [ITIS]. Integrated Taxonomic ra frugiperda (JE Smith, 1797) Número de serie onomic Information System (ITIS). [En línea]: esarrollo del cultivo de maíz amarillo duro (Zea esis de Maestría, Universidad Nacional Agraria rio. lamolina.edu.pe/handle/20.500.12996/2111 Ayvar, S., y Mena, A. Evaluación de cogollero Spodoptera frugiperda J. Smith Cocula, Guerrero. Entomología Mexicana, 3, os de maíz (Zea mays L.) bajo condiciones de la rado, Universidad Nacional Agraria La Molina]. edu.pe/ handle/20.500. 12996/4409 el cultivo de maíz morado (Zea mays L.) bajo grado, Universidad Nacional Agraria La Molina]. 500.12996/4618 , y Villalba, V. Colecta, identificación y os en el género Spodoptera presente en el cultivo cha, 24(1), 17-24. [En línea]: w/75 02). Control biológico del “cogollero del maíz” : Noctuidae) con el Baculovirus SfVPN, en 1-2): 25-39. [En línea]: le/view/132 incón, M. Evaluación como agentes de cepas mexicanas de Bacillus thuringiensis contra doptera frugiperda (Lepidoptera: Noctuidae). nología de América, 40(6), 397-402. [En línea]: ulo?codigo=5597667",https://repositorio.unas.edu.pe/bitstreams/8f1de6f3-b3c7-400c-be9d-f8fd214984d2/download
GC-0102,monitoreo,accion_y_diagnostico,media-baja,100,biblioteca.usac.edu.gt,Documento PDF,"XII RESUM El Ejercicio Profesional Supervisado, fue real Agronómico de la División CropScience de la encargada de realizar el desarrollo de la validació con efectos de insecticidas y fungicidas. Dentro de los cultivos en la costa sur de Guate químicas está el maíz (Zea mays L.), por la cad de Masagua del departamento de Escuintla se po trabajar estos procesos. Según el CDM y SEG cultivadas con maíz. Como todo cultivo, este es afectado por plagas área foliar de la planta. En este contexto se proc foliares más comunes que afectan al cultivo de realizar visitas guiadas por los ingenieros del agricultores, con la finalidad de conocer el nom reconocer en campo las plagas identificadas. Ta cultivados con maíz con el propósito de determinación taxonómica respectiva. Los especímenes fueron determinados, en el la Agronomía de la Universidad de San Carlos de Hernández entomólogo de la institución. Los res como chicharrita es un insecto chupador del gén tortuguilla es un insecto del grupo de los cocciné y el gusano que se come el área foliar del maí esencia la larva del insecto Spodoptera frugiperd do en el Departamento de Desarrollo mpresa Bayer S.A. Esta división es la en campo de nuevas moléculas químicas la, en los que se validan las moléculas a logística de la empresa en el municipio en acuerdos con agricultores para poder LAN (2010) en Masagua 4,007 ha son dentro de ellas están las que atacan el ó a realizar un diagnóstico de las plagas s diferentes agricultores. Fue necesario ea de CropScience y de los distintos re común de las plagas identificadas y bién se realizaron muestreos en campos ectar especímenes para realizar su atorio de entomología de la Facultad de uatemala, con el apoyo del Ing. Álvaro ados dictaminaron que la plaga conocida o Dalbulus spp., la plaga conocida como os y pertenece al género Diabrotica spp. onocido como gusano cogollero, es en (J.E",http://biblioteca.usac.edu.gt/tesis/01/01_3355.pdf
GC-0103,monitoreo,accion_y_diagnostico,media-baja,100,gob.mx,Documento PDF,"Barrenador esmerald a) En Norteamérica y Europa, Agrilus pla se recomienda: o Incrementar el vigor de los o Para prevenirla propagac destrucción mecánica de molienda o tratamiento térm o Además, para evitar una recomienda evitar el movim plaga ya esté presente, rev plantas en puertos de in infectada, así como en zona b) El hongo entomopatógeno Beauver planipennis y demostró efectos leta cuando se aplica en adultos y larvas e c) Los rociados de cobertura y las inyecc (Imidacloprid, Benzoato de emamec E.U.A. y Canadá) [Smitley et al., 2010 P para proteger los árboles urbanos y d cuarentena, aunque generalmente se d) Emplear el volátil de la hoja fresca d machos y hembras en grupo. La fer deben ser colocados en el centro de l las trampas en estacas una altura de sitio objeto de monitoreo. Es importa el tiempo de exposición a la luz solar, a en la atracción de insectos. SERVICIO NACIONAL DE SANIDAD, INOCUIDAD Y CALIDAD AGROALIMENTARIA DIRECCIÓN GENERAL DE SANIDAD VEGETAL Agrilus planipennis). pennis ataca y mata árboles sanos por lo que oles. a partir del insecto se recomienda la s árboles infestados mediante astillado, co. spersión más acelerada de la plaga, se nto de leña o madera en zonas donde esta ón de individuos de especies de árboles y so de mercancía con potencial de estar e mayor vulnerabilidad. bassiana es altamente virulento contra A. s en ensayos de invernadero y de campo ergentes. nes de insecticidas en el suelo o en el tronco a según las metodologías desarrollado en ce & Haack, 2006b], también se pueden usar sombra de alto valor dentro de las áreas en quieren tratamientos anuales. fresno Cis-3- hexenol para atraer a adultos ona está disponible en dispensadores que arte superior de la trampa pegajosa. Colocar 8 y 3 metros en una ubicación adyacente al e planear la colocación de la trampa ya que como la sombra juagan papeles importantes",https://www.gob.mx/cms/uploads/attachment/file/979075/54._MEDIDAS_DE_MANEJO_PARA_PLAGAS_BAJO_VIGILANCIA_EPIDEMIOL_GICA_FITOSANITARIA_EN_2023.pdf
GC-0104,monitoreo,accion_y_diagnostico,alta,100,vun.inifap.gob.mx,Documento PDF,"Durante la instalación de un viv • Disponibilidad de agua • Cercanía a vías de acces • Camas o estructuras pa • Cobertura de las estruct • Tapetes o trampas desin • Manejo de temperatura Tratamiento de las camas de s Para el tratamiento de las cam productos biofumigantes con h y metabolitos de fermentacio contra hongos, bacterias y/o n productos de la oferta local qu del producto (Coria et al., 2021). Tratamiento del material vege Existen diversos productos bio partir de hongos antagonista (Morales-Mora et al., 2020), u almácigos en solución conce naturales (Ácido hipocloroso, ex en Drench, bacterias antagonis entomopatógenos. El empleo cuando se encuentren certifica fresa, permitirá asegurar planta plantación en condiciones de c Sustrato para vivero La principal función del sustrat y crecimiento de raíces, y con e lo que cuando se establezca l observarse la oferta local, certif de fresa, así como la inco vermicompost, germinaza, fibr mineral y arena (Pérez et al conformado por una mezcla de inertes; debe encontrarse libre o insecto plaga, por lo que es desinfestación (método biológ PRODUCCIÓN DE PLANTAS se deben considerar: calidad para riego a colocación de las plantas s con mallas antiáfidos tantes condiciones de humedad mbra de siembra se sugiere el uso de gos y/o bacterias antagonistas microbianas para protección atodos del suelo. Eligiendo los aya, sin efectos de fitotoxicidad icos y orgánicos elaborados a Trichoderma harzianum Rifai. ados mediante inmersión de ada, productos desinfectantes ctos cítricos) vía foliar, aplicados fijadoras de nitrógeno, hongos e estos productos, siempre y s y/o validados para su uso en e calidad para su propagación y po. utilizar, es permitir el desarrollo la absorción de nutrientes, por omposición del sustrato, debe da y sugerida para plantaciones oración de materiales como e coco, cascara de arroz, suelo 013). El sustrato puede estar ateriales orgánicos y minerales cualquier agente fitopatogeno cesario considerar procesos de ), desinfección o esterilización FRESA CON ALTA CALIDAD GENÉTICA, FISIOLÓGICA Y FITOSANITARIA",https://vun.inifap.gob.mx/VUN_MEDIA/BibliotecaWeb/_media/_folletotecnico/14565_5350_Producción_de_plantas_de_fresa_con_calidad_genética_fisiológica_y_fitosanitaria.pdf
GC-0105,monitoreo,accion_y_diagnostico,media-baja,100,gob.mx,Documento PDF,"DIRECCIÓN GENERA DIRECCIÓN DEL CENTRO NACION frugiperda, Spodoptera eridania. Bulletin OEPP/EPPO, 45 (3), 410-444. Farahani S, Asghar A, Fathipour Y. Life Table of Spodoptera exigua (Lepidoptera: Noctuidae) on Five Soybean Cultivars. Psyche: A Journal of Entomology, Feng H, Wu K, Cheng D, Guo Y. Radar observations of the autumn migration of the beet armyworm Spodoptera exigua (Lepidoptera: Noctuidae) and other moths in northern China. Bulletin of Entomological Research, 93: 115-124. Dinámica de poblaciones de adultos de gusano soldado Spodoptera exigua con trampas de feromonas en diferentes hospederas. Informe de investigación. CECH-CIRNO-INIFAP, Hermosillo, Sonora, México. En: Barrera FJ y Montoya GPJ. Simposio Trampas y atrayentes en detección, monitoreo y control de plagas de importancia económica. Tapachula, Chiapas, México. Estudio de evaluación de la efectividad biológica del insecticida BELT® para el combate del gusano soldado (Spodoptera exigua) y el gusano falso medidor (Trichoplusia ni) en tomate bajo condiciones de agricultura protegida. En línea: http:// er/cropscience/bcsmexico.nsf/id/Abejorros _BCS/$file/gusanos.pdf Fecha de consulta: septiembre 2020. E SANIDAD VEGETAL DE REFERENCIA FITOSANITARIA Garza UE, Terán VAP. Manejo integrado de las plagas del algodonero en la Planicie Huasteca. Instituto Nacional de Investigaciones Forestales, Agrícolas y Pecuarias (INIFAP). Centro de Investigación Regional del Noreste-Campo Experimental Ebano. El gusano soldado Spodoptera exigua y su manejo en la Planicie Huasteca. Centro de Investigación Regional del Noreste-Campo Experimental sur de Tamaulipas. Gilligan TM, Passoa CS. Noctuidae- Spodoptera exigua (Hübner). LepIntercept - An identification resource for intercepted Lepidoptera larvae. Fecha de consulta: septiembre 2020. Greenberg SM, Sappington TW, Legaspi BC, T.- X. Feeding and Life History of Spodoptera exigua (Lepidoptera: Noctuidae) on Different Host Plants. Annals of the Entomological Society of America, 94(4): 566-575. Greenberg SM, Sappington TW, Se´ tamou M, Liu TX. Beet Armyworm (Lepidoptera: Noctuidae) Host Plant Preferences for Oviposition. Environmental Entomology, 31(1): 142-148. Guimaráes FR, Vargas OE, Maracajá PB, Santiago AC",https://www.gob.mx/cms/uploads/attachment/file/633036/Gusano_soldado__spodoptera_exigua.pdf
GC-0106,umbral_economico,accion_y_diagnostico,alta,100,vun.inifap.gob.mx,Documento PDF,"Fertilización En las áreas de alto y mediano poten Potasio (NPK) 30-50-00 y en las de al momento de la siembra. Control de maleza Se sugiere control mecánico, median 25 o 35 días después de la siembra y e También se recomienda control quí en dosis de 1.5 a 2.0 litros por hectá terreno, o bien 0.5 a 0.7 l/ha si recomienda aplicar el herbicida fome banda, o 1.0 l/ha si la aplicación es Control de plagas Uno de los parásitos de mayor riesgo Ross & Moore, que se alimenta de la sav y amarillamiento de las hojas del especialmente para la zona frijolera se siembra en años secos. También está la conchuela o borr defoliar el cultivo desde la germinac siembras que coinciden con la ap de las lluvias. Los adultos y larvas g mayor daño económico. El minador del frijol, Xenochale pequeño que puede defoliar el cult fase de llenado de grano; asimismo, gusano trozador occidental del frijo importante durante la fase de llenado en formación. Estos cuatro insectos son las plagas control se pueden utilizar: fenvalera , aplicar la dosis Nitrógeno, Fósforo y o potencial la fórmula NPK 20-30-00, s pasos de cultivadora: el primero a los undo 25 o 30 días después del primero. o, mediante la aplicación de bentazon (l/ha), cuando se cubre totalmente el plicación es en banda. También se n en dosis de 0.35 l/ha, si se aplica en. chicharrita verde, Empoasca kraemeri las plantas y ocasiona achaparramiento l. Se trata de una plaga importante, cálida como Villanueva o bien cuando llo del frijol, E. varivestis, que puede hasta la cosecha, especialmente a las ón de los adultos durante el inicio es de conchuela son los que causan el signaticollis (Blay), es un escarabajo durante las primeras semanas y en la cultivos también deben protegerse del riacosta albicosta (Smith), una plaga grano, ya que se alimenta de los granos ayor importancia en el estado y para su metomilo, acefato, diazinon, dimetoato 31",https://vun.inifap.gob.mx/VUN_MEDIA/BibliotecaWeb/_media/_agendas/4149_4846_Agenda_Técnica_Zacatecas_2017.pdf
GC-0107,umbral_economico,accion_y_diagnostico,media-baja,100,repositorio.utc.edu.ec,Documento PDF,"masa (como un “regimiento”). Ataca este cultivo con niveles de dens la productividad del mismo. Cuando a totales, mientras que si afecta las pla reponerse de la defoliación llegando insecto polífago (Tejeda-Reyes et al. 2 El rendimiento de maíz amarillo d certificada es de 6.56 t/ha, la princip cogollero (Spodoptera frugiperda) la que afecto los cultivos (SIPA y Llive 2 En Ecuador, el gusano cogollero “Sp se estima que ataques severos de este l reducir entre un 10 y 60 % el rendimie El daño de las larvas durante los pri puede ser de dos tipos: corta la planta con un retraso en relación a otras; o l cultivo va creciendo (de seis hojas en Las larvas recién nacidas se aliment epidermis del lado opuesto intacta (Juá A partir del II o III estadio larval, alimentan en el punto de crecimi característico que consiste en una f causan una intensa defoliación y a m tallos. Además, comienzan a alimen crecimiento de la planta, quiebran la reduciéndose así su capacidad fotosint dóptero plaga del maíz (Zea mays L.) más d variables, pero siempre poniendo en riesgo ta las plantas jóvenes, los daños pueden ser en estados fenológicos avanzados, pueden na producción normal. entre el año 2010 y 2019 con semilla afectación al rendimiento fueron ,el gusano ncipal plaga identificada por el productor, la 9). ptera” causa grandes pérdidas económicas; dóptero (sobre el 20% de infestación) puede (Merino et al. os días de desarrollo de la planta (V1-V4) ca del suelo, ésta puede volver a crecer pero efolia parcial o totalmente. A medida que el delante), el daño se circunscribe al cogollo. de un lado de la hoja, dejando la capa de et al. mienzan a perforar las hojas. Cuando se o (cogollo), producen un tipo de daño de perforaciones. Las larvas más grandes udo dejan solamente las nervaduras y los e del cogollo destruyendo el potencial de hojas y las plantas pierden su parte distal, a (Capinera 2020)",https://repositorio.utc.edu.ec/server/api/core/bitstreams/7205fb11-7008-4e3d-9e6d-c226b3c555df/content
GC-0108,umbral_economico,accion_y_diagnostico,media-baja,100,repositorio.utc.edu.ec,Documento PDF,"De la misma forma, se ha tratado de causan daño económico a la cosecha corresponde a una larva por cada 5pla (1 larva por cada 2 plantas) con 12h floración, en Ecuador se ha encontrad de edad de la planta y 50% a las económicos de daño; con 20 reduc (Negrete y Morales 2003). 2.4.Bioinsecticidas Un bioinsecticidas se puede definir co capaz de matar a los insectos. Tam estando presente en una determinada p Uno de los aspectos salientes de los i acción (alta especificó dad), lo que les afectar a las demás. Se ha observad desarrollo de resistencia, estimándose misma - sería mucho más lenta que la y Pérez 2012). Ventajas de uso de bioinsecti Los bioinsecticidas a base de hon anisopliae y P. fumosoroseus) han dem plagas que atacan estos cultivos (Garc El control cuando funciona posee mu como lo menciona (Martin 2017). Poco o ningún efecto nocivo cola organismos incluido el hombre. La resistencia de las plagas al control b El control biológico con frecuencia es erminar el número de larvas por planta que presencia de 0.2 larvas por planta, lo que s con 4 hojas visibles; 0.5 larvas por planta s visibles y 1larva por planta en etapa de ue, el 14% de infestación a las dos semanas semanas son considerados como niveles nes en la producción hasta de un 22.6% un organismo vivo (hongo, bacteria, virus), én puede ser una sustancia química, que, ta, puede repeler o matar a los insectos. cticidas biológicos, es su estrecho rango de mite controlar las poblaciones de interés sin que el empleo de los mismos no produce e, de llegar a detectarse, la aparición de la sentada por los insecticidas químicos (Cantu as entomopatógenos HE (B. trado efectividad para el control de diversas Gutiérrez y González Maldonado 2010). s ventajas, entre las que se pueden destacar l de los enemigos naturales hacia otros ógico es muy rara. rgo término pero permanente",https://repositorio.utc.edu.ec/server/api/core/bitstreams/7205fb11-7008-4e3d-9e6d-c226b3c555df/content
GC-0109,umbral_economico,accion_y_diagnostico,alta,100,scielo.org.mx,Efecto del nim en el daño ocasionado por el gusano cogollero Spodoptera frugiperda (Smith) (Lepidoptera: Noctuidae) en tres variables agronómicas de maíz resistente y susceptible,"Variables evaluadas Daño. frugiperda se cuantificó por planta utilizando la escala de daño propuesta por Mihm (1983), considerando como 0 al daño ligero con pequeñas perforaciones y 9 a la planta muerta. Se efectuaron tres registros de daño para cada tratamiento: el 10 de febrero (7 DDIA), el 17 de febrero (14 DDIA) y el 10 de marzo (28 DDIA) para el ciclo de invierno, y el 16 de julio (7 DDIA), el 22 de julio (14 DDIA) y el 6 de agosto (28 DDIA) para el ciclo primavera–verano. El tiempo de la floración de maíz se registró en el momento en que se encontraba floreciendo el 50% de las plantas de cada surco, de modo que por cada parcela se realizaron 2 tiempos de floración. La altura de la planta se midió cuando se presentó el 50% de floración. Se midió en la primera planta de cada surco, de la base de la planta a la base de la lámina de la última hoja formada. Se registró en peso seco el rendimiento de maíz (mazorca sin glumas) por parcela a los 141 días después de la siembra para el ciclo de invierno y a los 128 días después de la siembra para el ciclo primavera–verano. Se obtuvo información de la temperatura ambiental y la precipitación pluvial mediante registros de una estación climatológica. Análisis estadístico. los datos de porcentaje de daños fueron transformados a arcosen para facilitar el análisis, debido a que de la manera como fueron tomados no hay ajuste a una distribución normal. A los resultados de nivel de daño, tiempo de floración, altura y rendimiento se les aplicó un análisis de varianza para un diseño de bloques completos al azar con arreglo en parcelas divididas y en las variables donde hubo diferencias significativas se realizó la prueba de rango múltiple de Tukey (α = 0,05) para la comparación de medias, utilizando el paquete estadístico SAS (SAS Institute, 2000).",https://scielo.org.mx/scielo.php?script=sci_arttext&pid=S0065-17372010000100001
GC-0110,umbral_economico,accion_y_diagnostico,alta,100,repositorio.chapingo.edu.mx,Documento PDF,"EVALUACIÓN DE PRÁCTICA EN EL CONTRO (Spodoptera frugiperda J. Sm José Ter y con mayor incidencia de Spodop la época de siembra recomenda encontró diferencia entre una y otr así como en la incidencia y sev crecimiento y desarrollo de la pl procedió a hacer un análisis por ca 3.1 Siembra temprana (15 Junio En general, la infestación de la pla fue baja, donde al aplicar el Deni mejor tratamiento con valores de incidencia y severidad de daños, efecto de vigor en la planta (4 significativamente mayor (P≤ 0. (Clorpirifos) y el testigo; en tanto ningún tratamiento ( ). L media recomendada (0.150 L emamectina) fue suficiente y efe maíz (Spodoptera frugiperda), ya q casi nula, por lo que la incidenci también disminuyeron, obteniénd desarrollo y vigor. Estos resultad Cortez et al. (2010), quienes evalu al 100 y al 50 % de la dosis recom UÍMICAS, BIOLÓGICAS Y CULTURALES EL GUSANO COGOLLERO ) EN EL CULTIVO DEL MAÍZ (Zea mays L.) es Salgado (2015) a frugiperda en siembras tardías, fuera de. Sin embargo, en este estudio no se echa de siembra, ni infestación de la plaga, dad de daños, ni en su impacto en el a de maíz. Con base en lo anterior, se fecha de siembra. 2013) incidencia de daños y severidad de daños 19 CE (Benzoato de emamectina) fue el 2, 27.6% y 4% de infestación de la plaga, pectivamente, con un consecuente mejor de una escala de 0 a 5), el cual fue que al aplicar el Lorsban® 480 EM altura de la planta no fue afectada por anterior significa que con aplicar la dosis -1) de Denim® 19 CE (Benzoato de o para controlar al gusano cogollero del se logró tener una infestación de la plaga severidad de daños, consecuentemente e al final plantas de maíz con mejor son coincidentes con lo reportado por n la efectividad de insecticidas novedosos ndada para el control del gusano cogollero 76",https://repositorio.chapingo.edu.mx/server/api/core/bitstreams/1e32b0a0-3db2-4df6-a7bc-53509201c279/content
GC-0111,umbral_economico,accion_y_diagnostico,media-baja,100,riul.unanleon.edu.ni:8080,Documento PDF,"Ciclo biológico de Spodopt Huevo: Son de forma redonda colo puestos en grupos de hasta 300 en cualqu Larva: Vive de 14-21 días, pasa p temperatura y el tipo de alimento, miden de Pupa: el estado de pupa dura de 9- de largo empupan en el suelo en un capu huésped. Adulto: es una palomilla con mayor 32-38 mm; alas delanteras de las hembras macho son pardos claro, con marcas osc traseras son blancas (Zamora, Gutierrez, & 4.5.2. Daños que ocasiona a la pl El cogollero hace raspaduras so posteriormente aparecen como pequeña alcanza cierto desarrollo, empieza a com desplegarse, las hojas muestran una hilera o bien áreas alargadas comidas. En esta fa de la larva en forma de aserrín Daños oca 4.5.3. Daño económico Una de las principales plagas del m frugiperda, está presente los todos los ciclo durante la segunda temporada de lluvia pueden variar de 23 a 63%; una infestació frugiperda causa una reducción de 45% Glandstone, 1988). a frugiperda Smith erde pálido, eclosionan entre 3-5 días, son superficie de la hoja y tallos. cinco a seis estadios, dependiendo de la -40 mm de longitud cuando están maduras. días, es de color pardo, mide de 18-20 mm suelto, algunas veces entre las hojas del tividad nocturna, tiene una envergadura de n uniforme de color gris a pardo-gris; en el s y rayas pálidas en el centro del ala; las utierrez, 2006). e las partes tiernas de las hojas, que áreas translúcidas; una vez que la larva ollaje perfectamente en el cogollo que, al gular de perforaciones a través de la lámina es característico observar los excrementos nados en las plantas (Ortiz, 2010). z en Nicaragua es el cogollero Spodoptera roductivos, pero es mucho más abundante ural y maíz regado, los niveles de daños del 100% de gusano cogollero Spodoptera en el rendimiento del cultivo (Hruska & 7",http://riul.unanleon.edu.ni:8080/jspui/bitstream/123456789/9106/1/247369.pdf
GC-0112,umbral_economico,accion_y_diagnostico,alta,100,repositorio.chapingo.edu.mx,Documento PDF,"EVALUACIÓN DE PRÁCTICA EN EL CONTRO (Spodoptera frugiperda J. Sm José Ter hilera de pelos blancos amarillent cada segmento del cuerpo aparece ofrecen la forma de un trapecio i cabeza se distingue una ""Y"" blanc por 6 ó 7 estadios, diferenciándos tamaño. Durante el desarrollo se p a los que pertenece, esto puede e longitud de la cabeza, también po Catalán, 2004). De los estadios de las medidas de control los dos pr milímetros en su último estadío. A cogollo para alimentarse de este suelo, el hábito de este lepidóptero (Vivas, 2003), es de color café ro extremos abdominal terminan en 2 Morales, 2003). El daño que ocasiona son raspadu posteriormente aparecen como p larva alcanza cierto desarrollo, e cogollo que al desplegarse, la perforaciones a través de la lámin fase es característico observar los El daño económico de esta plaga UÍMICAS, BIOLÓGICAS Y CULTURALES EL GUSANO COGOLLERO ) EN EL CULTIVO DEL MAÍZ (Zea mays L.) es Salgado (2015) que se disponen longitudinalmente, sobre cuatro manchas negras vistas desde arriba celes (Ángulo, 2000), en la frente de la nvertida (Negrete y Morales 2003). Pasan no de otro principalmente por el color y el den diferenciar perfectamente los estadios ar estrechamente marcado por el ancho y a coloración del cuerpo y longitud. (Villa y larva es de mayor importancia para tomar eros; las larvas pueden alcanzar hasta 35 artir del tercer estadío se introducen en el a pupa generalmente se desarrolla en el s de enterrarse cuando ocurre este cambio y mide entre 14 y 18 mm de longitud los pinas en forma de ""U"" invertida (Negrete y s sobre las partes tiernas de las hojas, que ueñas áreas translúcidas; una vez que la eza a comer follaje perfectamente en el hojas muestran una hilera regular de o bien áreas alargadas comidas. En esta crementos de la larva en forma de aserrín. neralmente es importante una infestación 10",https://repositorio.chapingo.edu.mx/server/api/core/bitstreams/1e32b0a0-3db2-4df6-a7bc-53509201c279/content
GC-0113,umbral_economico,accion_y_diagnostico,media-baja,100,biblioteca.usac.edu.gt,Documento PDF,"86 2.7.8 Aplicación ideal de Flubendiamide (BE rotación de insecticidas En base al análisis estadístico del monitoreo de l (J.E. Smith) y el porcentaje de daño nuevo oc vegetativo. En las condiciones del municipio de molécula agroquímica Flubendiamide debe de u a los 18 días después de la siembra del cultivo el transcurso de la etapa fenológica “V3 a la V4” Debido a que, el maíz es afectado en todos su una marcada preferencia de las larvas por las concluido por García de Daccarett (1975) quien en sus primeros días de desarrollo (V1-V4), la cortar la planta cerca del suelo, la cual puede v otras; o defoliar de forma parcial o totalmente la Por tratarse de la aplicación de un plan de rotaci Flubendiamide (BELT® 48 sC) puede realizar cuando la planta este terminando la etapa “V8” d con la finalidad de evitar que las larvas efectú estadios como lo menciona Sosa (2002), de fotosintética del cogollo de la planta lo que reduc pierdan su parte distal. Por tal razón, cuando la p “V10 y VT” se recomienda utilizar insecticida Flubendiamide que pertenece al grupo químico T® 48 SC) dentro de un programa de ensidad larval de Spodoptera frugiperda onado durante la etapa del crecimiento sagua del departamento de Escuintla, la arse idealmente en la primera aplicación maíz, cuando la planta se encuentra en gura 31). stados fenológicos, sin embargo, existe antas más jóvenes concordando con lo presa que cuando la planta se encuentra va puede presentar dos tipos de daño: er a crecer con retraso en relación a las nta. de insecticidas la segunda aplicación de a los 40 días después de la siembra, crecimiento vegetativo ( ). Esto el 80 % de su ingesta en sus últimos uyendo por completo el área foliar y capacidad fotosintética ya que las hojas nta se encuentre en fase fisiológica entre esiduales de última generación como as “Diamidas”.",http://biblioteca.usac.edu.gt/tesis/01/01_3355.pdf
GC-0114,umbral_economico,accion_y_diagnostico,media-baja,100,repositorio.una.edu.ni,Documento PDF,"La penetración es posible gracias a la acció uno químico, el primero consiste en la denominada haustorio, la cual deforma pri las áreas esclerosadas y membranosas de la 3.1. Importancia y daño que ocasiona el i El daño económico de esta plaga generalme reduce el valor de las cosechas al destrui florales, debilitar los tallos y al disminuir pérdidas son considerables, pudiendo reduc que equivale al 40 % de la producción (Can El daño causado por esta plaga pue hasta la pérdida total del cultivo, si la pl floración. Este insecto se mantiene presente momento de la cosecha por lo que afecta a en una plaga de gran importancia económic 3.2. Ecología de Spodoptera frugiperda El adulto del insecto tiene comportamiento este es atraído por la luz, su coloración en g color blancuzco, el macho tiene arabescos la hembra en las primeras horas de la noche la cual cubre con segregaciones del aparato larva al nacer se alimenta del córeon y post planta (Arias et al., 2019). ombinada de dos mecanismos uno físico y sión ejercida por una estructura fúngica ramente la capa cuticular rompiendo luego ícula (Ramanujam et al., 2020). cto es importante (Sánchez et al., 2019); ya que cogollo de la planta, afectar los órganos calidad de los granos (Coveña, 2015). Las os rendimientos en 0.8 t/ha de maíz seco, lo l, 2018). ocasionar una reducción en la producción, ataca en periodos cercanos a la etapa de el cultivo desde la fase de semilla hasta el ultivo durante todo su ciclo, convirtiéndose Arias et al., 2019). turno, efectuando el vuelo durante la noche, oscura, las hembras poseen alas traseras de as alas delanteras. Los huevos los deposita el haz y envés de la hoja en grupos o masas, ucal y escamas de su cuerpo ( ). La ormente se traslada a diferentes partes de la",https://repositorio.una.edu.ni/4727/1/tnh10v434.pdf.pdf
GC-0115,umbral_economico,accion_y_diagnostico,alta,100,colposdigital.colpos.mx:8080,Documento PDF,"combinados con spinosad, ambos infectaron a factores importantes para la infección fueron lo LITERATU Alazogaray, R., C. Silv deltamethrin on germination and viru Triatoma infestans (Klug). Evaluación de la patogenicid control de la mosca blanca de la yuc Aleyrodidae) bajo condiciones de inver de Ciencias Básicas. Microbiología Agr Amutha, M., J. Surulivelu an used insecticides on the growth of whi laboratory conditions. Journal of Biopes Anderson, T. Roberts, H potato beetle (Coleoptera: Chrysome bassiana with insecticides. Journal of E ATSDR (Agencia para Sustancias Tóxicas y Disponible en http:// 2014). Ceron y pirethroid and organophosphate resista (Boophilus) microplus (Acar, Ixodidae 73. Uso de feromonas sexuale agricultura de conservación. De Alba Heliothis zea (Boddie) y determinación muestreo secuencial de Spodoptera fru 101-118. Integración del control Biological control of insect pests and w Bayer CropScience México. Bayer d Disponible en http:// Behle, W. Importance of direct sp Trichoplusia ni larvae by field applicat 1120–1128. mecanismo de resistencia a insecticid Rev. 5%, aproximadamente, lo cual implica que los nsecticidas y la secuencia de aplicación. Effect of ce of Beauveria bassiana (Bals.) Vuill. de diferentes hongos entomopatógenos para el Aleurotrachelus socialis Bondar (Homóptera: ero. Pontificia Universidad Javeriana. Facultad la y Veterinaria. Effect of commonly Muscardine fungus, Beauveria bassiana under des. 3:(1 Special Issue) 143-146. Colorado ae): effects of combinations of Beauveria omical Entomology. Registro de Enfermedades). /phs/es_phs155.pdf (consultado noviembre de Bonetti. Esterase enzymes involved in e in a Brazilian population of Rhipicephalus Molecular Biochemistry Parasitology. 160: 70- ara el manejo del gusano cogollero del maíz en 27-30. Importancia económica de umbral económico, distribución matemática y erda (J.E. Smith) en maíz criollo. Fitófilo 85: ímico y del biológico. e.com.mx (consultado septiembre de 2014). y and spray residue contact for infection of s of Beauveria bassiana. Esterasas elevadas como organofosforados en cepas de Aedes aegypti.",http://colposdigital.colpos.mx:8080/jspui/bitstream/handle/10521/2661/Rivero_Borja_M_MC_Entomologia_Acarologia_2015.pdf?sequence=1
GC-0116,umbral_economico,accion_y_diagnostico,alta,100,repositorio.chapingo.edu.mx,Documento PDF,"EVALUACIÓN DE PRÁCTICA EN EL CONTRO (Spodoptera frugiperda J. Sm José Ter biológico puede definirse como e naturales) contra aquellos que c acción de los parasitoides, dep densidad de la población de un o que ocurriría en su ausencia. Bus proporción que no cause daño ec de la plaga que garantiza la super mantiene su propia población y poblacionales que causan daño. que la estrategia se dirige a un mantiene la población de la plaga p En el largo plazo, el control biol seguros, selectivos y eficientes ventaja más sobresaliente de dich no destruye la vida silvestre (Nicho Como la mayoría de los organis variedad inmensa de enfermedade los cuales pueden ser importante poblaciones de Insectos. Los pa causan enfermedad a sus huéspe bacterias, hongos, nematodos y pr encuentran involucrados microor invaden y se multiplican en el inse UÍMICAS, BIOLÓGICAS Y CULTURALES EL GUSANO COGOLLERO ) EN EL CULTIVO DEL MAÍZ (Zea mays L.) es Salgado (2015) uso de organismos benéficos (enemigos san daño (plagas) (Nicolls, 2008). Es la adores o patógenos para mantener la nismo plaga a un promedio más bajo del reducir las poblaciones de la plaga a una ómico, y permite una cantidad poblacional encia del agente controlador. Este agente reviene que la plaga retorne a grados control biológico tiene varias ventajas ya especie de plaga particular, mientras se muchos años sin causar daño económico. co es uno de los métodos más baratos, a controlar plagas. Para la mayoría, la ontrol es que no contamina el ambiente y 2008). os, los insectos son susceptibles a una agudas y fatales causadas por patógenos, n el corto plazo como reguladores de las enos son microorganismos parasíticos y s. Los grupos más importantes son: virus, zoos. En las enfermedades infecciosas se nismos patógenos. Éstos generalmente o y se dispersan infectando otros insectos",https://repositorio.chapingo.edu.mx/server/api/core/bitstreams/1e32b0a0-3db2-4df6-a7bc-53509201c279/content
GC-0117,umbral_economico,accion_y_diagnostico,media-baja,100,gob.mx,Documento PDF,"DIRECCIÓN GENERA DIRECCIÓN DEL CENTRO NACION Esquema de muestreo en guarda griega para la vigilancia fitosanitaria de Mythimna unipuncta. MÉTODOS DE MANEJO Y CONTROL Se deberán iniciar acciones de control al observar el 10% de hojas con daño y/o presencia de masas de huevos y larvas durante el muestreo, al menos 20 larvas por hectárea. Control cultural Es importante realizar monitoreo permanente de la plaga para detectar los focos iniciales en los campos recién cosechados; remover las hojas secas y los restos de cosecha donde aparezcan focos de la plaga (Ecured, s/a); así como eliminar la maleza, ya que muchos hospedantes son maleza que le sirven como alimento y refugio (CABI, 2018). La trampa de luz es un método para capturar adultos de poblaciones inmigrantes de M. E SANIDAD VEGETAL DE REFERENCIA FITOSANITARIA unipuncta, (CABI, 2018), Para dar seguimiento a las poblaciones se plantea el uso de trampas tipo Funnel o embudo ( ) [Gobierno de Aragón, 2001], con la feromona sexual (Z) -11- hexadecenil acetato, este compuesto atrae machos en trampas con setos de hule impregnados con 100 a 300 µ g del compuesto usado como atrayente (Hill y Roelofs, 1980). Trampa tipo Funnel o embudo para monitoreo de lepidópteros (Biobest, s/a). Control químico El uso de productos químicos es una medida ampliamente usada, cuando las poblaciones rebasan el umbral económico o se tiene la temperatura favorable (25 °C) para que esta plaga alcance picos poblacionales altos; en estos casos es viable acudir al control químico como lo suelen hacer en España con el uso de fenitritión, malatión, piridafentión, triclorfón, clorpirfós diazinón, fosalón, foxim, malatión, metamidofós, paratión metílico), y en Cuba (carbaril, clorpirifos, endosulfán metamidosfós y paratión metílico). En el caso de México, se tienen productos registrados para su uso en el 11",https://www.gob.mx/cms/uploads/attachment/file/633035/Gusano_soldado__Mythimna_unipuncta.pdf
GC-0118,umbral_economico,accion_y_diagnostico,media-baja,100,repositorio.unprg.edu.pe,Documento PDF,"frugiperda en plantas de emergencia, encontrándose la ma primera hoja formada. Dos o tres días desp el follaje, el cual raspan dejando manchas tr al cogollo donde permanecen alimentándos hasta 30 días de edad. (Morales, 2000 citado Cuando la planta se encuentra en su considerada como crítica para la planta. La larva del primer estadio consume dejando intacta la capa epidérmica del haz d alimentación de las larvas en el cogollo se hojas. Los últimos estadios pueden ocasion nervaduras o tallo de la planta. (Capinera, 19 El daño económico de esta plaga g controlada de Spodoptera frugiperda puede ocasionar de área foliar y a un retraso de inhibición de 2.3. CONTROLADORES BIOLOGIC Cisneros (1995) define: El control bio enemigos naturales; es decir mediante la acc Entre los enemigos naturales más (parasitoides y predatores), hongos, bacteri Steinernematidae y Heterorhabditidae. Lo reconocidos parásitos de insectos y promisor 11 z ocurre a partir del primer día de edad de las parte de las masas de huevos en el envés de la nacen las larvas, iniciando su alimentación en úcidas. Las larvas más desarrolladas se dirigen e la última hoja en formación de las plantas, r Rodríguez, 2015) e vegetativa (Williams y Buckley 1992), etapa ejido foliar por un lado, sin llegar a perforarlo, a hoja. A partir del segundo y tercer estadio la nifiesta por una hilera de perforaciones en las una defoliación completa, dejando únicamente ) ralmente es importante. Una infestación no rendimiento de 13 a 60 %, debido a la perdida emisión de las inflorescencias. (Garcia, 2008) S ico como la represión de plagas mediante sus de predatores, parásitos y patógenos. munes de las plagas se encuentran insectos y nematodos Entomopatógenos de las familias nematodos integrantes de estas familias son agentes de control biológico de plagas.",https://repositorio.unprg.edu.pe/bitstream/handle/20.500.12893/4150/BC-TES-TMP-2965.pdf?sequence=1
GC-0119,umbral_economico,accion_y_diagnostico,media-baja,100,repositorio.uleam.edu.ec,Documento PDF,"Re El presenta trabajo de investigación se provincia de Manabí, con el objetivo d (Spodoptera frugiperda) en las diferent mays L.) bajo tres fechas de siembra. poco inclinado con un área total de 66 constan cada uno de tres parcelas con m2. Se contabilizó la etapa fenológic ataque (incidencia) de Spodoptera fru los 4 meses de edad. En los resultados de la etapa fenoló ataque de aves, en el segundo bloque de evaluación, se observó que las plan hojas respectivamente y en el tercer bl en la primera semana de evaluación y evaluación. Respecto al nivel de dañ segundo bloque se observó que las gusano, en la segunda semana de ev ataque y desde la tercera hasta la oct disminuyó y en el tercer bloque en la un pequeño porcentaje de daño y desd ya no presentaban nuevos daños. men alizó en la comuna El Cerro, cantón Junín, valuar la incidencia del gusano cogollero etapas fenológicas del cultivo de maíz (Z. experimento se realizó en un terreno un 9 m2, dividido en tres bloques los cuales dos de 6.25 m y 6.30 m y área de 39.38 número de hojas, nivel de daño, tasa de erda durante 2 meses y el rendimiento a a, se perdió el primer bloque debido al esde la primera hasta la octava semana presentaban de 1 a 2 hojas y de 12 a 14 ue las plantas presentaban de 2 a 3 hojas e 12 a 14 hojas en la octava semana de n la primera semana de evaluación del ntas no presentaban ningún ataque del ación se registró el mayor porcentaje de a semana de evaluación el nivel de daño mera semana de evaluación se presentó segunda semana en adelante las plantas i",https://repositorio.uleam.edu.ec/bitstream/123456789/1448/1/ULEAM-AGRO-0032.pdf
GC-0120,umbral_economico,accion_y_diagnostico,alta,100,scielo.org.co,Economic injury level and action thresholds for Spodoptera frugiperda (J.E. Smith) (Lepidoptera: Noctuidae) in maize crops,"Spodoptera frugiperda (J.E. Smith) es el insecto plaga que produce las mayores pérdidas en la producción de maíz en el trópico y neotrópico. Su control en Colombia comprende cerca del 10% de los costos de producción. El objetivo de este estudio fue determinar el nivel de daño económico (NDE) y definir umbrales de acción (UA) en los híbridos 30F35R y 30F35HR (con proteína Cry1F) en Espinal, Tolima, Colombia, para este insecto plaga. En dos ciclos de siembra, se estableció un diseño completamente al azar para cada híbrido, para medir la respuesta del rendimiento de maíz a cuatro niveles poblacionales del insecto (un control sin aplicación de insecticida, y aplicaciones a poblaciones de 2, 5 y 10 larvas por 10 plantas). Para 30F35R, se encontró una relación inversa entre los niveles de infestación y los rendimientos en los dos ciclos, mientras que para 30F35HR, sólo se encontró en el primero. Los NDE calculados en 30F35R fueron 2,6 y 1,9 larvas promedio por 10 plantas en el primer y segundo ciclo, respectivamente, y 2,8 en 30F35HR en el primer ciclo. Se determinaron dos UA, uno en el período de 0-20 días después de emergencia (DDE), y otro de 20-40 DDE. El umbral en 30F35R de 0-20 DDE, fue de 1,8 larvas promedio por 10 plantas en ambos ciclos, mientras que de 20-40 DDE fue de 2,0 y 1,7 en el primer y segundo ciclo, respectivamente. En 30F35HR los umbrales fueron de 2,1 y 2,5 larvas promedio por 10 plantas para ambos períodos del primer ciclo, respectivamente. Estos resultados pueden ser considerados como una herramienta dentro de un manejo integrado que además incluya estrategias de control biológico y culturales.",http://scielo.org.co/scielo.php?script=sci_arttext&pid=S0304-28472020000109065
GC-0121,umbral_economico,accion_y_diagnostico,media-baja,100,repositorio.uteq.edu.ec,Documento PDF,"El nivel del umbral no es utilizado existe la preocupación de que el uso inad desarrollo de resistencia a los agroquímico tanto humana como del ambiente. (18) La mezcla seca de arena junto con t a los verticilos mediante una botella de plá por los pequeños productores de Etiopía y K a reducir la cantidad de insecticida usado ha El resultado de estudios donde se e contra huevos y larvas de Spodoptera frugip de huevos de 31.3 y 31.5 % correspondien en la etapa inicial del cultivo. (21) Insecticidas y dosis aplicadas al follaje p frugiperda) y barrenador del tallo en maíz Insecticidas Permetrina 50% CE Decametrina 2.5% CE Metomyl 90% PS Triazophos 40%CE Chlorpyrifos 44 ,7% CE Monocrotophos 40% CE Chlorthiofos 50% CE *P.C=Producto Comercial 2.2.7. Manipulación y Utilización Dado que el uso de pesticidas e agroquímicos y también la más peligrosa ra determinar la necesidad de agroquímicos, ado del control químico podría provocar un daños a los cultivos y peligros hacia la salud orfón, en forma de gránulos o polvo, aplicada o se considera eficaz y ampliamente utilizada ia, y la mezcla de clorpirifos con aserrín ayuda un 20%, sin llegar al umbral económico. (19) uaron los productos (azadiractina y spinosad) da, se mostró un efecto ovicida con mortandad mente; lo cual indica que estos se podrían usar controlar el gusano cogollero (Spodoptera ) Dosis *P.C./ ha 150 – 200cc 200 – 300cc 200 – 250gr 750 – 1.000 cc 500 – 750 cc 1.000 – 1.500 cc 1.000 – 1.500 cc os Agroquímicos una parte importante del uso de productos deben tomar precauciones antes, durante y 19",https://repositorio.uteq.edu.ec/server/api/core/bitstreams/47321e94-b9b1-4ab5-ad26-508bc3f9a6e9/content
GC-0122,umbral_economico,accion_y_diagnostico,media-baja,100,biblioteca.usac.edu.gt,Documento PDF,"FIGURA Proceso de identificación y di Gráfico de qq-plot (izquierda) la variable densidad larval. Gráfico de residuos versus va densidad larval. Gráfico de qq-plot (izquierda) la variable porcentaje de daño frugiperda. Gráfico de residuos versus va porcentaje de daño nuevo po frugiperda. Perfiles de los promedios del rotación aplicado. Distribución de los residuos u (A). Gráfico de los residuales porcentaje de daño nuevo po Comportamiento de la poblac relación con el número de lec insecticida. Comportamiento de la poblac los 33 días lapso de la investi Agrupación de medias según durante los 38 días críticos de en función del plan de rotació Agrupación de medias según durante los 38 días críticos de de larvas en todas las plantas Contraste del porcentaje med programas de aplicación de in V PÁGINA enciación del daño del gusano cogollero. 54 gráfico de densidad observada (derecha) para 59 es predichos por el modelo de la variable 61 gráfico de densidad observada (derecha) para uevo ocasionado por larvas de Spodoptera 66 es predichos por el modelo de la variable anta ocasionado por larvas de Spodoptera 68 ño nuevo por planta, según el plan de 70 zando el modelo 11, qq-plot de los residuales rsus los valores predichos de la variable anta (B). 73 de larvas de Spodoptera frugiperda en a y en función del programa de rotación de 76 de larvas de Spodoptera frugiperda, durante ción. 78 prueba Scott & Knott, de la densidad larval ultivo, incluyendo las poblaciones iniciales, e insecticida aplicado. 81 prueba Scott & Knott, de la densidad larval ultivo, iniciando con poblaciones homogéneas 82 de daño foliar nuevo entre el testigo y los cticidas",http://biblioteca.usac.edu.gt/tesis/01/01_3355.pdf
GC-0123,umbral_economico,accion_y_diagnostico,alta,100,scielo.org.mx,Fluctuación poblacional y daños causados por gusano cogollero (Spodoptera frugiperda JE Smith) en maíz cultivado en el sistema de producción continua afectado por el huracán isidoro,"El gusano cogollero Spodoptera frugiperda J. Smith, es una plaga polífaga que causa pérdidas económicas considerables en varios cultivos importantes como maíz, sorgo, arroz, algodón, alfalfa, pastos, entre otros (Sparks AN 1986. Florida Entomologist. Su hospedante preferencial es el maíz, al que ataca en todas las etapas de crecimiento de la planta, dichos daños pueden provocar la destrucción completa de la planta (Wiseman BR, Davis FM,Williams WP, Widstrom NW 1996. Florida Entomologist.79 (3): 329–336; Pacheco–Covarruvias JJ 1993 Monitoring insecticide resistance in Spodoptera frugiperda populations from the Yaqui Valley, Son., Mexico. Resistant Pest Management Newsletter. El uso de trampas con feromonas para la captura de machos de Spodoptera frugiperda es una herramienta efectiva que no solo permite dar seguimiento a la evolución temporal de las poblaciones del adulto, sino también para estimar hasta con una semana de anticipación, la subsecuente abundancia de larvas y prevenir los daños que pueda causar (Silvan JF 1986. En México el monitoreo de esta plaga como método de estudio se inició desde el año 1989, y en años recientes se ha realizado en regiones productoras de maíz como Chiapas y Michoacán (Gutiérrez–Martínez A, Llanderal–Cazares C, Zárate de Lara G, Alatorre R 1989. 76: 167174; Malo EA, Bahena F, Miranda MA, Valle–Mora J 2004. 87(3): 288–293; Rojas JC, Virgen A, Malo EA 2004. No se registran antecedentes para Yucatán, razón por la cual se realizó el presente estudio con la finalidad de determinar la fluctuación poblacional de Spodoptera frugiperda y evaluar el porcentaje de daño foliar en el cultivo de maíz establecido bajo el método del sistema de producción continua.",https://www.scielo.org.mx/scielo.php?script=sci_arttext&pid=S0186-29792009000300009
GC-0124,umbral_economico,accion_y_diagnostico,media-baja,100,repository.cimmyt.org,Documento PDF,"Comentarios sob el control de pla La magnitud de las pobla ambiente donde se cultiva varios factores: las variac estacionales del clima; las cantidad y calidad del alim competencia inter e intrae causadas por virus. bacte abundancia de las poblac depredadores y parásitos. Los insectos se convierte número o el daño que oc han sobrepasado el nivel económico, punto en el q amenazar el retorno sobre agricultor. En un moment económico debe ser más ambiente donde el tipo de prácticas de cultivo son s umbral no es siempre igu plaga, sino que varía segú Dentro de un mismo amb modificarse conforme los variedades que siembran que utilizan, conforme los o insumos suben o bajan poblaciones de depredado umbral también varía de circunstancias socioeconó productores, pues las circ productores de autoconsu las de los agricultores qu comercializado. Es importante estar cons en el umbral económico e utilidad al planear las med plagas. En particular es p s es de insectos en un maíz depende de s cíclicas y ácticas de cultivo; la o de los insectos; la cífica; enfermedades y hongos, y la s de insectos plagas cuando su nan, o ambas cosas. ocido como umbral omienzan a inversión del do, el umbral enos uniforme en un plotación y las ares. el ara una determinada ambiente de cultivo. e, el umbral puede cultores cambian las s prácticas de cultivo ecios de los productos onforme fluctúan las y parásitos. El rdo con las as de los tancias de los difieren mucho de alizan un cultivo e de las variaciones sta de su gran s del control de so estar alerta a las 99",https://repository.cimmyt.org/server/api/core/bitstreams/613fe3ea-f325-4718-aa45-e2d9041296ef/content
GC-0125,umbral_economico,accion_y_diagnostico,media-baja,100,gob.mx,Documento PDF,"pulgones basado en una ( ). Sin embargo, el es menos preciso (80 %) por el INIFAP (98 %), basa colonia (cm2) con la ayuda El método consiste en estim de la colonia del pulgón en c equivalente al promedio de del método de la regla par amarillo reduce el tiempo d 90 % e incrementa un 18 método de Bowling et al. (2 en las decisiones de aplicar plaga (Rodríguez-del-Bosq Una vez que se estim dos hojas de 25 plantas, se del número de pulgones/ umbral económico de 5 siguiente), es necesario pérdidas en el rendimient umbral económico, se debe después y así sucesivamen Umbral Económico Un prerrequisito para la determinación del umbra daño o densidad en la que de control para evitar pérdi umbral económico del PA desarrollados en el norte d ala visual de seis categorías todo de Bowling et al. (2015) e el propuesto recientemente en la medición del área de la una regla de 30 cm ( ). r la superficie (largo x ancho) a hoja y multiplicarlo por 133, ulgones por cada cm2. El uso stimar la densidad del pulgón muestreo de la plaga hasta en la precisión con respecto al 5), lo que minimiza los errores no aplicar insecticida contra la y Terán 2018). el número de pulgones en las btiene el promedio (50 hojas) a. Si el promedio rebasa el pulgones/hoja (ver sección licar insecticida para evitar Si el promedio no rebasa el muestrear el cultivo cinco días manejo integrado es conómico, es decir el nivel de necesario iniciar las acciones s económicas (Stern 1973). El ue determinado en estudios Tamaulipas durante los ciclos ina 3",https://www.gob.mx/cms/uploads/attachment/file/394239/Manejo_integrado_del_pulg_n_amarillo_del_sorgo_en_Tamaulipas.pdf
GC-0126,umbral_economico,accion_y_diagnostico,media-baja,100,biblioteca.usac.edu.gt,Documento PDF,"En base a los resultados obtenidos del porcentaje de daño nuevo ( ocasionado por el gusano cogollero an después de la siembra) fue homogéneo siguientes muestreos el daño ocasionad 0.05). En efecto se visualiza en la , qu daño ocasionado no presenta una dife siguientes se evidencia claramente, qu aplicaciones de Flubendiamide combina plantas que únicamente recibieron aplic 35.00 o 30.00 v e u n 25.00 o ñ a 20.00 d e d 15.00 e j a t n 10.00 e c r o 5.00 P 0.00 18 22 26 30 Días después de la Comportamiento del daño foli (J.E. Smith), desde los 18 días a los 40 125 álisis de varianza para los datos de la variable A), se determinó que el porcentaje de daño s y después de la primera aplicación (18 días todas las plantas (p > 0.05), sin embargo, en los or el gusano se defendió significativamente (p < a los 18 días y 22 días después de la siembra el ciación alta, por el contrario, en los muestreos el daño foliar en las plantas tratadas con las con adyuvantes es inferior al daño foliar en las ón de Flubendiamide. 1 Testigo absoluto 2 Flubendiamide (BELT® 48 SC) 3 Flubendiamide (BELT® 48 SC) + IMBIREX® CR 4 Flubendiamide (BELT® 48 SC) + WETAGRO® 5 Flubendiamide (BELT® 48 SC) + DISAWET® 6 Flubendiamide (BELT® 48 SC) + SURFACID® 7 Flubendiamide (BELT® 48 SC) + INEX® A 8 TAKUMI® 20 WG + IMBIREX CR 33 40 9 Flubendiamide (BELT® 48 SC) + IMBIREX® CR embra ocasionado por larvas de Spodoptera frugiperda s después de la siembra.",http://biblioteca.usac.edu.gt/tesis/01/01_3355.pdf
GC-0127,umbral_economico,accion_y_diagnostico,media-baja,100,biblioteca.usac.edu.gt,Documento PDF,"Por la agenda del Departamento de importancia que toma el daño del gusan la molécula Flubendiamide (BELT® 48 Masagua. Los resultados obtenidos f modelo de parcelas divididas en el tiemp porcentaje de daño nuevo se analizó obtenidos indican que el mejor momen molécula Flubendiamide (BELT® 48 SC el cultivo se encuentra entre la etapa V3 Fue necesario determinar si la molécula aplicaciones de control insecticida, pote adyuvante. Para lo cual, se realizo el e de efecto adyuvante más vendidas por que Flubendiamide (BELT® 48 SC) au gusano cogollero cuando es utilizado en Se determinó que el daño foliar en el m gusano cogollero. Se dictaminó, en bas molécula Flubendiamide (BELT® 48 SC del cultivo, siempre y cuando se aplique XIII esarrollo Agronómico de Bayer S.A. y por la ogollero en la zona, se decidió validar en campo SC) en el cultivo de maíz en el municipio de on analizados estadísticamente, utilizando el para la variable densidad larval y para la variable or medio de modelos mixtos. Los resultados para aplicar el control insecticida utilizando la es a los 18 días después de la siembra, cuando V4. ubendiamide (BELT® 48 SC) al ser utilizada en aliza su efecto cuando es mezclada con algún dio en el mismo cultivo utilizando las moléculas casas agroquímicas. Los resultados confirman nta su efecto control sobre las poblaciones del ezcla con adyuvantes. está en función de la densidad poblacional del estado foliar después de las aplicaciones de la ue, esta no pose efecto fitotoxico sobre el follaje a dosis comercial de 0.15 l/ha.",http://biblioteca.usac.edu.gt/tesis/01/01_3355.pdf
GC-0128,umbral_economico,accion_y_diagnostico,alta,100,repositorio.chapingo.edu.mx,Documento PDF,"LIT Achakzai, A., Achakzai, P., Masood, of plant parts and age on the d found in Quetta. Bot., 4 Aldana, L., Salina, D., Valdés, M., (2012). Biological activity o Spodoptera frugiperda (J. Producción masi de campo. Seminario sobre a del maíz Spodoptera frugipe Lisandro Alvarado. (Barquisim Bahena, J. Parasitismo e frugiperda (J. Smith) (Lep Memoria: XXXIII Congreso Michoacán, México, 204-209. Banda, T., Enkerlin, S., De Alba, F. y Heliothis zea (Boddie) y dete matemática y muestreo secu en maíz criollo. Fitófilo, 85,10 Brechelt, A. Manejo Ecológ Agricultura y Medio Ambiente en http:// Carpinella, M., Defago, M., Vallada insecticide properties of a lim potential use for pest man Chemistry, 51(2), 369-374. Carrillo, R., Vásquez, O., Ríos D. vegetales para el control d lycopersicum L.) en Oaxaca Agricultura y Alimentación Ec ATURA CITADA Kayani, S. Response ribution of secondary metabolites on plants (5), 2129–2135. utiérrez, M., Rodríguez, E. dose extracts of Tagetes erecta L. Southwestern Entomologist, 37, 31-38. y algunas experiencias nativas para el control del gusano cogollero a (Smith). Universidad Centro Occidental o). gusano cogollero del maíz Spodoptera ptera: Noctuidae) en el centro de México. acional de Control Biológico. Importancia económica de nación del umbral económico, distribución cial de Spodoptera frugiperda [J. o de Plagas y Enfermedades. República Dominicana. Disponible s_files/Manejo_Ecológico_ de_Plagas. (2003).Antifeedant and oid from Melia azedarach (Meliaceae) with ement Journal of Agricultural and Food erez, S., y Villegas A. Extractos plagas del follaje del tomate (Solanum México. VIII Congreso científico de SEAE. Bullas, Murcia, España",https://repositorio.chapingo.edu.mx/server/api/core/bitstreams/ff63bcad-5d61-4d60-99e9-1fca14a431e0/content
GC-0129,umbral_economico,accionable,media-baja,100,bdigital.zamorano.edu,Documento PDF,"implementado el controL Di valor monetario que iguala control, si esto se hace cua plaga alcanza el NDE (Hrusk El nivel crítico es densidad poblacional de la iniciar la acción de contr sobrepase el NDE en el futuro entre la estimación de la control de la plaga. Ent densidad menor de la plaga q control actúe (Hruska y Ro siempre que se toman decisi nivel crítico, se están toma nivel de daño económico y el stern et aL (1959) ci concluyó que el nivel críti muestreo y la decisión de q antes de la implementación d El nivel crítico es def es aquella densidad poblac económico iniciar actividade plagas, ya que los costos de rendimiento rescatado. Debaj aplicar ya que se gasta m 25- o ""rendimiento salvado"" tiene un al costo de implementación del o la densidad poblacional de la y Rosset, 1987). eneralmente definido corno la plaga donde el productor debe para evitar que la población Esto supone que hay un retraso ensidad (el ""monitoreo"") y el ces el NC se encuentra a una el NDE, para que el método de et, 1987). Cabe aclarar que nes de control con base en un o en cuenta ambos criterios: el ivel crítico. do por Onstad (1987), también debía de existir, ya que el hacer, ocurren cierto tiempo control. do en un sentido más práctico, nal en la cual tiene sentido para suprimir la población de ombate son iguales al valor del de este nivel, es antieconómico s de lo que se recupera en",https://bdigital.zamorano.edu/server/api/core/bitstreams/38798ee1-473d-4756-a756-ecc1212095b9/content
GC-0130,umbral_economico,accion_y_diagnostico,media-baja,100,gob.mx,Documento PDF,"Además de las pérdid grano, el PAS también pro del sorgo como forraje (Bal de preferencia en el norte los ovinos (Pelibuey), (Beefmaster) redujeron ha follaje de sorgo dañado p follaje sano ( ) (Rodr MANEJO INTEGRADO Muestreo El muestreo del p indispensable para estimar para evitar que la plaga re sección siguiente) y provo del cultivo. Se recomienda cultivo para detectar particularmente al final de bota e inicio de la floración, la llegada de la plaga e Durante estas etapas crític cultivo cada cinco días. muestrear 25 plantas al a envés de la 3a y 6a hojas d el muestreo será en 50 hoj El conteo de cada uno tardado, particularmente abundantes. Bowling et al propusieron un método pa en calidad y rendimiento del ca pérdidas en peso y calidad i y Ligappa 2012). En pruebas Tamaulipas, se observó que aprinos (Boer) y bovinos a en un 80 % el consumo de el PAS en comparación con ez-del-Bosque et al. ón amarillo del sorgo es u densidad y realizar acciones se el umbral económico (ver e pérdidas en el rendimiento speccionar periódicamente el presencia de la plaga, a etapa vegetativa (V8-V10), ando por lo general se detecta cian a colonizar las plantas. , se recomienda muestrear el n cada predio se deberán r; en cada planta revisar el abajo hacia arriba, por lo que e los pulgones es impráctico y cuando las colonias son 2015) de Texas A&M Agrilife la estimación del número de ina 2",https://www.gob.mx/cms/uploads/attachment/file/394239/Manejo_integrado_del_pulg_n_amarillo_del_sorgo_en_Tamaulipas.pdf
GC-0131,umbral_economico,accion_y_diagnostico,alta,100,scielo.org.mx,El género Bacillus como agente de control biológico y sus implicaciones en la bioseguridad agrícola,"El control biológico es una parte importante para el manejo de plagas y enfermedades, que consiste en la utilización de organismos vivos para reducir y mantener la abundancia de una plaga o un patógeno por debajo de los niveles de daño económico. El potencial de esta alternativa se fundamenta en un control eficiente de una plaga o enfermedad a mediano y largo plazo, compatible con un bajo riesgo ambiental, y una producción sustentable. Así, el manejo de plagas y enfermedades se puede llevar a cabo por varios métodos alternativos: el uso de plaguicidas sintéticos, cultivos genéticamente modificados resistentes a plagas, el control biológico, o bien la combinación de una o más de estas estrategias. Los bioplaguicidas son un grupo particular de herramientas de protección de cultivos utilizados en el MIPE, aunque no existe una definición formalmente para este término, un bioplaguicida hace referencia a un agente producido en masa a partir de un microorganismo vivo o un producto natural, y comercializado para el control de plagas o enfermedades de plantas (esta definición abarca la mayoría de los productos clasificados como bioplaguicidas, dentro de los países de la Organización de Cooperación y Desarrollo Económicos) ( OCDE, 2009 ). Los bioplaguicidas pueden ser clasificados en tres tipos, de acuerdo con la sustancia activa: i) productos bioquímicos, que comprenden principalmente metabolitos secundarios de plantas y microorganismos; ii) productos semi-químicos, constituidos principalmente por feromonas; y iii) microorganismos, incluyen bacterias, virus, hongos y protozoarios, ( Chandler et al ., 2011 ).",https://scielo.org.mx/scielo.php?script=sci_arttext&pid=S0185-33092018000100095
GC-0132,umbral_economico,accion_y_diagnostico,alta,100,openknowledge.fao.org,Documento PDF,"Radícula: Raíz principal de la planta germ 83. Reticulación (cabeza): En larvas de lepid motas diminutas presentes en la capsula en pequeños grupos e incluso prese determinada 84. Riego de machaco o de pre-siembra: Rie terreno, con el objeto de suavizar el suel 85. Savia: Líquido nutritivo que circula dentr 86. Tórax: Segundo segmento del cuerpo de Consta de tres segmentos; porta los ap movimiento del individuo. Tubérculo setífero: Protuberancia redon ápice, mayormente en larvas de Lepidop 88. Trampa de melaza: Trampa en la cual azúcar, de olor dulce atrayente a ciertos 89. Trampa de oviposición: Trampa en la cua para la oviposición de ciertos insectos, p 90. Umbral de acción: Nivel poblacional d medida de control. Vértex: Región dorsal de la cabeza de los y posterior a la frente (área frontal de la c 181 ada. tera, pequeñas ornamentaciones a manera de fálica , estas máculas pueden estar dispuestas r patrones que caracterizan a una especie que se realiza previo a la siembra y al arado del ara su preparación. insecto, ubicado entre la cabeza y el abdomen. dices locomotores y su principal función es el da del integumento que porta una seta en el a. utiliza la melaza, subproducto de la caña de ectos. objetivo principal es brindar un lugar atractivo uras que luego serán destruidas. na plaga en la cual es necesario tomar una sectos que se ubica entre los ojos compuestos eza).",https://openknowledge.fao.org/server/api/core/bitstreams/518339ec-6cb9-4a3c-970f-82ca6d32328d/content
GC-0133,umbral_economico,accion_y_diagnostico,media-baja,100,gob.mx,Documento PDF,"Insecticidas más ef pulgón amarillo del sorgo en Insecticida Gru (nombre común) Imidacloprid* Neon Sulfoxaflor Sul Spirotetramat Ce Thiametoxam* Neon Flupyradifurone Bu *Prohibidos en algunos países po Para el control químic es importante considerar lo 1. Identificar correctamen otras especies de pulgo 2. Realizar muestreos pe parcela para determina 3. El control químico es la del pulgón amarillo un umbral económico (5 aplicaciones preventiva 4. Aplicar con mochila só encuentre al pulgón a “cañon” para cubrir la p 5. Aplicar con equipo terr si la infestación es unif 6. Si el agua es alcalina (buferizantes) para baj 7. Es indispensable el uso agua de al menos 200 50 L/ha en aplicaciones ivos para el control químico del maulipas. Dosis (g de ingrediente uímico activo/ha) tinoides 105 minas 12 noles 45 tinoides 125 olidos 40 us efectos nocivos en las abejas. del pulgón amarillo del sorgo, guiente: al PAS y no confundirlo con s ( , pag. 7) dicos (cada cinco días) en su l nivel de población del PAS. ltima opción para el combate vez que se ha alcanzado el pulgones/hoja). No realizar cuando aun no haya pulgones. en los manchones donde se arillo o utilizar equipos tipo iferia del predio. re o avión en toda la parcela me. utilizar agentes acidificantes el pH a 5.5-7.0. dispersantes y volúmenes de a en aplicaciones terrestres y éreas",https://www.gob.mx/cms/uploads/attachment/file/394239/Manejo_integrado_del_pulg_n_amarillo_del_sorgo_en_Tamaulipas.pdf
GC-0134,umbral_economico,accion_y_diagnostico,media-baja,100,biblioteca.usac.edu.gt,Documento PDF,"66 2.7.5 Verificación del cumplimiento de los s A. Normalidad de los residuos En base a lo observado en la , se infier de daño foliar nuevo, presentan una distribució debido a que, los cuantiles observados no enca representa a los cuantiles teóricos de una distri gráfico de la curva de densidad, se puede obser irregularidades de forma, esto debido a que, al e se observa en la parte del qq-plot, reflejan un i respecto a su media. Por lo tanto, en base a la e presentan un incumplimiento del supuesto de no de los datos a la distribución normal, la aplica confiable. Para poder aseverar de forma confiable estad realizar la prueba de Shapiro –Wilk modificado. Gráfico de qq-plot (izquierda) y grá variable porcentaje de daño nuevo ocasionad uestos del análisis de varianza ue los residuos de la variable porcentaje lejada de la distribución normal teórica, o se asemejan a la línea central la que ción normal. De la figura en la parte del que los extremos de la curva presentan tir datos atípicos en la distribución como rvalo de dispersión alto de los residuos dencia gráfica los residuos de la variable alidad. Al no aproximarse la distribución n del teorema central del límite no es camente tal argumento, se procedió a o de densidad observada (derecha) para la por larvas de Spodoptera frugiperda.",http://biblioteca.usac.edu.gt/tesis/01/01_3355.pdf
GC-0135,umbral_economico,accion_y_diagnostico,media-baja,100,biblioteca.usac.edu.gt,Documento PDF,"La aplicación se realizó de forma dirigid con la finalidad de que el producto fues larvas de Spodoptera (J.E. Forma de aplicación de los ag Las variables estudiadas fueron; densid Realizando el primer muestro 18 días de de 3 a 7 días. Los datos se anotaban en muestreo se observaban 10 plantas de de larvas vivas por cada planta, estiman a la perdida de área foliar y anotando s fitotoxicidad en función de la escala sug 4 Resultados y discusión La primera aplicación de Flubendiamide de la siembra del cultivo, evidentemente de Spodoptera frugiperda (J.E. Smith) su La segunda aplicación se realzó a los 3 la mayoría de plantas superaron el umb 121 acia el cogollo de la planta de maíz ( ), plicado al área foliar de donde se alimentan las químicos. larval, porcentaje de daño nuevo y fitotoxicidad. ués de la siembra y posteriormente en intervalos boleta que se presenta en la A. En cada da unidad experimental, contabilizando número el valor del porcentaje de daño nuevo respecto xistía algún síntoma visual que indicara posible da por la European Weed Research Society BELT® 48 SC) se realizó a los 18 días después e realizó debido a que las poblaciones de larvas raron el umbral de 0.20 larvas/planta ( ). ías después de la siembra cuando nuevamente",http://biblioteca.usac.edu.gt/tesis/01/01_3355.pdf
GC-0136,umbral_economico,accion_y_diagnostico,media-baja,100,gob.mx,Documento PDF,"Según Stern (1973) densidad de plagas que pr equivalente al costo del c insecticida, coadyuvantes, aplicación (aérea o terrestr para el control del pulgón $1000 pesos/ha, con un aplicación. El valor actual De esta manera, el costo pesos) se pagaría con 250 k promedio de pérdida de 5 ambos ciclos de estudio, en alcanzarían con 50 pulgon considerada como el umbra a los conceptos de Stern (1 debe de iniciarse el combat económicas. 5000 ) a h 4000 / g k ( o 3000 t n e im 2000 id n 1000 e R 0 0 200 Núm Modelo de regresió de pulgones (x) y rendimiento PV 2015. el umbral económico es la ocaría una pérdida económica rol. Dependiendo del tipo de ejoradores del pH, costo de la y del muestreo, el costo total ría actualmente entre $500 y omedio de $750 pesos por sorgo es de $2,970 pesos/t. medio de la aplicación ($750 ha de sorgo. Considerando un /ha por cada pulgón/hoja en nces los 250 kg de pérdida se hoja, densidad que debe ser conómico del PAS de acuerdo 3). Al alcanzar esta densidad, e la plaga para evitar pérdidas y = -4.315x + 3988 R² = 0.873 0 600 800 1000 de pulgones/hoja neal entre las variables densidad l sorgo (y)",https://www.gob.mx/cms/uploads/attachment/file/394239/Manejo_integrado_del_pulg_n_amarillo_del_sorgo_en_Tamaulipas.pdf
GC-0137,umbral_economico,accionable,media-baja,100,bdigital.zamorano.edu,Documento PDF,"-1 postrera se encuentra mayor debido a la disponibilidad sobrevivir. Al igual que c resultados económicos se obtie el riego y sembrar en postr definido estadísticamente de varibles económicas se observó lO-lO% a dar los mejores resu El tratamiento 30-60% es riesgo, obteniendo los mayore casos. No fue posible determina metodología de función de res se encontró una correlación s rendimiento. Probablemente está suficientemente refinado infestación aumenta, el coef por consiguiente el tamañ disminuye. Después de 20% de 92 plantas en 23 sitios de datos de muestreo confiables. tamaño de muestra óptimo se co abajo de ese porcentaje el da para merecer control. 0- ntidad de enemigos naturales medios que necesitan para el rendimiento, los mejores n al usar la variedad 11Sudán11 , a. Aunque no hay un efecto os niveles críticos sobre las na tendencia del nivel crítico ados. l que protege mejor contra el beneficios netos en los peores n nivel crítico óptimo bajo la esta en producción, ya que no nificativa entre infestación y sistema de muestreo usado no A medida que el porcentaje de ente de variación disminuye y de muestra óptimo también nfestación se pueden utilizar plantas cada uno para obtener Abajo de 20% de infestación, el vierte en algo impráctico, pero de cogollero no es importante",https://bdigital.zamorano.edu/server/api/core/bitstreams/38798ee1-473d-4756-a756-ecc1212095b9/content
GC-0138,umbral_economico,accion_y_diagnostico,media-baja,100,gob.mx,Documento PDF,"No es recomendable la velocidades del viento 9. En virtud de que el pul abajo, se recomienda e una mayor cobertura e 10. En caso de realiz importante utilizar un químico, para reduci desarrolle resistencia a Oportunidad en la PAS en dos híbridos de sorgo Híbrido Tratamiento ( Mezquite Aplic. tardía** Sin aplicar DK-54 Aplic. Tardía** Sin aplicar * Al alcanzar el umbral económic ** 10 días después de alcanzar e Una vez que se alc importante aplicar insecti pérdidas económicas. En aplicación de insecticida 1 umbral económico trae importantes en el rend comparación con la aplicac aplicaciones de insecticidas a yores a 15 km/h. n se concentra en las hojas de so de extensiones para lograr sa zona. una segunda aplicación, es secticida de diferente grupo el riesgo de que la plaga s insecticidas. licación de insecticida contra el o Bravo, Tam. gones/hoja Kg/ha (% Pérdida) e muestreos) 11 3,910 60 3,177 (-19) 233 2,087 (-47) 53 3,255 317 315 (-90) 587 39 (-99) 50 pulgones/hoja). mbral económico (50 pulgones/hoja). za el umbral económico, es a de inmediato para evitar se observa que la días después de rebasar el omo consecuencia pérdidas ento de dos híbridos, en n oportuna. En el híbrido más ina 9",https://www.gob.mx/cms/uploads/attachment/file/394239/Manejo_integrado_del_pulg_n_amarillo_del_sorgo_en_Tamaulipas.pdf
GC-0139,umbral_economico,accion_y_diagnostico,alta,100,scielo.org.mx,Importancia del control biológico de plagas en maíz (Zea mays L.),"Los insectos plaga, son una de las principales limitantes en la producción del cultivo de maíz. Por lo cual, provocan daño en el desarrollo de la planta y por ende reducen el rendimiento. El gusano cogollero Spodoptera fugiperda J. Smith y Heliothis zea (Boddie), (Lepidoptera: Noctuidae) son las de mayor presencia en el cultivo de maíz. Para el control de estas y otras plagas, el control más usado son los insecticidas químicos; las principales desventajas de su uso han sido la contaminación al ambiente y la resistencia de los insectos plaga, esto ha ocasionado daño en el ambiente y resistencia. Una alternativa es la utilización de microorganismos entomopatógenos, depredadores o parasitoides. Dentro de estos se encuentran hongos entomopatógenos como Metarhizum anisopliae (Metchnikoff) Sorokin, y depredadores de la familia Coccinellidae como Cycloneda sangunea (Linnaeus), siendo estas más utilizadas en el control biológico. Asimismo, algunos parasitoides como Telenomus remus (Nixon) (Hymenoptera: Platygastridae). Por lo cual, las ventajas del control biológico es reducir niveles de infestación de plagas a una proporción que no causen daño económico, disminuir el espectro de acción y además no generan contaminación al ambiente. El control biológico depende en gran medida de las condiciones climáticas, etapa fenológica del cultivo y de la interacción entre las plagas y el hospedero.",https://scielo.org.mx/scielo.php?script=sci_arttext&pid=S2007-09342019000400803
GC-0140,umbral_economico,accionable,alta,100,openknowledge.fao.org,Documento PDF,"Práctica Práctica de “cu b. Control Biológico El control biológico es la represión de las pla mediante la acción de los predadores, parási orientado a favorecer e incrementar la activ avispas parasitoides, evitando el uso de insect El control biológico puede ser natural, que ha campos, o aplicado, que es el uso de organism las plagas. En ambos casos se debe considera Protección de los enemigos naturale El cultivo de quinua alberga una considerab es por ello que las aplicaciones de insecticid enemigos naturales, utilizando en la medida d fauna benéfica y solo cuando una previa eval umbral de acción propuesto para el campo. 134 ©Luis Cruces aporque” en quinua ©Luis Cruces o” en quinua de los andes s mediante sus enemigos naturales, es decir y patógenos. Este tipo de control debe estar d de chinches predadores, arañas, moscas y das de amplio espectro. referencia a la fauna benéfica existente en los s vivos al liberarlos en el campo para controlar s siguientes aspectos para favorecer su acción: fauna benéfica como ya se ha mencionado, deben realizarse tratando de proteger estos o posible plaguicidas de bajo impacto para la ción de campo señale que ha sobrepasado el nitoreo de las plagas y la fauna benéfica debe",https://openknowledge.fao.org/server/api/core/bitstreams/518339ec-6cb9-4a3c-970f-82ca6d32328d/content
GC-0141,manejo,accion_y_diagnostico,alta,100,vun.inifap.gob.mx,Documento PDF,"tanto para su manejo en cose consumo en fresco o procesado A partir de la colaboración inte así como de la participación de se busca rescatar y elevar la priorizando la atención en los p impacto de deterioro en las p presencia y severidad de la “ “Podredumbre de raíz y corona el hongo fitopatógeno Neopest con testimonios de produc ocasionado muerte total de pl aproximadamente el 50 % de l presente en la mayoría de la Zamora, que es la región pr entidad, detectándolo en otras (Rebollar et al., 2020). Como estrategias para manej plantea: 1. Reconocimiento de los signo en el cultivo de fresa, así como ocasiona, esto mediante el uso científica como cursos o talle interdisciplinarias y gubernam cuales se distribuirían entre p involucrados en el cultivo de fre 2. Identificación de la fuente de factor común en la presencia 2021); a través de manuales y gu trazabilidad y manejo de los vi tales como este documento. Identificación del agen microbiológicos por lotes de p parcelas, todo esto en labora importante conocer los mecan en el medio ambiente para lleva propagación. PRODUCCIÓN DE PLANTAS a y postcosecha, como para el oria et al., 2021). stitucional y multidisciplinaria, ector productivo y empresarial, ductividad integral del cultivo blemas fitosanitarios con mayor taciones, ejemplo de ello es la adera de plantas de fresa” o plantas de fresa”, causada por tiopsis rosae ya que de acuerdo es, esta enfermedad ya ha as en etapa de producción en uperficie cultivada y se observa uertas restantes del Valle de uctora más importante en la giones productoras del estado de plagas y enfermedades, se síntomas de las enfermedades el agente fitopatógeno que los e herramientas de divulgación impartidos por instituciones ntales, trípticos y folletos, los ductores, viveristas y técnicos fección primaria, ya que son el la enfermedad (Baggio et al., técnicas donde se mencione la os en la producción de planta, causal mediante análisis tas previos a su colocación en os certificados; así mismo es os de dispersión y su desarrollo cabo su prevención y limitar su FRESA CON ALTA CALIDAD GENÉTICA, FISIOLÓGICA Y FITOSANITARIA",https://vun.inifap.gob.mx/VUN_MEDIA/BibliotecaWeb/_media/_folletotecnico/14565_5350_Producción_de_plantas_de_fresa_con_calidad_genética_fisiológica_y_fitosanitaria.pdf
GC-0142,manejo,accion_y_diagnostico,alta,100,openknowledge.fao.org,Documento PDF,"The invertebra guide to their recognition and control. London Koch, C.K.; Waterhouse, D.F. (200 associated with agriculture and forestry in C Research. Konstantinov, A.S.; Vandenberg, N.J. H Chrysomelidae: Alticinae). Contributions to E Korytkowski, C. Contribución al conocim en el Perú. Revista Peruana de Entomología Lafontaine, J.D. An Lepidoptera) of North America north of Mex Lamborot, L.; Guerrero, M.A. (199 (Chenopodium quinoa Willdenow) en la zo Plagas. Chenopodium quinoa as a “un diciembre 2015. Disponible en Leach, J. Insect transmission of plant León, J. Cultivo de la Quinua en Puno-Pe Nacional del Altiplano de Puno, Ciencias Ag Lizárraga, A.D. Biología de la mosca mi Agromyzidae). Revista Latinoamericana de l Lizárraga, C. Virus en raíces andinas. Lima, Perú, Centro Internacion Löbl, I.; Smetana, A. Catalogue o Apollo Books, 924 pp. López, R.; Carmona, D.; Vincini, A.; Monterubb and damage caused by the leafminer Liriomy on seven potato processing varieties grown i 39(1):108-114 Luginbill, P. United State Government printing offi McDougall, S; Watson, A.; Stodart, B.; Napie Tomato, capsicum, chilli and eggplant. A beneficials, diseases and disorders in Au Centre for International Agricultural Researc Meyrick, E. Description of South Americ Museum. pests of annual food crops in Central America. A K: Overseas Development Administration. The distribution and importance of arthropods. Australian Centre for International Agricultural dbook of Palearctic flea beetles (Coleoptera: mology International 1(3): 1-427. to de los Agromyzidae (Diptera: Muscomorpha) ol. ated check list of the Noctuoidea (Insecta,. Lepidópteros asociados al cultivo de la quinoa central de Chile. Boletín de Sanidad Vegetal. sal” plant virus host. Consultado 20 t/text/quinoa.html eases. McGraw-Hill Book Co., New York. Descripción, Manejo y Producción. dora Liriomyza huidobrensis Blanchard (Diptera, apa : 30-40. Raíces andinas: manual de de la Papa.. alaearctic Coleoptera, : Chrysomeloidae. Population dynamics huidobrensis Blanchard (Diptera: Agromyzidae), emperate environment. Neotropical Entomology e Department of Agriculture. Technical Bulletin .; Kelly, G.; Troldahl, D. d guide for the identification of insect pests, lia and Cambodia. Canberra, The Australian ACIAR), 233 p. Annals of the South African 165",https://openknowledge.fao.org/server/api/core/bitstreams/518339ec-6cb9-4a3c-970f-82ca6d32328d/content
GC-0143,manejo,accion_y_diagnostico,media-baja,100,ugspace.ug.edu.gh,Documento PDF,"University of Ghana h Rogers, D. Random search and insect p 369-383. R., Ringler, C., Sulser, T. Agriculture and food s 2025/2050. International Food Policy Re Rwomushana, I., M. Early., et al., (201 Africa: Evidance Note Update. Biometrika, 52(3/4), 591-611. Sharanabasappa, S., Kalleshwaraswamy, C. Natural e (Lepidoptera: Noctuidae), a recent inva Entomologist, 102(3), 619-623. Shiferaw, B., Prasanna, B. M., Hellin, J., an 6. Past successes and future challenge security. Food Security, 3(3), 307-327. B., an communication in Spodoptera exigua (L cotton. Environmental Entomology, 23(6) Shylesha, A. Na furcellata (Wolff) and Andrallus spinid (Hemiptera: Pentatomidae) in maíz a worm. Journal of Biological Control, 32( Silva, M. F., Trindade, Micheletti, L. Toxicity and ap Scientiae, 6(3), 359-364. E frugiperda, Helicoverpa zea (Lepidopt (Lepidoptera: Pyralidae) on selected adul Sisay, B., Simiyu, J., Malusi, P., Likhayo, P (2018). First report of the gusano cogollero natural enemies from Africa. Journal of A Solomon, M. The natural contro Ecology, 1-35. A review of the biology 87. p://ugspace.ug.edu.gh ulation models. The Journal of Animal Ecology, wing, M., Palazzo, A., Zhu, T., ... and Batka, rity under global change: Prospects for rch Institute, Washington, DC, 145-178. Clottey., gusano cogollero: impacts and implications for ngford, United Kingdom. alysis of variance test for normality (complete , Poorani, J., Maruthi, M. B., mies of Spodoptera frugiperda (JE Smith) e pest on maíz in South India. The Florida änziger, M. Crops that feed the world o the role played by maíz in global food Gerber, R. Disruption of pheromone doptera: Noctuidae) in tomatoes, alfalfa, and 529-1533. l occurrence of predatory bugs, Eocanthecona s (Fabr.) on Spodoptera frugiperda (Smith) their potential in management of fall army 209-211. B., and cation of neem in gusano cogollero. Comunicata production and adult longevity of Spodoptera : Noctuidae), and Elasmopalpus lignosellus ets. Florida Entomologist, 665-671. Mendesil, E., Elibariki, N., ... odoptera frugiperda (Lepidoptera: Noctuidae), ied Entomology, 142(8), 800-804. The Journal of Animal the gusano cogollero. Florida Entomologist, 82-",https://ugspace.ug.edu.gh/server/api/core/bitstreams/a1042457-52f1-44c2-8848-3e8948f73a12/content
GC-0144,manejo,accion_y_diagnostico,media-baja,100,repositoriotec.tec.ac.cr,Documento PDF,"5.- Identificación de posibles microorganismos A partir del pie de cría establecido anteriormente estadio larval, cuyo segmento abdominal se t crecimiento microbiano con apariencia polvosa y fueron separadas del resto que formaban parte del Con el fin de aislar los microorganismos con po aislamiento de microorganismos del CIB la cua con un algodón impregnado de alcohol al 70%, p de trabajo en condiciones asépticas. Antes de su u Dentro de la cámara se tomaron 100 ml de agu esterilizado: ocho tubos de ensayo, una rejilla, un seis larvas de Spodoptera frugiperda parasitadas por un cultivo selectivo: seis placas con V8, cuatro con P Zanahoria (Z), dos con el medio Jofee (J), dos proporcionadas todas por el profesor Vladimir V cristalería con alcohol al 70% antes de introducirla Utilizando las pinzas entomológicas se sacó la pri Petri vacía, se partió a la mitad con el bisturí y s adicionado previamente 10 ml de agua destilada e fuerza durante un minuto; con una pipeta de 2 ml inóculo quedando distribuidos los tratamientos com 29 controladores e empezó a observar el deceso de seis individuos en aba necrótico, disminuía su tamaño y presentaba odonosa, en algunos casos. Estas larvas sintomáticas de cría. e actividad biocontroladora se utilizó la cámara de e previamente encendida por 20 min y desinfectada mantener la superficie, el equipo y las herramientas e dejó enfriar por 15 min. destilada estéril y el siguiente material previamente ipeta de 10 ml, ocho pipetas de 2 ml, un pipeteador, go y seis placas Petri con los siguientes medio de A, dos con pulido de arroz (A), dos con un medio de el medio DC y cuatro placas Petri estériles vacías alba. Con ayuda de un atomizador, se roció toda la a cámara. a larva y se colocó sobre una de las tapas de la placa ntrodujo en el tubo de ensayo #1, al cual se le había il con una pipeta, el tubo se agitó manualmente y con téril se sembró por extensión una alícuota de 1ml de lo muestra el",https://repositoriotec.tec.ac.cr/bitstream/handle/2238/2931/Informe_Final.pdf?sequence=1&isAllowed=y
GC-0145,manejo,accion_y_diagnostico,alta,100,vun.inifap.gob.mx,Documento PDF,"Importancia de la propagació La propagación de las planta cultivo de cualquier especie den la calidad de la semilla o materi dependerá el resto del proceso los cultivos. Para ello es necesar madre y la calidad fitosanitaria, características organolépticas r de resistencia o tolerancia a plantas madre servirán de mat por lo que es necesaria la evalu y el adecuado manejo duran finalidad de evitar la inciden permitiendo el desarrollo de las calidad a partir del material de Propagación de la planta de fr Selección de plantas madre Con la finalidad de realizar la s deben tomar en cuenta aspe como son: Genotipo, variedad generaciones filiales, altamen estado sanitario y tolerancia o r una inadecuada selección de consecuencia el establecimien nueva deficiente en términos incluso la pérdida del cultivo. Una vez realizada la selecci atención durante la manipulac evite la propagación de enferm proceso de propagación y la c necesario realizar un registro d como: Procedencia, fecha temperaturas durante su estan plagas o enfermedades (Mart 2012; Rodríguez-Bautista et al., PRODUCCIÓN DE PLANTAS e planta de calidad s un paso fundamental en el o y fuera de un vivero, ya que, de egetativo que se vaya a utilizar, reproducción y producción de conocer el origen de las plantas uenta o no con certificación, sus vantes, así como características fermedades o plagas. Dichas al vegetal para la propagación, ón completa del material inicial su estancia en vivero, con la de plagas y enfermedades, ntas de forma homogénea y de gen. a cción de las plantas madre, se s claves para su propagación ertenecer a las primeras dos productiva, estado fisiológico, stencia a enfermedades, ya que ntas madre puede traer como y desarrollo de una plantación productividad, rendimientos o es necesario prestar mayor de las plantas, de forma que se dades que puedan interferir el dad de la planta. Así mismo es as características de cada lote propagación, variación de en vivero y posible presencia de z-Bolaños et al., 2008; Kessel, 2). FRESA CON ALTA CALIDAD GENÉTICA, FISIOLÓGICA Y FITOSANITARIA",https://vun.inifap.gob.mx/VUN_MEDIA/BibliotecaWeb/_media/_folletotecnico/14565_5350_Producción_de_plantas_de_fresa_con_calidad_genética_fisiológica_y_fitosanitaria.pdf
GC-0146,manejo,accion_y_diagnostico,media-baja,100,ugspace.ug.edu.gh,Documento PDF,"University of Ghana h REFE Abrahams P, Bateman M, Beale T, Clottey Early R, Godwin J, et al. Fall Evidence Note (2), September 2017. T., Sikirou, R., Boukari, S., Aboud ... Protection de la les insecticides Plantneem, Lambdace 2 rendement au Benin. Journal de la Rech 53-65. Afreh-Nuamah, K., Billah, M. K., and Ob longinoda (Latreille) (Hymenoptera: Form orchards. Journal of Agricultural Science Agboyi, L. K., Goergen, G., Beseh, P., Mensa M. Parasitoid complex of fall a Benin. Evidence of leaf consum frugiperda, larvae parasitized by Coccygi Akramov, K., and Malek, M. Ana production in Ghana: Results of PAM and (GSSP) Working, 28. Ovicidal effects of entomo armyworm Spodoptera frugiperda (L Entomology, 143(6), 626-634. I., Baoua, I., Ba Muniappan, R. M invaded gusano cogollero in Niger. Biocontrol potential o of Experimental Zoology, 6(1), 1-44. Arya, M., and Tiwari, R. Efficacy of grain borer, Rhyzopertha dominica (Fab. Scientific Research, 4(5), 649-653. Assefa, F., and Ayalew, D. Status and frugiperda) infestations in maíz fiel Agriculture, 5(1), 1641902. p://ugspace.ug.edu.gh NCES Cock M, Colmenarez Y, Corniani N, Day R, myworm: Impacts and Implications for Africa. S., ure de maïs contre Spodoptera frugiperda avec EC et Viper 46 EC et reduction de pertes de he Scientifique de l’Université de Lomé, 20(2), g-Ofori, D. Weaver ant, Oecophylla idae) activity reduces fruit fly damage in citrus d Technology A, 2, 449-458. and Kenis, yworm, Spodoptera frugiperda, in Ghana and eseh, P., Glikpo, R., Rwomushana, I., ... and ion rate decrease in gusano cogollero, Spodoptera m luteum. Insects, 10(11), 410. ing profitability of maíz, rice, and soybean EA analysis. Ghana Strategy Support Program is, F. L., and Subramanian, hogenic fungal isolates on the invasive fall idoptera: Noctuidae). Journal of Applied M. Native parasitoids recruited by the rnal of Entomology, 1253-1254. ssassin bugs (Hemiptera: Reduviidae). Journal nt and animal origin bioproducts against lesser stored wheat. International Journal of Recent ontrol measures of gusano cogollero (Spodoptera in Ethiopia: A review",https://ugspace.ug.edu.gh/server/api/core/bitstreams/a1042457-52f1-44c2-8848-3e8948f73a12/content
GC-0147,manejo,accion_y_diagnostico,media-baja,100,repositorio.unah.edu.pe,Documento PDF,"Tipo de investigación La investigación realizada corresp llevar de manera controlada y definida de suceso de los daños del gusano cogollero a manipulación y evaluación intencionada otros para recolectar los datos de los result 3.2. Nivel de investigación La investigación corresponde a un abordar cuestiones prácticas. El propósito que fueron utilizados para resolver difi proporciona los requisitos metodológico (Cabezudo y Lovera, 2019). Método de la investigación El trabajo de investigación realizad busca aportar conocimientos sobre los extr de los procesos biológicos de las plagas, es frugiperda). El estudio se realizó en una Huayhuas, en el distrito de Iguain, provin de maíz. El procedimiento permitió comp control del gusano cogollero en el cultiv productos naturales como ají, ajo y muña. Diseño de investigación Se empleó el diseño experimental de aleatorización, repetición y la mantenció menciona (López y Gonzáles, 2014). Para la ejecución de la investigación, el K = tratamientos, asignándose cada uno a unidad se seleccionó al azar un número d emplear a esa unidad experimental. Ya q requerimiento de igual número de unidade 40 LO III LOGÍA de a una investigación aplicada lo que permite é manera o como ocurre un cierto escenario o ultivo de maíz. Asimismo, se llevó a cabo una la variable experimental, utilizando fichas y os del experimento (Hernández et al, 2003). nvestigación de nivel explicativo que intenta a investigación fue identificar conocimientos ades, así mismo la investigación realizada para reducir la indagación de las plagas clasifica como investigación aplicada, ya que os naturales capaces de influir en la reducción cíficamente del gusano cogollero (Spodoptera cela de terreno ubicada en la comunidad de de Huanta, Ayacucho, una región productora ar la eficacia de los extractos naturales en el de maíz amiláceo (Zea mays L.), utilizando o. Dicho diseño está basado en los principios e las variables de una manera constante, como eño consta de: zar a “n” unidades experimentales; para cada a k para decidir que tratamiento se debió de no existen restricciones, con excepción del Gutiérrez y De la Vara, 2009).",https://repositorio.unah.edu.pe/bitstreams/d9a50561-4aff-43fb-92d8-eb25ae3ed1d2/download
GC-0148,manejo,accion_y_diagnostico,alta,100,colposdigital.colpos.mx:8080,Documento PDF,"K., Rwomushana and Day, R. Impact of fall arm security in Zimbabwe. Food and energy Tejeda-Reyes, M., Solis-Aguilar, J., Díaz-Ná Mena-Baheba, A. Evaluación d Spodoptera frugiperda JE Smith ( Guerrero. Entomología mexicana 3: 1, 3 Torres, J. Aspectos ecológicos, to Solenopsis invicta. Journal of Agricult 394. Valarezo, O., Navarrete, B., y Cañarte, E. 2 fitosanitario del cultivo de maíz e Experimental Portoviejo. Aislamiento, identificación y ca Spodoptera frugiperda en Colombia. S., and Cente plants and insects in natural areas by us Coronada, B. agriculture, US forest service, forest h published in 1996). Quality Control an and Testing Procedures. Wallingford, U Varella, A. C., Menezes-Netto, A. C., Alonso Fernandes, O. Mortality dy Noctuidae) immatures in maíz. PLoS O Villareal-Mera, M. Comportamiento Smith) en diferentes etapas fenológica San Vicenta, Manabí. (Tesis de pregrad Yu, S. Detection and biochemical armyworm (Lepidoptera: Noctuidae). R., and Malcolm, larval Lepidoptera. Annual review of en Zamora, M. Actividad de algunos in cogollero. Revista Fitotecnia Mexicana , Mugambi, I., Nunda, W., Mloza-Banda, C., orm invasion on household income and food curity 2: 299-312. , J., Peláez-Arroyo, A., Ayvar-Serna, S., and nsecticidas en el control de gusano cogollero doptera: Noctuidae) en maíz en Cocula, -394. ológicos y agrícolas de la hormiga brasileña of the University of Puerto Rico 74: 4, 375- 1. Evaluación de tecnologías para el manejo la Provincia de Manabí. terización de Nucleopoliedrovirus nativos de sta Facultad Nacional de Agronomía-Medellín. Suppressing over-abundant invasive f their specialized natural enemies (Ruíz, C. ( .96 V33) US Department of th technology enterprise team (Original work roduction of biological control agents: Theory CABI Publ. K., and mics of Spodoptera frugiperda (Lepidoptera: 10: 6. gusano cogollero (Spodoptera frugiperda J.E. el cultivo de maíz (Zea mays L.) en el cantón Manta-Manabì. racterization of insecticide resistance in fall nal of Economic Entomology 85: 3, 675-682. Ecology and behavior of first instar mology 47: 1, 361-393. icidas biorracionales contra el gusano 4, 351-351.",http://colposdigital.colpos.mx:8080/jspui/bitstream/handle/10521/5006/Oritz_Andrade_E_MC_F_Entomologia_Acarologia_2022.pdf?sequence=1
GC-0149,manejo,accion_y_diagnostico,alta,100,openknowledge.fao.org,Documento PDF,"Biología del «gusa Noctuidae). Revista Entomológica del Perú. V Cornelis, M.; Quiran, E. (20 (Fabricius) (Hemiptera: Heteroptera: Rhopa on its life history. Zootaxa, 3525, 83-88. Costa, J.F.; Yábar, E. Para (Lepidoptera: Gelechiidae) en dos localidad Agronomía, Medellín. Lepidoptera en cultivos anuale Agronómico Tropical de Investigación y Ense Técnico/ CATIE: N° 26, 64p. The larvae of the Phalaenid Danielsen, S.; Jacobsen, S.E.; Echegaray, J. In Program Report 1999-200 Danielsen, S. El Mildiu (Pe quinoa) en la zona Andina. Manual práctico Centro Internacional de la Papa. Lima, Perú Danielsen, S.; Bonifacio, A. (2003) Reviews International. Evaluation of ability to predict yield losses caused by dow Dalazen, G.; Carús, J.; Carpintero, D.L.; Stacke of Nysius simulans Associated with Soybea 391-394. De Conti, B.F.; Bueno, V.H.; Sampaio, M.V. survival of Aulacorthum solani, Macrosiph temperatures. Bulletin of Insectology, 64(1), 6 De Santis, L. Las especies peru Pteromalidae). Revista Peruana de Entomolo Deczynski, A. A preliminary revisio Chrysomelidae: Galerucinae: Alticini) in Am URL: pdf?sequence=1 [Revisado el 22 diciembre Delfino, M.A. Inventario de las asociacio (1-2): 143-148. medidor» Pseudoplusia includens (Walk.) (Lep., 21(1): 61-62. The scentless plant bug, Liorhyssus hyalinus e): Description of immature stages and notes smo sobre Eurysacca melanocampta Meyrick de Cusco, Perú. Revista Facultad Nacional de mípteros. Escola Nacional de Agronomia, 351 pp. perennes: Manual de reconocimiento. Turrialba, Costa Rica. Technical Bulletin N° 1135. Impact of downy mildew on the Lima, Perú, pp. nospora farinosa) de la quinua (Chenopodium ra el estudio de la enfermedad y el patógeno. seases of Quinoa (Chenopodium quinoa). Food ease assessment methods in quinoa for their mildew. Populational Fluctuation nd Hairy Fleabane in Brazil. Interciencia 39(6): Van Lenteren, J.C. Development and euphorbiae and Uroleucon ambrosiae at six 68. as de Halticoptera (Insecta, Hymenoptera,. of the genus Epitrix Foudras (Coleoptera: ica North of Mexico. University of Delaware. /handle/19716/13155/Deczynski,%20Anthony. s áfido-planta en el Perú. Ecología Aplicada 161",https://openknowledge.fao.org/server/api/core/bitstreams/518339ec-6cb9-4a3c-970f-82ca6d32328d/content
GC-0150,manejo,accion_y_diagnostico,media-baja,100,repositorio.unas.edu.pe,Documento PDF,"Esto indica una fuerte asociaci y variable dependiente (altura). Además, la sugiriendo que un mayor promedio de larv la planta de maíz. Por lo tanto, esto tambié por las larvas de Spodoptera frugiperda en el crecim si no se controlan oportunamente, pueden 3.00 ) m ( 2.50 a tn a l p e d a r 2.00 u t lA 1.50 0.00 Prom Correlación de Pearson (r) en en relación con la altura de pl 4.2.2. Rendimiento del cultivo de 4.2.2.1. Análisis de varianc A tenor del a de maíz de los tratamientos en estudio (Ta bloques en estudio. Esto sugiere que los blo de maíz. Sin embargo, se evidencia difere tratamientos en esta variable. Por lo tanto, se diferencia estadísticamente de los demá de maíz. Finalmente, se muestra que el coe variabilidad en relación con la media de lo que son bastante homogéneos o consistent la media de los resultados y por lo tanto, p 47 entre la variable independiente (larvas por planta) rrelación presenta una tendencia lineal negativa, por planta está asociado con una menor altura de eñala la significativa influencia del daño causado to del maíz. Según Tió (2020) y Trujillo (2020), ucir la producción de maíz entre un 25 a 30%. y = -0,2394x + 2,5991 R² = 0,8979 r = 0,9476 1.50 3.00 de larvas por planta el promedio de larvas de Spodoptera frugiperda por planta a de maíz de los tratamientos en estudio. íz sis de varianza de los resultados del rendimiento 14), no existen diferencias estadísticas entre los es no influyeron en los resultados de rendimiento as estadísticas altamente significativas entre los resultados indican que al menos un tratamiento ratamientos en estudio en cuanto al rendimiento ente de variación fue 3,83 %, indicando una baja ratamientos. En otras palabras, los datos indican ya que hay poca dispersión en comparación con ntan alta fiabilidad en su interpretación.",https://repositorio.unas.edu.pe/bitstreams/8f1de6f3-b3c7-400c-be9d-f8fd214984d2/download
GC-0151,manejo,accion_y_diagnostico,media-baja,100,ir.ucc.edu.gh,Documento PDF,"© University of Cape Coas dipped separately in each test air-dried for ten minutes b cannibalistic nature of third – (L2) of F generation were us 1 leaves for the control samples air-dried for ten minutes and the larvae. Each cage containi pieces of leaves and observed A sequel susceptibilit dose of Imidacloprid and A ascertained that the recomme expected mortality in the seco Larval susceptibility test wit Three concentrations o 0.50 g/mL and 1 g/mL were pr 100 g, respectively in 100 mL in 100 mL of water, the mixtu extract used for the experimen For each of the three larvae with five replication insufficient samples, ten larv units for the three concentratio Three week-old maíz the length of 5 cm and used fo for ten seconds separately in ecticide for ten seconds after which they were re being fed to the larvae. Due to the th instar larvae of gusano cogollero second instar larvae to prevent mortality due to cannibalism. The ere also dipped in tap water for ten seconds, t in the larval cages and was later fed on by ten second instar larvae was served with ten r 24, 48 and 72 hours for mortality. est was done with twice the recommended tamiprid+Lambda cyhalothrin after it was d doses of both insecticides could not cause nstar larvae of the gusano cogollero. zadirachta indica extract zadirachta indica (neem) extract: 0.25 g/mL, ared from 25 g of fresh neem leaves, 50 g and water. Each mass of fresh leaves was blended was filtered with a fine mesh and the aqueous centrations of the aqueous neem extract, ten were used to test susceptibility. Due to with three replications were used as control of neem extract. ves were collected, washed, wiped and cut to he susceptibility test. The leaves were dipped h mixture and air-dried for ten minutes. The 40 Digitized by Sam Jonah Library","https://ir.ucc.edu.gh/xmlui/bitstream/handle/123456789/6511/AKWAA-SEKYI,+2021.pdf?sequence=1&isAllowed=y"
GC-0152,manejo,accion_y_diagnostico,alta,100,cienciaspecuarias.inifap.gob.mx,Documento PDF,"Conclusions a The ethanol extracts of three Leucaena spp. microplus larvae and moderate efficacy again in estimated reproduction. Flavonoids and ter responsible for their acaricide activity. Howev that produce this activity, be it individually or s Acknowl The authors thank the Campus de Ciencias Autónoma de Yucatán, the Instituto Tecnoló Instituto Tecnológico de la Zona Maya for acces here forms part of the Masters in Science degre Literature cited: 1. Rodríguez-Vivas RI, Rosado-Aguilar JA, Oje Bolio-González ME. Control integrado d Agropecu 2014;1(3):295-308. Rodríguez-Vivas RI, Gris L, Pérez de León H, et al. Potential economic impact assessm Pecu 2017;8(1):61-74. Rodríguez-Vivas RI, Alonso-Díaz MA, Rod VM, Rosario-Cruz R. Prevalence and pyrethroid resistance in Boophilus micropl Mexico. Vet Parasitol 2006;336:335-342. Perez-Cogollo LC, Rodriguez-Vivas RI, Ram tick Rhipicephalus microplus resistant to i 169. Miller RJ, Almazan C, Ortiz-Estrada M, Da fipronil resistance in Rhipicephalus (B 2013;191:97–101. Rev Mex Cienc Pecu 2019;10(3):692-704 d implications ypes were found to have good efficacy against dults; they also reduce the percentage reduction es were identified in the extracts and may be identification is still needed of the metabolites rgistically. dgements ológicas y Agropecuarias de la Universidad o Superior de Felipe Carrillo Puerto and the facilities and equipment. The research reported Sustainable Agroecosystems of GGL. Chi M, Pérez-Cogollo LC, Trinidad-Martínez I, arrapatas en la ganadería bovina. Ecosist Rec A, Silva VH, Torres-Acosta J, Fragoso-Sánchez t for cattle parasites in México. Rev Mex Cienc uez-Arévalo F, Fragoso-Sánchez H, Santamaria ential risk factors for organophosphate and cks on cattle ranches from the State of Yucatan, ez-Cruz GT, Miller RJ. First report of the cattle mectin in Mexico. Vet Parasitol 2010;168:165- y RB, George JE, De Leon AP. First report of philus) microplus of Mexico",https://cienciaspecuarias.inifap.gob.mx/index.php/Pecuarias/article/download/4822/4109/13997
GC-0153,manejo,accion_y_diagnostico,media-baja,100,ugspace.ug.edu.gh,Documento PDF,"University of Ghana h 4.1.2 Minor maíz cropping season In the minor maíz cropping season, a total of the MFP and control plots. The control plots h individual arthropods were collected from the proportion of the arthropods collected was sign plots (χ2 = 5302.70, df = 1, P < 0.001). Howeve and in the MFP plots (n = 11) were not sign Similarly, arthropod families identified in the differ significantly (χ2 = 50.16, df = 1, P = 1 recorded in the MFP (n = 82) and control (n = 8 P = 1.761). Like the major maíz cropping seas = 4319), Diptera (n = 3109), Hemiptera (n = abundant arthropods in the MFP plots, account total recorded arthropods. This relative abund wherein insects in Hymenoptera (n = 5017), Coleoptera (n = 470) were the most dominant an of the arthropod community in the minor maíz season, insects in the family Formicidae were and MFP plots (n = 4078), with Oecophylla lon being the most abundant, respectively (Table 4 p://ugspace.ug.edu.gh 002 individual arthropods were recorded from a total of 9028 invidual arthropods, while 7974 FP plots (Table 4.3 and 4.4). Statistically, the antly higher in the control plots than in the MFP he arthropod orders in the control plots (n = 10) antly different (χ2 = 2.77, df = 1, P = 0.096). FP (n = 53) and control (n = 53) plots did not 17). Also, the number of the different species did not differ significantly (χ2 = 74.298, df = 1, insects belonging to the order Hymenoptera (n 25), and Coleoptera (n = 373) were the most for 54.16%, 38.99%, 9.09%, and 4.68% of the e trend was also recorded in the control plots ptera (n = 2512), Hemiptera (n = 649), and epresented 55.57%, 27.82%, 7.89%, and 5.12% opping season. As in the major maíz cropping most abundant in both the control (n = 4846) oda (n = 2813) and Camponotus sp",https://ugspace.ug.edu.gh/server/api/core/bitstreams/a1042457-52f1-44c2-8848-3e8948f73a12/content
GC-0154,manejo,accion_y_diagnostico,media-baja,100,ir.ucc.edu.gh,Documento PDF,"© University of Cape Coas like it did in the current study, the control of gusano cogollero larvae is p The report by Fosto et and Acetamiprid-based insecti with what was observed in the Belay et al. (2012) reported potent for the control of FA respectively. Meanwhile, that Lambda cyhalothrin-based in insecticide. (20 insecticides were not effecti Rouge; Louisiana, which agre The efficacy of an in factors. For instance, the life works best, is cardinal (Nans insecticide on a pest at a stag the insecticide ineffective; as w out in this research. Inference the egg bioassay that when an a time when there are S. frugi of a subsequent larval popula result in the branding of the effective which would furthe overdose concentrations. It wa ir conclusion that the insecticide is potent for en in the current study. (2019) about the inefficacy of Imidacloprid es in the control of the larvae of gusano cogollero agrees rrent study. However, Sisay et al. (2019) and Lambda Cyhalothrin-based insecticides are in Ethiopia and Santa Isabel; Puerto Rico, s not the case in the current study because the ticide used was second to the least potent ascertained that Lambda Cyhalothrin-based in the control of gusano cogollero in Baton with the finding from this current study. ticide on a pest depends on a number of ge of the target pest on which the insecticide & Ridsdill-Smith, 2013). Thus, applying an here it is unaffected by the chemical renders the case of the egg susceptibility test carried uld, therefore, be made from the outcome of ested farmland is sprayed with insecticides at da eggs present, there may be an appearance n emerging from the eggs. This would likely ecticides used for the treatment as not being rigger the use of more chemicals or even bvious from this study that, the egg stage of 63 Digitized by Sam Jonah Library","https://ir.ucc.edu.gh/xmlui/bitstream/handle/123456789/6511/AKWAA-SEKYI,+2021.pdf?sequence=1&isAllowed=y"
GC-0155,manejo,accion_y_diagnostico,alta,100,openknowledge.fao.org,Documento PDF,"Lepi reconocimiento, biología y daños de las pla Montevideo, Uruguay. Aphids Chichester, John Wiley & Sons, Ltd, 1439 p. Taxonom Aphids as Crop Pests. Trowbrigde, CAB Inter Blackwelder, R.E. Checklist of the Cole the West Indies, and South America. Chemoecology of Insect Eggs and Egg Boerema, G.H. The Phoma species stud of the British Mycological Society, 67:28. Boerema, G.H.; Mathur, S.B. nov.in seeds of Chenopodium quinoa. Nethe Boerema, G.H.; Gruyter, J.D.; Noordeloos, M manual. Differentiation of specific and infra- Bologna, M.A. Journal of Natural History, 36:17, pp Börner, C. Europae centralis Aphides: d Wirtspflanzen, Generationszyklen. Manejo Agroecológico de Plag 52-63. Bravo, R.; Campos, E.; Valdivia, R. (2 de quinua en Puno. CienciAgro 2(3): 379-390 Bravo, R. Diagnóstico, especies arbóreas nativas. Proyecto Árbol A Brier H. Pulses-Summer (including pea identification and control. Burgos-Pino, R.; Leivia-Rifo, R.; Angulo, A.O. de Cuculliinae para Colo Brasilera de Entomología, :372 – 375. Distribution maps of quara Charles, L. Wallingford, UK: CAB Inter CABI/EPPO (2002). Liriomyza huidobrensis. Dis UK: CAB International. pteros de importancia económica en Uruguay: s agrícolas y forestales, 2ª ed., Hemisferio Sur, n the World’s Herbaceous Plants and Shrubs. En Van-Emden, H.; Harrington, R. Insects of Mexico, Central America 3. Smithsonian Institution, USNM Bulletin 185, tion of insect eggs. En: Hilker, M.; Meiners, T. Blackwell, Berlin, pp. d in culture by Dr R. Ascochyta hyalospora (Cooke & EL) comb. nds Journal Plant Pathology. Phoma identification ecific taxa in culture. d genera of Meloidae (Coleoptera): a key and 013-2102. Blattläuse Mitteleuropas: Namen, Synonyme, Andinas. Plagas insectiles en áreas de intensificación entificación y clasificación de los insectos en no. Pests of field crops and pastures: laysia. Copitarsia uncilata Bugos a y México (Lepidoptera, Noctuidae). Revista ne pests for Europe (edited by Smith, I. and onal, xviii + 768 pp. ution Maps of Plant Pests,",https://openknowledge.fao.org/server/api/core/bitstreams/518339ec-6cb9-4a3c-970f-82ca6d32328d/content
GC-0156,manejo,accion_y_diagnostico,media-baja,100,biblioteca.usac.edu.gt,Documento PDF,"https:// 20para%20el%20manejo%20del% Pérez Hernández, O. Aporte al de Cuilco, Huehuetenango, Guatema Carlos de Guatemala, Fac http:// %C3%81NDEZ.pdf Perez Ixchop, O. Estimación de la cogollero (Spodoptera frugíperda Universidad de San Carlos de Gu en Pinheiro, JC; Bates, D. Mixed-effe & Business en Portillo Folgar, DO. Producció híbrido ICTA HB-83, en la fi Rosa. Guatemala, de Agronomía. R: A language a Austria, R Foundation for S project.org/ Ritchie, SW; Hanway, JJ; Benson, GO. 1 State University of Science and Te report (Iowa State University of Service ). Sanabria, O; Corriols, M. Manejo Nicaragüense de Tecnología http:// Simmons, CS; Tárano, JM; Pinto, JH. 1 de la república de Guatemala. Agropecuario Nacional. Daño por Spodoptera siembra directa en diferentes épo Nacional de Tecnología Agro Reconquista. Disponible en http:// 061.pdf 93 s/maíz/Aspectos%20generales%20y%20guia% 0maiz.pdf rrollo integral de la comunidad de Yerba Buena, Tesis Ing. Guatemala, Universidad de San ad de Agronomía. Disponible en 852/1/OCTAVIO%20P%C3%89REZ%20HERN erancia de la planta de maíz al daño del gusano E. Guatemala, emala, Facultad de Agronomía. Disponible 01/01_0526.pdf s models in S and S-plus. US, Springer Science Media. Disponible s?id=y54QDUTmvDcC de semilla certificada de maíz Zea mays L., a El Capulín, Placetas, Chiquimulilla, Santa iversidad de San Carlos de Guatemala, Facultad p. Disponible en 01_1961.pdf environment for statistical computing. Vienna, istical Computing. Disponible en https:// 3. How a maíz plant develops. Ames, Iowa, Iowa nology, Cooperative Extension Service. (Special ience and Technology, Cooperative Extension egrado del cultivo del maíz. Nicaragua, Instituto gropecuaria (INTA). Disponible en TA-OPSNicaragua2000MIPmaiz.pdf 8. Clasificación de reconocimiento de los suelos d. Pedro Tirado Sulsona. Guatemala, Instituto ugiperda (Lepidoptera: Noctuidae) en maíz bajo s en el noreste santafesino. Argentina, Instituto cuaria, Estación Experimental Agropecuaria /unnevieja/Web/cyt/cyt/2002/05-Agrarias/A-",http://biblioteca.usac.edu.gt/tesis/01/01_3355.pdf
GC-0157,manejo,accion_y_diagnostico,alta,100,redalyc.org,Documento PDF,"MOLINAYESPINA LITERATURACIT CALIX, L. Variación en el p Prostephanus truncatus(Horn) (Co dae) en Honduras. Ag Panamericana, El Zamorano, Hondu GARCÍA, A. Impacto de prá miento en la dinámica poblacional por Prostephanus truncatus(Horn) chidae) y en Teretriosoma nigrescen tera: Histeridae). Ag Panamericana, El Zamorano, Hondu JIMÉNEZ, C.M. Evaluación de Be el control de plagas de cultivos t manejo integrado, CATIE, Managua, Nicaragua. Losses caused by the l farm stored maíz. In Markham, R., Ibarra, R. Aselective review truncatus (Horn) (Coleoptera: Bostr tated updated bibliography. Técnicas de evaluac mopatógenos en Prostephanus trun bioensayos. Instituto Internacional pical (IITA), Benin. (Comunicación COMBATEDEINSECTOSPLAGAENMAÍZCONBeauveria bassiana 23 A LORECK, C. Instituto Internacional de Agricultura Tropical (II- cial biótico de TA), Benin. (Comunicación personal). era: Bostrichi- MARKHAM, R.H.; WRIGHT, V.F.; RIOS IBARRA, R.N. scuela agrícola 1991. Aselective review of research on Prostephanus 59p. truncatus (Coleoptera: Bostrichidae) with an annotated and updated bibliography. CEIBA(Hon) 32 (1):1-26. de almacena- ño ocasionado NOVILLO, P. Prostephanus trucatus(Horn) (Coleop- optera: Bostri- tera: Bostrichidae) en el ambiente de almacenamiento ewis) (Coleop- tradicional de maíz en el Valle del Zamorano, Honduras, scuela agrícola C.A. Tesis de Ingeniero agrónomo, Escuela agrícola Pa- pp. namericana, El Zamorano, Honduras. ia bassianaen REES, D.P. Teretriosoma nigrescensLewis (Coleop- ales. Proyecto, tera: Histeridae) a predator of the larger grain borer Prostephanus truncatus (Horn) (Coleoptera: Bostrichi- dae): Current Status of Knowledge, pp. by grain borer in R.H. Biological control of the ht, V. and Rios larger grain borer. Proceedings of an IITA/FAO coordi- research on P. nation meeting, Cotonou, Republic of Benin 1989. Insti- ae) with anno- tuto Internacional de Agricultura Tropical, Ibadan, Nige- ):5. e hongos ento- RÍOS, R.M. Ecología de Prostephanus truncatus por medio de (Horn) (Coleoptera: Bostrichidae) en el altiplano de Mé- gricultura Tro- xico. Tesis M.Sc., Colegio de Postgraduados, Monteci- onal)",https://www.redalyc.org/pdf/437/43711203.pdf
GC-0158,manejo,accion_y_diagnostico,media-baja,100,ugspace.ug.edu.gh,Documento PDF,"University of Ghana h CHAPT RES 4.1 Diversity and abundance of general a agroecosystems 4.1.1 Major maíz cropping season A total of 20, 050 individual arthropods were major maíz cropping season (Table 4.1 and arthopods, while the MFP plots yielded 8185 i significant higher proportion of arthropods tha Nevertheless, the same number of arthropod or MFP plots (n = 10), thus did not significantly identified number of arthropod families from th differ significantly (χ2 = 49.16, df = 1, P = 0.98 MFP (n = 84) and control plots (n = 89) (χ2 = 6 Hymenoptera (n = 6186), Diptera (n = 3495), constituted the most dominant arthropods in 9.70%, and 5.60% of the arthropod community. in the MFP plots: Hymenoptera (n = 3816), Coleoptera (n = 502) and had a relative abu respectively. Insects in the family Formicidae 5607) and MFP plots (n = 3425), with Oecophy (Table 4.1 and 4.2) p://ugspace.ug.edu.gh R FOUR LTS ropod communities associated with maíz llected from the MFP and control plots in the 2). The control plots had 11, 865 individual vidual arthropods. Thus, the control plots had a e MFP plots (χ2 = 2588.92, df = 1, P < 0.001). s was recorded in the control plots (n = 10) and ffer (χ2 = 9.10, df = 1, P = 0.671). Also, the MFP (n = 54) and control (n = 54) plots did not as well as the number of species in each plots; 6, df = 1, P = 1.702). Insect species in the order miptera (n = 1151), and Coleoptera (n = 665) control plots, representing 52.14%, 29.46%, milarly, these same insect orders were dominant ptera (n = 2836), Hemiptera (n = 729), and ance of 46.62%, 34.65%, 8.91%, and 6.13%, re the most abundant in both the control (n = onginoda being the most abundant in both plots",https://ugspace.ug.edu.gh/server/api/core/bitstreams/a1042457-52f1-44c2-8848-3e8948f73a12/content
GC-0159,manejo,accion_y_diagnostico,alta,100,repositorio.chapingo.edu.mx,Documento PDF,"En referencia al extracto acuoso de S. elae extractos acuosos de las dos especies significativo (P≤ 0.05) en la concentración con valores máximos de mortalidad de larv que las concentraciones de 20 a 60 % m intermedio entre los efectos menores y may % y el propio testigo, tuvieron un efecto n evaluado el extracto acuoso del fruto, el c respecto a lo identificado en los extractos fue significativamente mayor en las concen 73.3 y 80 % de mortalidad, respectivam tratamientos. En este caso el testigo estadísticamente igual a la concentración d Mortalidad media en S extractos acuosos de Solanum elae Concentración % H 10 43 20 30. 30 20.0 40 16.6 50 16.6 60 13. 90 3.3 100 3.3 Testigo (solo agua destilada) 0. Prueba de Tukey (P≤ 0.05). Cifras con la estadísticamente iguales. nifolium, se identifica un efecto similar a los getales arriba citadas: Un mayor efecto s baja (10%) tanto en hoja, como en tallo, de 43.3 y 30 %, respectivamente; en tanto straron una tendencia de comportamiento es, ya que las concentraciones de 70 a 100 de mortalidad. En este caso, también fue de hecho mostró ser el de mayor efecto, hoja y tallo, ya que la mortalidad de larvas ciones de 10, 20 y 30 %, con valores de 70, te, sin diferencia estadística entre estos ambién registró cero mortalidad y fue 100 % ( ). doptera frugiperda ocasionada por nifolium. Solanum elaeagnifolium Tallo Fruto a 30.00a 80.00a ab 23.33ab 73.33a bc 13.33abc 70.00a bc 13.33abc 63.33ab bc 10.00abc 53.33ab bc 6.66bc 50.00ab bc 0.00c 46.67abc bc 0.00c 46.67abc c 0.00c 30.00 bcd c 0.00c 10.00dc c 0.00c 0.00d mismas letras dentro de una misma columna, son 38",https://repositorio.chapingo.edu.mx/server/api/core/bitstreams/ff63bcad-5d61-4d60-99e9-1fca14a431e0/content
GC-0160,manejo,accionable,media-baja,100,gob.mx,Documento PDF,"DIRECCIÓN GENERA DIRECCIÓN DEL CENTRO NACION for Resistance. Journal of Economic Entomology, 83(6): 2136-2146. Bohmfalk GT, Frisbie RE, Sterling WL, Metzer RB, Knutson AE. Identification, biology and sampling of cotton insects. The Texas A&M University System. En línea: 933.html Fecha de consulta: septiembre 2020. Spodoptera exigua (beet armyworm) Datasheet. Invasive Species Compendium. En línea: https:// Fecha de consulta: septiembre 2020. Beet Armyworm, Spodoptera exigua (Hübner) (Insecta: Lepidoptera: Noctuidae). Department of Agriculture, UF/IFAS Extension Service, University of Florida. En línea: pdf Fecha de consulta: septiembre 2020. Chapman JW, Reynolds DR, Mouritsen H, Hill JK, Riley JR, Sivell D, Smith, AD, Woiwod I. Wind selection and drift compensation optimize migratory pathways in a high-flying moth. Current Biology, 18: 514-518. Cheng WJ, Zheng XL, Wang P, Zhou LL, Si AY, Wang XP. Male-Biased Capture in Light Traps in Spodoptera exigua (Lepidoptera: Noctuidae): Results from the Studies of Reproductive Activities. Journal of Insect Behavior, 29: 368-378. E SANIDAD VEGETAL DE REFERENCIA FITOSANITARIA COFEPRIS (Comisión Federal para la Protección contra Riesgos Sanitarios). Registros sanitarios. Plaguicidas y nutrientes vegetales. En línea: http:// egistros%20Sanitarios/Registro%20Sanita rio%20de%20Plaguicidas%20y%20Nutrie ntes%20Vegetales/RegistroSanitarioPlagu icidasYNutrientes.aspx. Fecha de consulta: septiembre 2020. DOF (Diario Oficial de la Federación). NORMA Oficial Mexicana NOM-081-FITO- 2001, Manejo y eliminación de focos de infestación de plagas, mediante el establecimiento o reordenamiento de fechas de siembra, cosecha y destrucción de residuos. New Pest Response Guidelines: Spodoptera. En línea: https:// /plants/manuals/emergency/downloads/n prg_spodoptera.pdf Fecha de consulta: septiembre 2020. Spodoptera exigua (LAPHEG). EPPO Global Database. En línea: Fecha de consulta: septiembre 2020. OEPP/EPPO (European and Mediterranean Plant Protection Organization Organisation Europe´enne et Me´diterrane´enne pour la Protection des Plantes). PM 7/124 (1) Spodoptera littoralis, Spodoptera litura, Spodoptera 18",https://www.gob.mx/cms/uploads/attachment/file/633036/Gusano_soldado__spodoptera_exigua.pdf
GC-0161,manejo,accion_y_diagnostico,alta,100,openknowledge.fao.org,Documento PDF,"Integrated Pest Management (IPM) Farmer Field School (FFS) Manua Table 3: Major and minor insect pests of maíz Pest Scientific name Major insect pests of maíz gusano cogollero Spodoptera frugiperd Spotted stem borer Chilo partellus (Swi Pink stem borer Sesamia inferens W Atherigona soccata Shoot fly A. naqvii Steyskal Mythimna separata Oriental Armyworm loreyi (Duponchel) Cut worm Agrotis ipsilon Rot Tobacco and Spodoptera litura (F Lucerne caterpillar S. exigua (Hubner) Cob worm/ Earworm Helicoverpa armiger Aphid Rhopalosiphum maid Shoot bug Peregrinus maidis (A Minor insect pests of maíz maíz leafhopper Cicadulina bipuncta Sugarcane Leafhopper Pyrilla perpusilla (W Flower eating beetles Chiloloba acuta (We color (Fabricius) Termites Odontotermes obesu Grasshopper Hieroglyphus nigror Hind wings are pale straw-colour in male moths and white in females. The life cycle is completed in about 5-6 weeks. Nature of damage Adult of moth of spotted stem borer prefers 3-5 leaf stage maíz for egg laying; eggs generally laid on lower Larvae and Pupae Papery window Figure 8. Spotted stem ©ICAR/I Management Of gusano cogollero Family Order. Smith) Noctuidae Lepidoptera e) Pyralidae Lepidoptera er Noctuidae Lepidoptera ond), nd Muscidae Diptera worth) and Mythimna Noctuidae Lepidoptera Noctuidae Lepidoptera cius), Noctuidae Lepidoptera ubner) Noctuidae Lepidoptera Fitch) Aphididae Hemiptera mead) Delphacidae Hemiptera Matsumura) Cicadellidae Hemiptera er) Lophopidae Hemiptera mann); Oxycetonia versi- Scarabaei- Coleoptera dae ambur) Termitidae Isoptera tus Bol. Acrididae Orthoptera surface of leaves and hatch in 3-4 days; and newly hatched larvae crawl inside leaf whorl and feed in groups. When the rolled leaves of whorl unfurl series of pin holes and papery windows are visible, which is the first symptom of spotted stem borer attack. After a week onwards, larvae move out of whorl and bore upwards the developing stalk, often reaching meristem. When Bore hole Dead heart rer–nature of damage Ludhiana 8",https://openknowledge.fao.org/bitstreams/3459ed25-6412-4752-8715-e94d8f5b4e2a/download
GC-0162,manejo,accion_y_diagnostico,media-baja,100,gob.mx,Documento PDF,"MANUAL PARA EL BUEN PRESENTACIÓN El uso desmedido e inadecuado de pl debido a sus características tóxicas, pr agua y mantos freáticos, lo cual pro y daños a la flora y fauna silvestre. Orgánicos Persistentes (COP), los cua ambiente, son capaces de permanec diferentes niveles de las cadenas tró generado una mayor preocupación p Así mismo, el uso irresponsable de plag de la resistencia de las plagas e increm Del mismo modo, los plaguicidas tien debido a su grado de exposición ina importante problema en salud públic Una alternativa a la problemática (Organización de las Naciones Unid Integrado de Plagas (manejo integrado), el cual bus de vista de sistemas y poblaciones, f base en evidencias científicas, méto armónica para prevenir y mitigar el d El manejo integrado considera el uso de plaguici necesario. Es así que, con responsabilidades com sectores industrial, productivo, la acad y la sociedad en general, se pueden red sin afectar la productividad alimentar O Y MANEJO DE PLAGUICIDAS EN CAMPO uicidas provoca daños en el ambiente ocando contaminación del suelo, aire, ca modificaciones a los ecosistemas ejemplo claro son los Compuestos s, debido a su alta persistencia en el transmitirse e incrementarse en los as con una alta toxicidad, lo cual ha que no existe un control en su uso. cidas contribuye a acelerar el desarrollo nta los costos de producción. efectos agudos y crónicos en la salud, cuado, siento estás intoxicaciones un a nivel mundial. planteada, que promueve la FAO para la Alimentación) es el Manejo el manejo de plagas desde un punto mentando el uso de información con os y técnicas combinadas en forma arrollo de agentes dañinos al cultivo. s químicos cuando es técnicamente partidas y esfuerzos conjuntos con los mia, las instituciones gubernamentales cir los riesgos por el uso de plaguicidas, 11",https://www.gob.mx/cms/uploads/attachment/file/452645/MANUAL_PARA_EL_BUEN_USO_Y_MANEJO_DE_PLAGUICIDAS_EN_CAMPO.pdf
GC-0163,manejo,accion_y_diagnostico,media-baja,100,repositorio.unah.edu.pe,Documento PDF,"Conclusión estadística En vista de que p-value (0.000) si la hipótesis nula, ello indica que afirmar que al menos un tratam rendimiento de la producción del ma Esta vez también la prueba F muestr prueba posterior para determinar di el rendimiento de la producción del de Tukey y Duncan. Test de Tukey y Dunca para los tratamie Tratamiento N Ají 4 Ajo 4 Tukey Ba Muña 4 Testigo 4 Ají 4 Ajo 4 Duncana Muña 4 Testigo 4 Se visualizan las medias para los grup a. Utiliza el tamaño de la muestra de l Fuente: Elaboración propia Análisis: ❖ En la se aprecia la clasificac ocasión todos son heterogéneos, tanto los cuatro tratamientos son diferentes en la producción del maíz amiláceo e que con ello se logra conseguir hasta 6 a las que se les aplico dicho tratamient solo se consigue 3,15000 kilos en pro 65 menor que alpha (0.050) entonces se rechaza on un nivel del 95% de confianza se puede to genera efecto diferente y significativo en miláceo. r significativo, entonces es necesario realizar una diferencia entre los tratamientos aplicados para íz, para ello se optó por realizar las pruebas s aplicados para el rendimiento del maíz Subconjunto para alfa = 0.05 1 2 3 4 3,1500 4,55925 5,55275 6,52775 3,1500 4,55925 5,55275 6,52775 en los subconjuntos homogéneos. edia armónica = 4.000. n y diferenciación de subgrupos; que en esta n el test de Tukey, así como el test de Duncan, tratamiento que logra un mayor rendimiento extracto natural elaborado a partir del ají; ya 77 kilos en promedio en un total de 20 plantas or otro lado, si no se aplica ningún tratamiento dio en un total de 20 plantas.",https://repositorio.unah.edu.pe/bitstreams/d9a50561-4aff-43fb-92d8-eb25ae3ed1d2/download
GC-0164,manejo,accion_y_diagnostico,media-baja,100,ir.ucc.edu.gh,Documento PDF,"© University of Cape Coas of 85% and 55%, respectivel were no significant difference df = 7; p = 0.12,) and Acetam = 7) at the recommended and treatment. Table 7: Percentage (%) Me Spodoptera frugiper two of the five selec Insecticides Imidacloprid Acetamiprid+Lambda cyhalothrin Control Aqueous Neem Extract Bioa Larval mortality was concentrations of aqueous nee three concentrations caused 1 concentration, 1.00 g/mL, ca while the other two concentr application (Table 8). The LC (lethal conc 50 90%) ascertained from the pr caused by the fifth day, w Regression analysis performed of the regression stastistics (A the mortalities caused by the fter 72 hours of treatment (Table 7). There mortalities caused by Imidacloprid (t = 1.29; d+Lambda cyhalothrin (t = -1.5; p = 0.09; df ce the recommeded dosages after 72 hours of mortality ± S.E of second instar larvae of exposed to twice the recommended dose of insecticides for 24-72 hours % Mean mortality 4 hours 48 hours 72 hours 7.5± 8.54 3 0 ± 10.8 5 5 ± 9 .57 7.5 ± 8.54 8 0 ± 8.16 8 5 ± 6.45 5 ± 2.89 5 ± 2.89 y sessed for eight days using three different extract; 0.25 g/mL, 0.5 g/mL and 1 g/mL. All % mortality by the eighth day. The highest d 100% mortality six days after application ons caused 100% mortality eight days after ration 50%) and LC (lethal concentration 90 t analysis done using the percent mortalities 0.3 g/mL and 0.78 g/mL, respectively. n the data as indicated in the summary output endix E) showed a significant difference in h day by the three concentrations used (F = 53 Digitized by Sam Jonah Library","https://ir.ucc.edu.gh/xmlui/bitstream/handle/123456789/6511/AKWAA-SEKYI,+2021.pdf?sequence=1&isAllowed=y"
GC-0165,manejo,accion_y_diagnostico,media-baja,100,repositorio.una.edu.ni,Documento PDF,"2 1 0 sa 1 tre 8 u m sa 6 vra 4 L 2 0 T1 T2 T3 T4 T5 T6 T7 T8 Tratamientos 2 1 0 sa 1 tre 8 u m sa 6 vra 4 L 2 0 11 18 25 32 39 46 Días después de la germinación Comportamiento de larvas muerta maíz (Z. mays L.), en los diferentes tratami 5.4. Variables de mazorca y granos Al analizar las mayores longitudes de las m T2 y T3 (Bioeco-BA-Eco®-20 WP (Beauver comportamiento se encontró en el ancho d sobresalieron los tratamientos T4, T5 y T6 annuum, Alliums sativum, 1, 5 y 10 ml l-1 todos los tratamientos biológico superaron Estudio efectuado por Muñoz et al. (2017), del daño ocasionado por este insecto es un debido a que la larva inicia a realizar daños a significativos hasta los 21 días, sin embarg de la etapa reproductiva, lo que afecta direc 5 1 0 1 5 0 T1 T2 T3 T4 T5 T6 T7 T8 Tratamientos 5 1 0 1 5 0 11 18 25 32 39 46 Días después de la germinación vivas de Spodoptera frugiperda en el cultivo de os y momentos de evaluación. rcas se encontró que en los tratamientos T1, bassiana 1, 5 y 10 g l-1 de agua)), este mismo mazorca, en el caso del número de hileras Bioeco- Biorep ® AC ® 14 EC (Capsicum agua), en lo referente al número de granos estigo y testigo absoluto ( ). en mención que las evaluaciones periódicas strategia para reducir sus afectaciones, esto s siete días después de la siembra, con daños ste daño se puede prolongar hasta el inicio mente la calidad de la producción.",https://repositorio.una.edu.ni/4727/1/tnh10v434.pdf.pdf
GC-0166,manejo,accion_y_diagnostico,media-baja,100,ir.ucc.edu.gh,Documento PDF,"© University of Cape Coas Two insecticides cause cyhalothrin causing 74% mor 72 hours after application. L which works systemically on (nACh) receptor modulator feeding for about a day or tw the control larvae but after 2 began feeding again, while t brush. This observation was n larvae that were treated with A up of a neonicotinoid and a p mortalities caused by the two twice the recommended dose levels of mortality but the mor were not significantly differe doses. The findings from this agree with what was reporte study, Emamectin benzoate number of synthetic insectic armyworm in Mexico. Belay insecticide when used, was po conforms to the finding from al. (2012), the Indoxacarb-ba he least mortality, with Acetamiprid+Lambda y, while Imidacloprid caused 42% mortality ae exposed to Imidacloprid, a neonicotinoid, nerves of insects as a nicotinic acetylcholine AC, 2017) made the treated larvae cease became sluggish and smaller compared with 48 hours the treated larvae that did not die e that died were stiff when touched with a so different from what was observed in the amiprid+Lambda cyhalothrin, which is made throid. Due to the relatively low percentage secticides, a sequel bioassay was done with verify whether that could cause significant ties caused by twice the recommended doses rom what was caused by the recommended dy about the potency of Emamectin benzoate by Gutierrez-Moreno et al. In their orded the highest toxicity profile when a s were screened against the larvae of fall al. (2012) reported that an Indoxacarb-based t and caused more than 80% mortality which study. Even though in the study by Belay et insecticide could not cause 100% mortality 62 Digitized by Sam Jonah Library","https://ir.ucc.edu.gh/xmlui/bitstream/handle/123456789/6511/AKWAA-SEKYI,+2021.pdf?sequence=1&isAllowed=y"
GC-0167,manejo,accion_y_diagnostico,media-baja,100,ugspace.ug.edu.gh,Documento PDF,"University of Ghana h constituent in animal feeds and serves as ra production of biofuels (Shiferaw et al., 2011). The nutritional composition of maíz, include sugar) and low quantities of proteins, lipids, v vital source of all the dietary requirements acco 50% of the population in SSA (Badu-Apraku a agricultural policies favouring the promotion productivity have been developed in Africa t However, several abiotic and biotic factors such socio-economic constraints, pests, and diseases the severe constraints on maíz production in S impoverished smallholder farmers in rural area means of livelihood. Among the abundance of arthropod pests sign such as the African sugarcane stalk borer Eldan African pink borer Sesamia calamistis Hamp Cicadulina mbila Naude (Hemiptera Cicadullid maíz stalk borer Busseola fusca Fuller (Lepid (Lepidoptera: Crambidae), the gusano cogollero Noctuidae), an invasive pest, is currently the m apparent sign of it abating. p://ugspace.ug.edu.gh materials in industrial products, including the h amounts of carbohydrate (mostly as starch or mins, and minerals (Ranum et al., 2014). It is a ing for about 20% of the basic calorie intake of Fakorede, 2017). Due to its dietary importance, a steady supply of maíz through increased mprove the value chain (Thorne et al., 2002). poor climate conditions, declining soil fertility, ve increased in recent years, thus exemplifying The impacts of pests are particularly severe on ho rely solely on agriculture for their food and cantly threatening maíz production in Africa, accharina Walker (Lepidoptera: Pyralidae), the n (Lepidoptera: Noctuidae), maíz leafhopper , a potential vector of the maíz streak virus, the tera: Noctuidae), and Chilo partellus Swinhoe odoptera frugiperda J.E. Smith (Lepidoptera: damaging (Tambo et al., 2020), and there is no",https://ugspace.ug.edu.gh/server/api/core/bitstreams/a1042457-52f1-44c2-8848-3e8948f73a12/content
GC-0168,manejo,accion_y_diagnostico,alta,100,scielo.org.mx,Documento PDF,"Mex Millar, N.; Urrea, A.; Kahmarka, K; Shcherba 2018. Nitrous oxide (N O) flux respon 2 wheat in the Yaqui Valley, Mé https:// NOAA. 2021 Global Monitoring Labor Parkin, T. Soil microsites as a source 51(5):1194-1199. Pedroza-Sandoval, A.; Yáñez-Chávez, L. Efecto del hidrogel y vermicom 38(4):375-381. J.; Grageda-Cabrera, O. fertilizantes nitrogenados en México Latinoam. y Fig fertilizante sobre la recuperación de 29:(2)201-209. J.; Ortiz-Monasterio, I. and Matson, P and ammonium levels under irrigated w 61(3):223-236. N microbiology, ecology, and biochemis USA. Institute Statistical Analysis Syste Cary NC, USA: SAS Inst. Saynes-Santillán, V.; Etchevers-Barra, J. D.; Emisiones de gases de efecto invern Latinoam. Servicio de información agroalime Signor, D.; Cerri, C. applications in two regions of sugarcan Villa-Castorena, M. M.; Catalán-Valencia, E. información climática para usos agrícol Yescas, C. A.; Martínez, L.; Á Frías, J. Rendimiento y calida niveles de riego por goteo subsuperficia nc. 6 August 14 - September 27, 2021 I.; Robertson, G. and Ortiz-Monasterio, I. exponentially to nitrogen fertilizer in irrigated o. ry Earth System Research Laboratories. denitrification variability. osta en la producción de maíz. Manejo de los uso de las técnicas isotópicas (15n). Terra oa-Viramontes, U. Efecto del estiércol y N y conductividad eléctrica. Nitrogen leaching and soil nitrate nitrite, t in Northern Mexico. ogen transformations. Academic Press Burlington, Massachusetts, SAS User’s guide.Statistics, versión 9.4 (Ed.). y Alvarado-Cárdenas, L. ero en sistemas agrícolas de México. N O emissions due to nitrogen fertilizer 2 ultivation in Brazil. Análisis de la Agrofaz. y de maíz forrajero (Zea mays L.) con diferentes densidad de plantas",https://www.scielo.org.mx/pdf/remexca/v12n6/2007-0934-remexca-12-06-991-en.pdf
GC-0169,manejo,accion_y_diagnostico,media-baja,100,repositorio.uleam.edu.ec,Documento PDF,"GUSANO COGOLLE El gusano Cogollero (Spodoptera americano, incluyendo las Islas d ampliamente y se registra su exi Estados Unidos, Guatemala, Pan Colombia, Ecuador, Perú, Chile, G etc. El gusano cogollero (Spodoptera f afecta a los cultivos de maíz entre o controlados pueden alcanzar hasta 100% es la más importante de tod se la ha detectado en algunos otros alfalfa, entre otros, el problema con la más mínima oportunidad de rep explotar masivamente en gran supe 2.1.1. Hábitos El hábito del gusano cogollero se clima seco o el intenso verano, se plaga lo que ocasiona la invasión. Según Sosa (2003), la plaga puede altas es corto su tiempo de vida y v estados, la duración de los mismo v a 20 días, huevo entre 2 a 5 días etapa pasa por 6 a 9 estadios. CO TEÓRICO O (Spodoptera frugiperda) ugiperda) es originario del continente Caribe y del Pacifico, se ha distribuido ncia en Canadá, México, El Salvador, á, Costa Rica, Venezuela, Honduras, ana, Brasil, Jamaica, Bolivia, Argentina, iperda) es una plaga muy agresiva que s, los daños son muy cuantioso si no son 50% y como trozador alcanza hasta el las plagas con relación al maíz, aunque ultivos como tomate, pepino, cebolla, fijo, te en el control de esta plaga, si se le da ucirse a la palomilla fácilmente tiende a ie (Sauceda-acosta et al. aciona con la presencia de gramínea, el omplementa con el mal manejo de esta urar entre 30 y 70 días, en temperaturas versa. Su generación se divide en cuatro a: pupa dura entre 6 a 13 días, adulto, 6 larva entre 17 a 32 días en esta última 19",https://repositorio.uleam.edu.ec/bitstream/123456789/1016/1/ULEAM-AGRO-0026.pdf
GC-0170,manejo,accion_y_diagnostico,media-baja,100,openscholar.uga.edu,Documento PDF,"Results show that the micronutrient lev various ratios of N and K treatments. In the pre S, B, P, Mg, Mn, Al, and Fe were associated w alfalfa aphid, Therioaphis maculata (Buckton) planthopper, Sogatella furcifera (Horváth) (Sal aphid, Adelges tsugae (Annand) (Hemiptera: A sand was used as a growing medium, and no ot micronutrients found in the plant tissue should the data if those varying levels of certain micro of S. In summary, results show that high leve development of Spodoptera frugiperda in controlled con of Spodoptera frugiperda larvae tend to improve with hi warranted to establish the role of optimized K a susceptibility to Spodoptera frugiperda larval survival an varying levels of essential micronutrients were N and K treatments, which suggest that future s micronutrients are influencing the availability o development of S. The curre applications could become an important tool as for S. were varied in plant tissues that received us studies, various soil micronutrients such as development, and reproduction of spotted ndler and Staples 1970), whitebacked and Saxena 1992) and hemlock wooly gidae) (Joseph et al. In this study, the micronutrient was applied. All the e been previously present. It is not clear from rients influenced the survival or development of K in the bermudagrass can affect the ons. However, the survival and development evels of N in the foliage. More research is N levels that favor grass growth but reduce development in the field conditions. Also, erved in the grass tissues that received various ies are needed to determine how N and K and ultimately affect the survival and tudy showed that optimized N and K rt of the integrated pest management program",https://openscholar.uga.edu/record/6054/files/SinghGurjitMS.pdf
GC-0171,manejo,accion_y_diagnostico,alta,100,scielo.org.mx,"Rendimiento del maíz (Zea mays L.) en respuesta a la fertilización con nitrógeno, fósforo y silicio al suelo","In the state of Guerrero, maíz ( Zea mays ) is planted in different soil and climatic conditions, at altitudes ranging from sea level to 2880 altitude meters, mainly in a rainfed regime and by producers who use native and improved maíz. The objective is to evaluate the effect of fertilization with nitrogen and phosphorus in combination with silicon on the yield of maíz crop components under the hypothesis that at least one fertilization formula and silicon application to the soil generate an positive effect on the size of the maíz ear and grain yield. Fertilization consideres two factors; first the Nitrogen, Phosphorus and Potassium (N-P-K) formula with two levels (90-60-00 and 60-40-00); the second was silicon (Si) with three levels (without Si, Fermiphos and Silifosca ® ), whose combination originated six treatments; which were distributed in a randomized block experimental design with three repetitions. N-P-K fertilization did not statistically affect the variables evaluated, except for diameter, which was statistically different and increased by 2% with 90-60-00. The application of silicon (Fermiphos and Silifosca ® ) increased cob more than 12% in length and 6% in diameter and grain yield 24%. Fertilization with 90-60-00 + silicon (Fermiphos and Silifosca ® ) increased size and yield from 8 to 32%; while fertilization with 60-40-00 + silicon (Fermiphos and Silifosca ® ) exceeded the evaluated parameters from 4 to 28%. Increasing the fertilization formula had minimal and inconsistent impacts on ear size. However, the application of Silifosca ® or Fermiphos combined with N-P-K fertilization favored positive changes in ear size and grain yield with 90-60-00 and the addition of Silifosca ® .",https://www.scielo.org.mx/scielo.php?script=sci_arttext&pid=S0187-57792023000100501
GC-0172,manejo,accion_y_diagnostico,media-baja,100,repositorio.unah.edu.pe,Documento PDF,"Test de Tukey y Duncan para los tratam Tratamiento Ají Ajo Tukey Ba Muña Testigo Ají Ajo Duncana Muña Testigo Se visualizan las medias para los g a. Utiliza el tamaño de la muestra Fuente: Elaboración propia Análisis: ❖ En la se aprecia la clasificac de Tukey así como el test de Dunca permite mostrar hasta en tres grupos d tratamientos que emplearon ají y ajo, e de ajo y muña, y un tercer grupo bien que logra reducir significativamente del maíz es el extracto natural elabora a lo más 4 plantas dañadas en promed periodo de tiempo. Rendimiento del maíz Conforme al objetivo específico 2, en el c de los extractos naturales elaborados a p (Allium sativum) y muña (Minthostachy amiláceo (Zea mays L.) en la comunidad 62 ntos aplicados al cultivo de maíz Subconjunto para-alfa = 0.05 N 1 2 3 4 3,7500 4 5,5000 4 6,7500 4 14,5000 4 3,7500 4 5,5000 5,5000 4 6,7500 4 14,5000 os en los subconjuntos homogéneos. a media armónica = 4.000. de subgrupos homogéneos empleando el test lasificando mejor el test de Duncan; ya que renciados, en un primer grupo se hallarían los n segundo grupo se hallarían los tratamientos inido se aísla el grupo testigo. El tratamiento nfestación del gusano cogollero en el cultivo a partir del ají; ya que con ello solo se tendrá de un total de 20 plantas diagnosticas en cada se planteó: Determinar la eficacia individual r de ají amarillo (Capsicum baccatum), ajo ollis) en el rendimiento del cultivo de maíz Huayhuas. En esta sección se analizó el peso",https://repositorio.unah.edu.pe/bitstreams/d9a50561-4aff-43fb-92d8-eb25ae3ed1d2/download
GC-0173,manejo,accion_y_diagnostico,alta,100,openknowledge.fao.org,Documento PDF,"NOTA DE ORIENTACIÓN 4 SOBRE EL GUSANO C de maíz con manteca, grasa de carne cocida osopa de pescado. Estas sustancias atraen a las hormigas, que permanecen en los campos de maíz. Allí encuentran las larvas del gusano cogollero y las ingieren. Algunos agricultores usan agua azucarada para atraer y alimentar a las avispas que pueden comer o parasitar al gusano cogollero. \\ Otros agricultores están probando y han mostrado su satisfacción con la utilización de diversas sustancias locales, aplicándolas directamente al verticilo de las plantas infestadas. Entre las sustancias que han probado se incluyen: suelo, ceniza, arena, lima, sal, jabones, aceites y extractos de plantas locales División de Producción y Protección Vegetal CONTÁCTENOS Organización de las Naciones Unidas para la Alimentac Viale delle Terme di Caracalla, 00153 Roma, Itali Algunos derechos reservados. Este obra está bajo una licencia de CC BY-NC-SA 3.0 IGO GOLLERO DEL maíz como pimientos picantes, Tephrosia, flores de caléndula, margosa, etc. Los agricultores pueden probar éstas y otras soluciones locales y posteriormente comparar y compartir los resultados, para ver cuál de ellas funciona mejor con las condiciones locales. ay muchas formas de gestionar el gusano cogollero n África de manera sostenible. El manejo correcto asa por conocer, observar, innovar y actuar decuadamente. ¡Animamos a los agricultores y tensionistas a ampliar sus conocimientos sobre biología y ecología de los gusanos cogolleros, a bservar con atención lo que sucede en sus terrenos, obar algunas de estas prácticas, desarrollar otras uevas y compartir sus conocimientos y experiencias! MÁS INFORMACIÓN a Agricultura plant-protection/fall-armyworm/ iragnoL .M/OAF ,OAF © 91.20/1/SE5340AC",https://openknowledge.fao.org/server/api/core/bitstreams/38c405fd-0861-49f5-9dd1-6ece92e25afd/content
GC-0174,manejo,accion_y_diagnostico,alta,100,classic.scielo.org.mx,Genetic effects of Spodoptera frugiperda resistance in maize lines derived from germplasm native of Tamaulipas,"El gusano cogollero ( Spodoptera frugiperda ) daña al maíz durante todo el ciclo biológico de la planta; una opción para esta problemática es el desarrollo y utilización de cultivares resistentes; para ello, es necesario conocer el comportamiento genético de las características que inducen esta resistencia. Se evaluó genéticamente la resistencia a Spodoptera frugiperda por no preferencia de cultivares de maíz desarrollados con germoplasma nativo de Tamaulipas; en el ciclo otoño- invierno 2014-2015, en Güémez, Tamaulipas, en tratamientos de fertilización y no fertilización se evaluaron seis líneas endogámicas de maíz derivadas de germoplasma nativo, sus cruzas directas y recíprocas y cuatro híbridos comerciales, en un diseño de bloques completos al azar; se realizó un análisis dialélico para determinar efectos maternos, recíprocos, de aptitud combinatoria general y específica; el daño foliar por Spodoptera frugiperda se estimó en las etapas de sexta hoja ligulada (DFH6), décima (DFH10) y a floración (DFHF). Hubo menor daño de Spodoptera frugiperda en el tratamiento de fertilización comparado con el de no fertilización; también diferencias estadísticas entre cultivares para el DFH6 e interacción significante entre cultivares y tratamientos de fertilización. Las cruzas PWL 1 S 3 × PWL 6 S 3 y TGL 2 S 3 × LlHL 5 S 3 tuvieron efectos de aptitud combinatoria específica negativa; la primera mostró efectos recíprocos significativos debido a efectos maternos de la línea PWL 1 S 3 , esto evidencia que la variación existente para esta característica se explica mediante efectos maternos y no aditivos; además, presen DFH6 de Spodoptera frugiperda de 0.867 demostrando menor preferencia del insecto en comparación al resto de los cultivares.",https://classic.scielo.org.mx/scielo.php?script=sci_arttext&pid=S2007-09342017000601329&lng=es&nrm=iso&tlng=en
GC-0175,manejo,accion_y_diagnostico,media-baja,100,biblioteca.usac.edu.gt,Documento PDF,II TÍTULO 2.1 PRESENTACIÓN 2.2 MARCO CONCEPTUAL 2.2.1 Spodoptera frugiperda (J. Smith) 2.2.2 Ecología y biología de Spodoptera fru 2.2.3 Ciclo de vida de Spodoptera frugiperd 2.2.4 Instares y estadios larvales de Spodo potencial de daño en el follaje de la pla 2.2.5 Plantas huésped de las larvas de Spo 2.2.6 Daños atribuidos a larvas de Spodopt 2.2.7 Tipos de control para larvas de Spodo 2.2.8 Planta de maíz (Zea mays L.) 2.3 MARCO REFERENCIAL 2.3.1 Molécula química Flubendiamide 2.3.2 Modo de acción de las diferentes mol 2.3.3 Investigaciones efectuadas utilizando 2.3.4 Investigaciones en Guatemala sobre (J. Smith) 2.3.5 Método de análisis estadístico en par 2.3.6 Método de análisis estadístico utilizan 2.3.7 Ubicación y descripción del área geog 2.4 OBJETIVOS 2.4.1 Objetivo general 2.4.2 Objetivos específicos 2.5 HIPÓTESIS 2.6 METODOLOGÍA 2.6.1 Factor de estudio 2.6.2 Tratamientos 2.6.3 Unidad experimental PÀGINA 21 24 24 erda (J. Smith) 25 ra frugiperda (J. Smith) y su a de maíz (Zea mays L.)…………. 26 ptera frugiperda (J. Smith) 26 a frugiperda (J. Smith) 27 era frugiperda (J. Smith) 28 30 32 32 ulas sometidas a evaluación 33 molécula Flubendiamide 35 ontrol de Spodoptera frugiperda 36 as divididas en el tiempo 39 modelos mixtos 40 ica de la Investigación 41 43 43 43 43 44 44 44 45,http://biblioteca.usac.edu.gt/tesis/01/01_3355.pdf
GC-0176,control_biologico,accion_y_diagnostico,alta,100,repositorio.chapingo.edu.mx,Documento PDF,"EVALUACIÓN DE PRÁCTICA EN EL CONTRO (Spodoptera frugiperda J. Sm José Ter planta de 99 g el cual se encue presente investigación. Adicionalm 20 genotipos comerciales de ma diferencias significativas en las cu con una media general de 7.85 t h los resultados reportados en este e Efecto de productos qu impacto en el rendimiento de gran maíz, en la fecha de siembra tardía Peso de P Productos mazorca gran químicos (g) Testigo 153.1 a 1 Lorsban® 480 EM (Clorpirifos) 160.5 a 14 Denim® 19 CE (Benzoato de emamectina) 173.4 a 1 Prueba de Tukey (P < 0.05). Cifras con la estadísticamente iguales. Respecto al efecto de los produc Crymax® GDA (Bacillus thuringien el mejor rendimiento por unidad d respectivamente, siendo en prome de rendimiento es producto de un así como un mayor peso de grano mazorca con un valor intermedio e 6). Lo anterior significa que con a UÍMICAS, BIOLÓGICAS Y CULTURALES EL GUSANO COGOLLERO ) EN EL CULTIVO DEL MAÍZ (Zea mays L.) es Salgado (2015) a muy por abajo de lo encontrado en la te, Trujillo (2005) evaluó el rendimiento de bajo condiciones de temporal y encontró s identifico 10 materiales más rendidores , lo cual es más o menos coincidente con udio. cos en el control del gusano cogollero y su componentes del mismo en el cultivo del 5/07/14). de Longitud Diámetro de Rendimiento planta de mazorca mazorca de grano ) (cm) (cm) (t ha-1) 2 b 22.0 b 5.5 b 5.7 b 0 ab 22.9 ab 5.8 b 6.1 a 6 a 23.4 a 6.1 a 6.8 a smas letras dentro de una misma columna son biológicos, se tiene que la aplicación de o Bea B® (Beauveria bassiana) se obtuvo uperficie, con un valor de 6.5 y 6.4 t ha-1, 11.6 % superior al testigo. Este resultado yor peso, longitud y diámetro de mazorca, or planta, aunque la longitud y diámetro de e el mejor tratamiento y el testigo (Cuadro car la dosis media recomendada (0.750 L 82",https://repositorio.chapingo.edu.mx/server/api/core/bitstreams/1e32b0a0-3db2-4df6-a7bc-53509201c279/content
GC-0177,control_biologico,accion_y_diagnostico,alta,100,repositorio.chapingo.edu.mx,Documento PDF,"EVALUACIÓN DE PRÁCTICA EN EL CONTRO (Spodoptera frugiperda J. Sm José Ter Tinoco (2002) evaluó 10 genotip diferencias significativas entre los en el genotipo Z-31 con 6.61 ton h resultados encontrados en la pres en el hibrido utilizado, al manej realizaron los experimentos. Efecto de productos bi su impacto en el rendimiento de gr en la fecha de siembra tardía (15/0 Peso de Pe Productos mazorca gran Biológicos (g) Sin Aplicar 148.9 b 13 Crymax® GDA (Bacillus thuringiensis) 168.9 a 1 Bea B® (Beauveria bassiana) 169.3 a 1 Prueba de Tukey (P < 0.05). Cifras con la estadísticamente iguales. 3.4 Efectos de interacción de pro De acuerdo al efecto de interacció producto químico Denim® 19 CE algún producto químico o biológico de 7.5 t ha-1, seguido y sin diferenc CE (Benzoato de emamectina) jun o Bea B® (Beauveria bassiana respectivamente. Estos resultados y diámetro de mazorca y rendimien UÍMICAS, BIOLÓGICAS Y CULTURALES EL GUSANO COGOLLERO ) EN EL CULTIVO DEL MAÍZ (Zea mays L.) es Salgado (2015) en el ciclo primavera/verano. El rendimiento mayor se obtuvo el cual de alguna manera coincide con los e investigación a pesar de las diferencias del cultivo y al año y región donde se gicos en el control del gusano cogollero y o y componentes del en el cultivo del maíz, 13). de Longitud de Diámetro de Rendimiento planta mazorca mazorca de grano ) (cm) (cm) (t ha-1) b 22.3 b 5.7 b 5.7 b 9 a 23.0 ab 5.8 ab 6.5 a 8 a 23.1 a 5.9 a 6.4 a smas letras dentro de una misma columna son uctos químicos y biológicos se pudo identificar que cuando se aplicó el enzoato de emamectina) y no se aplicó obtuvo el mejor rendimiento, con un valor estadística de cuando se aplicó Denim® 19 con Crymax® GDA (Bacillus thuringiensis), con rendimientos de 6.1 y 6.6 t ha-1, n congruentes con los efectos de longitud de grano por planta, con valores de 23.9 y 84",https://repositorio.chapingo.edu.mx/server/api/core/bitstreams/1e32b0a0-3db2-4df6-a7bc-53509201c279/content
GC-0178,control_biologico,accion_y_diagnostico,alta,100,scielo.org.mx,Documento PDF,"Pacheco et al., Organism Nematodos e Los nematodos entomopatógenos (NEP) los insectos plaga) por penetración dire o por las aberturas naturales (espiráculo o activa, y la forma en que continúa el especie de nematodo que ataque a Heterorhabditis, potentes agentes para infectivo logra penetrar al hemocele, lib en la hemolinfa del hospedante y le pro En la última década se han logrado aplicación de estos organismos, ya que e susceptibles a los NEP ha seguido en a debe a los avances en la tecnología para vivo e in vitro y a los nuevos métodos de así como a los avances en genómica, inter sus relaciones ecológicas. Principales nematodos ent plagas Nematodo P Larvas de siete Seis especies de nematodos pupa de gusan entomopatógenos de Steinernema y Spodoptera fru Heterorhabditis Smith) Steinernema carpocapsae Weiser, 1955 (cepas All y Tecomán), Steinernema feltiae Filipjev, 1934, S. Larvas de terce glaseri Steiner, 1929 (cepa NC), S. mosca mexican riobravis Cabanillas, Poinar & Raulston, Anastrepha lud 1994 y Heterorhabditis bacteriophora Tecomán Mosca mexica S. feltiae Filipjev, 1934 A. ludens Loe Mosca de la fru H. bacteriophora Tecomán obliqua Macqua entomopatógenos como control biológico… omopatógenos arasitan a sus hospedantes (en este caso a a través de la cutícula hasta el hemocele boca y ano). La infección puede ser pasiva oceso de infección estará en función de la nsecto. En el caso de Steinernema y control biológico, una vez que el juvenil a la bacteria asociada, la cual se reproduce ca la muerte (Pérez, 2004). ances sustanciales en la investigación y úmero de plagas objetivo que se muestran mento ( ). El progreso también se u producción, los cuales utilizan sistemas in icación (inyecciones, aspersiones, etcétera); iones simbióticas nematodo-bacteria y sobre mopatógenos utilizados para el control de n México. a Especie afectada Referencia s, prepupa y gollero: Maíz, campos de golf Molina, 1996 rda (J.E. Plaga de varias tadio de especies de frutales, e la fruta: Lezama et al., 1996b especialmente Loew, 1873 cítricos y mango de la fruta: Plaga de frutas Toledo et al., 2001 1873 Anastrepha Mango, ciruela y Toledo et al., 2005 1835 guayaba 4",https://scielo.org.mx/pdf/remcf/v10n56/2007-1132-remcf-10-56-4.pdf
GC-0179,control_biologico,accion_y_diagnostico,alta,100,redalyc.org,Documento PDF,"de Calidad Ambiental y Ecoef Departamento de Producc Universidad Politécnica de Cartagena, España. 131-139 p Fernández, J. Estimació económicos para Spodoptera E. Smith) (Lepidoptera: Noc cultivo del maíz. comunes que atacan cultivo Latina. Editorial T García, J.L. 1989 alimentación sobre la longevid fecundidad de Spodoptera frug Entomología. Heinrichs E., Foster J., Rice J. Insectos plaga d Norteamérica. Universidad d Minnesota, Estados Unidos. Evaluación de la de diferentes hongos entomop el control de dos especies de fruta (Ceratitis capitata y Anast bajo condiciones de laboratorio de Graduación para optar po Bachiller en Ingeniería en Instituto Tecnológico de Costa Costa Rica. Les possibili microbiologique emphase sur entomopathogène B. Disponible e uqam.ca/.../mathias_de_ko Universidad de Québec. El maíz: aprovechamiento. Ediciones Madrid, España. Fundament biológico de plagas. Octubre - Diciembre 2009 ncia 2004. Parasitoides del gusano Vegetal, cogollero Spodoptera frugiperda (Smith) en maíz, artagena. en la zona atlántica de Costa Rica. Centro Agronómico Tropical de Investigación y Enseñanza. Turrialba, Costa Rica. Desarrollo de ae) en el Heliothis zea (Lepidoptera: Noctuidae) sobre 7 (3). 200- dieta natural y artificial. Revista Agronomía Tropical. Control biológico de Spodoptera n América frugiperda (Smith) en maíz. de Manejo de Plagas, INISAV. Consultado en: <http:// ecto de la codagea/produce/SPODOPTE.htm>. Visitado ertilidad y da (Smith). el 14 de abril del 2008. Playa Ciudad de la Habana, Cuba. y Molina, Polanczyk, R. Interacción maíz en entre Bacillus thuringiensis y otros Minnesota. entomopatógenos en el control biológico 41 pp. de Spodoptera frugiperda. manejo integrado y Agroecología. San José, ogenicidad Costa Rica. enos para sca de la Viaud, M., Counteaudier, Y., Riba, G. Molecular analysis of hypervirulent abajo Final somatic hybrids of the entomopathogenic grado de fungi Beauveria bassiana and Beauveria ecnología. Applied and Environmental. Cartago, Microbiology. Determinación de estadios de la lutte larvales de Spodoptera frugiperda (J. hampignon Smith) (Lepidoptera: Noctuidae) para la sultado 27 construcción de un modelo de predicción. Folia Entomológica Mexicana. Molecular biology of the cultivo y entomopathogenic fungus Beauveria di-Prensa. bassiana: Insect-cuticle degrading enzymes and development of a new selection marker el control for fungal transformation. acional de Universidad Ruperto-Carola",https://www.redalyc.org/pdf/6998/699878336003.pdf
GC-0180,control_biologico,accion_y_diagnostico,alta,100,scielo.org.mx,Documento PDF,"R value of 1.37 and larval mortality with a valu which indicates that the closer to 1, the greate insect, in relation to this, it has been reported can prolong or shorten the cycle depending on its cycle when it feeds on cotton and redu environmental conditions. Sedimentation graphs of the principal A) larva: a) duration of the larval stag a) duration of the pupal phase (days); C) adult stage: a) duration of the adul eggs laid; and d) percentage of hatched On the other hand, the leaves as a food source because the leaves were dehydrated shortly afte On the other hand, the artificial diet rich in flour on the food, they also allowed keeping constant of food, relative humidity, among others, wh respective bioassays. In the pupal stage, Figure 2 B shows two of the 1, with a value of 1.55 for pupal weight and wi indicates that the insect is affected in its weight The results of the principal component analysis Figure 2 C of sedimentation. For this case, only than 1 (number of eggs laid), showing eigenval Mex. 3 April 01 - May 15, 2022 1, this according to the sedimentation graph, e influence of the variable on the effect on the t the duration of the larval stage in this insect food it has; that is, the gusano cogollero prolongs it when it feeds on maíz, under the same mponent analysis, in the instars of S. ) larval weight; and c) larval mortality. B) pupa: upal weight (mg); c) sex ratio; and d) deformed; age (days); b) deformed adults; c) the number of gs. ored the highest percentage of larval mortality, eing cut, thus hindering ingestion by the larvae. owed the absorption of the isolated compounds, st of the variables, such as temperature, amount is advantageous for the development of the racted components, they had values higher than value of 1.12 for duration of pupal stage. This d duration, and it can generate deformed adults. the adult stage of Spodoptera frugiperda are observed in ne extracted component obtained values greater of 2.51",https://scielo.org.mx/pdf/remexca/v13n3/2007-0934-remexca-13-03-455-en.pdf
GC-0181,control_biologico,accion_y_diagnostico,alta,100,openknowledge.fao.org,Documento PDF,"Progress in b of the XXII Planning Conference on Integrat (CIP). Rasmussen, C.; Jacobsen, S.E. & Lagnaoui, A quinoa Willd.) en el Perú: Eurysacca (Lepidop 42: 57-59. Rasmussen, C.; Lagnaoui, A. & Delgado, R an important natural control agent of the Gelechiidae) in the central Perú. Tachinid Tim Rasmussen, C.; Lagnaoui, A. (20 Food reviews international, 19(1 y 2): 61-75. Redolfi, I.; Palacios, M. Hym en papa cultivada en Rímac, Cañete e Ica. Ground Beetle (Coleopte Entomology. Gainesville, Springer S Rings, R.W.; Arnold, F.J. (1975) A bibliography. Bulletin of the Entomological Robert, V.; Stegehuis, G. Robert, V.; Vu, D.; Amor, A. H.; Van de Wiele MycoBank gearing up for new horizons. IMA Robinson, G.; Tuck, K.; Schaffer, M. Natural History Museum. London & Salas, J.; Alvarez, C.; Parra, A. & Mendoza, O huidobrensis Blanchard el pasador de la h tropical, 38(4-6): 57-68. Enfermedades en los N°10: 81-82. Statu species Agrotis robusta (Lepidoptera: No Mexicana de Biodiversidad, 84: 1153-1158. Sánchez, G.; Sarmiento, J. Universidad Nacional Agraria La Molin Sánchez, G. Plagas de Entomología, Universidad Nacional Agraria ue des Aphididae du monde. ogical control of major potato pests. In Report Pest Management. International Potato Center 2001). Las polillas de la quinua (Chenopodium a: Gelechiidae). Revista Peruana de Entomología, 2001). (Díptera: Tachinidae): inoa moth, Eurysacca quinoae (Lepidóptera: , 14:5-6. Advances in the Knowledge of Quinoa Pests. noptera parasitoides de Liriomyza huidobrensis sta peruana de entomología. Carabidae) Feeding Ecology. Encyclopedia of nce Business Media B.V, p.1742-1747. ost range of the black cutworm on vegetables: ciety of America, 21(4): 229-234. MycoBank engine and related databases. ; Brouwer, C.; Jabas, B. A field guide to the smaller moths of South- alaysian Nature Society. Kyala, Lampur, 309 pp. Biología y hábitos de vida de Liriomyza de la papa (Solanum tuberosum). Agronomía tivos del departamento de Puno. nd redescription of the South American pest dae): A history of misidentifications. Revista agas de la caña de azúcar, maíz y arroz. Lima, Departamento de Entomología, 98 pp. ultivo de algodonero. Lima, Departamento de Molina, 187 p",https://openknowledge.fao.org/server/api/core/bitstreams/518339ec-6cb9-4a3c-970f-82ca6d32328d/content
GC-0182,control_biologico,accion_y_diagnostico,media-baja,100,repositoriotec.tec.ac.cr,Documento PDF,"La posibilidad de coevolución del b por el rango de hospederos. Las di número de hospederos que pueden Lymantria dispar (Linnaeus, 175 específico, mientras que el NPV especies de diferentes familias de alfalfa, Autographa californica (Sp menos 15 familias (Cory y Myers, 20 2.2. Los baculovirus como bioinsec Durante muchos años, los insectici medios de control de insectos pla insecticidas generaron problemas humana, desarrollo de resistencia po insectos benéficos dentro del ecosi (1999), mencionan el caso de los agr y Centro América, los cuales utiliza metamidofos para el control del compuestos no sólo incrementa los c un claro deterioro en la salud de los Debido a estas circunstancias, se han y enfermedades en los cultivos. El biocontrol se puede definir com patógenos para mantener la densid promedio más bajo que el que exist de esta alternativa se incluyen p nematodos y virus (Ibarra et al., 2 interés debido a su especificidad y c los insectos plaga. Además, éstos pa niveles de resistencia inferiores en (Ojeda et al., 2002). Debido a que n 13 lovirus y su hospedero está muy definida entes especies de baculovirus varían en el atar, por ejemplo, el NPV que infecta a parece tener a este como hospedero Mamestra brassicae L. infecta a cuatro dópteros, el NPV del gusano gris de la r) (AcMNPV) puede infectar especies al ). das químicos o sintéticos fueron los únicos en todo el mundo. No obstante, estos contaminación ambiental, intoxicación arte de la plaga, así como eliminación de ma (Ojeda et al., 2002). ltores a pequeña escala de maíz en México ásicamente paration metilico, clorpirifo y sano cogollero. La aplicación de estos os de producción sino que además provoca bajadores que laboran en las fincas rurales. scado estrategias para el control de plagas a acción de parasitoides, depredadores o de la población de otro organismo a un en su ausencia (Szewezyk, 2006). Dentro ipalmente el uso de hongos, bacterias, 6). Los baculovirus han generado mayor patibilidad con los enemigos naturales de enos generan un daño ambiental mínimo y mparación con los insecticidas químicos xiste evidencia de resistencia cruzada entre",https://repositoriotec.tec.ac.cr/bitstream/handle/2238/2911/Informe_Final.pdf?sequence=1&isAllowed=y
GC-0183,control_biologico,accion_y_diagnostico,media-baja,100,repositorio.utc.edu.ec,Documento PDF,"Spodoptera frugiperda (J. Smith) maíz” (derivado de su forma de daño si el alimento se hace escaso, las larva masa (como un “regimiento”). Ataca pero siempre poniendo en riesgo la plantas jóvenes, los daños pueden ser estados fenológicos avanzados, puede producción normal. frugiperda es pérdidas en diversos cultivos (Juárez e El principal problema fitosanitario conocida como “cogollero del m Noctuidae). Esta plaga ocurre en tod (Vásquez et al. Se presenta en poblaciones elevadas, el tallo de las plantas a la altura d marchitamiento de la planta; también daña los estigmas, las espigas, y el e pueden reducir el rendimiento en porc puede estar presente durante la mayo más importante lo ocasiona de la em mayor entre menor sea la edad de la pl Al inicio del siglo XX, de acuerdo c enfoques del control de plagas de mecánico y fisico, 3) control cultura resistentes (Lopez 2008). El desarrollo del control biológico, se crecimiento que busca la destrucción frecuentemente mediante el uso entomopatógenos son los primeros age conocida comúnmente como “cogollero del s conocida) u “oruga militar tardía” ya que, e trasladan a otros cultivos desplazándose en e cultivo con niveles de densidad variables, oductividad del mismo. Cuando afecta las tales, mientras que, si afecta las plantas en reponerse de la defoliación llegando a una insecto polífago que ocasiona numerosas. e esta gramínea es la plaga comúnmente ” Spodoptera frugiperda (Lepidoptera; a etapa del crecimiento inicial de la planta re todo en siembras extemporáneas, perfora cuello de la raíz, con lo que provoca el úa como barrenador del tallo de la planta y e. infestaciónes y daño severo de la plaga ajes superiores al 30%. El gusano cogollero arte del desarrollo del cultivo, pero el daño gencia a la emisión del jilote y el daño es a (Gutierrez 2012). Flint y Van den Bosch (1981), había cinco común: 1) control biológico, 2) control ) control qulmico, y 5) uso de variedades ine como una práctica agrícola en constante al o parcial de patógenos e insectos plaga sus enemigos naturales, los hongos s biológicos en ser utilizados para el control 10",https://repositorio.utc.edu.ec/server/api/core/bitstreams/7205fb11-7008-4e3d-9e6d-c226b3c555df/content
GC-0184,control_biologico,accion_y_diagnostico,alta,100,scielo.org.mx,Documento PDF,"Revista Mexicana de C Noviembre A continuación, se describe información agentes de control de plagas, que pued estudiantes y productores para con ello control biológico, como una fórmula res Hongos ent Los hongos entomopatógenos constituye biológico de insectos plaga. Prácticame las enfermedades causadas por estos ho con la cutícula de insectos susceptibles, ella hacia el interior del cuerpo de su h través del cuerpo del insecto, produce t y eventualmente lo destruye. Al inici síntomas, pero el insecto comienza a p diez días, muere debido a la deficiencia Las enfermedades que causan se les c aplicó por primera vez a Beauveria bas conidios es muy variable, de ahí el nom anisopliae (Metchnikoff) Sorokin y Nom roja para Paecilomyces fumosoroseus organismos es una de las mejores alt económica, sencilla y desde el punto de fundamental propiciar las condiciones a lograr su propósito. Además, cuando se necesario realizar una caracterización ex los de alta virulencia y buenas condic incluye estudios referentes a la form Arredondo et al., 2008; Caballero, 2014 ias Forestales (56) ciembre (2019) obre organismos entomopatógenos como er de interés para científicos, académicos, stimular la investigación y la práctica del nsable de mejoramiento del ambiente. mopatógenos el grupo de mayor importancia en el control e, todos ellos son susceptibles de padecer os. Cuando sus esporas entran en contacto rminan y crecen directamente a través de pedero. Por lo tanto, el hongo prolifera a inas y consume los nutrientes del insecto, de la infección pueden o no observarse der movilidad y apetito. Al cabo de siete o tricional (Pérez, 2004). oce como “muscardinas”, término que se na (Bals.-Criv.) Vuill. La coloración de los re de muscardina verde para Metarhizium aea rileyi (Farlow) Samson, y muscardina Wize) Brown & Smith. El uso de estos nativas para el control biológico por ser sta ecológico, sustentable. No obstante, es ecuadas de temperatura y humedad para retende utilizarlos como bioinsecticidas es austiva de los aislados, a fin de seleccionar es para su aplicación en campo; la cual de infección (Godwin y Shawgi, 2000; Hoy en día, además es importante llevar a 7",https://scielo.org.mx/pdf/remcf/v10n56/2007-1132-remcf-10-56-4.pdf
GC-0185,control_biologico,accion_y_diagnostico,media-baja,100,gob.mx,Documento PDF,"DIRECCIÓN GENERA DIRECCIÓN DEL CENTRO NACION de algodón con deficiencia hídrica son más susceptibles para oviposiciónes y consumo del área foliar (Showler y Moran, 2003). Cuando los huevos eclosionan, las larvas del primer instar se alimentan en grupo por debajo de una telaraña de seda en el envés de las hojas ( ), dejando sólo las nervaduras; las del segundo instar se dispersan y hacen perforaciones irregulares en el follaje; los últimos instares se alimentan de los frutos (Garza y Terán, 2001, 2007). El primero y segundo instar del gusano soldado son de hábitos gregarios, conforme avanza su desarrollo, las larvas se vuelven solitarias (Capinera, 2014). Las larvas pueden alimentarse vorazmente durante todo su desarrollo (Greenberg et al., 2001). Forma gregaria de larvas de primer instar de Spodoptera exigua, en el envés de la hoja de Piper spp. Sparks, Jr., University of Georgia, Bugwood.org. Cuando la larva completa su desarrollo, baja al suelo y excava una cámara subterránea de 1 a 2 cm de profundidad, aunque pueden E SANIDAD VEGETAL DE REFERENCIA FITOSANITARIA encontrarse hasta 5 cm bajo el suelo; dentro de esta cámara teje un capullo de seda para protegerse durante la hibernación ( ) [Zheng et al., 2011b]. La pupa puede tolerar temperaturas tan bajas como 4 °C dentro de su capullo (Zheng et al., 2011b; Capinera, 2014). Cámara de arena con capullo de ceda, para protección de pupa de Spodoptera exigua. Créditos: Zheng et al., 2011b. Los adultos son de hábito crepuscular y nocturno, durante el día permanecen en reposo, protegidos entre el follaje (Garza y Terán, 2001; Luo et al., 2003). Ciclo biológico En climas calurosos la etapa de huevo dura dos a tres días, la etapa larval de 18 a 20 días, la pupa de 6 a 7 días y los adultos de 4 a 10 días, por lo tanto, el ciclo biológico se completa en 30 a 40 días (Bohmfalk et al., 1996; Capinera, 2014). La longevidad es mayor en hembras adultas que en machos. El número y longevidad de instares larvales dependen del hospedante, observándose de 5 hasta 8 instares (Azidan y 4",https://www.gob.mx/cms/uploads/attachment/file/633036/Gusano_soldado__spodoptera_exigua.pdf
GC-0186,control_biologico,accion_y_diagnostico,media-baja,100,ugspace.ug.edu.gh,Documento PDF,"University of Ghana h Kassie, M., Wossen, T., De Groote, H., Tefer impacts of gusano cogollero and its m Ethiopia. European Review of Agricultura Kenis, M., Du Plessis, H., Van den Berg, J., Polaszek, A. Telenomus remus, a Spodoptera frugiperda in Africa, is alread Khadijah, A. A., and Meor, species at Kota Damansara community Essays, 8(9), 359-374. ( pheromone by a common antennal Science, 31(4), 404-413. Koffi, D., Kyerematen, R., Eziah, V. Natural enemies of the fa (Lepidoptera: Noctuidae) in Ghana. Flori Kumela, T., Simiyu, J., Sisay, B., Likhayo, P. Farmers' knowledge, perceptions, and m armyworm (Spodoptera frugiperda) in E Management, 65(1), 1-9. Lanza Reis L, Jacob Oliveira L, Cruz I. ( controle de Spodoptera frugiperda. Pesqu Lastres Schindler, M. The role of tw geminata F., as control agents of Spodop Texas AandM University, Austin, TX (EU Losey, J. Bioscience, 56(4), 311-323. The gusano cogollero ( Maino, J. L., Schouten, R., Overton, K., Da (2021). Regional and seasonal activity pr Research in Insect Science, 1, 100010. Narg Diversity of foliage insects around differ Kamal Pur canal, Faisalabad, Pakistan. p://ugspace.ug.edu.gh T., Sevgan, S., and Balew, S. Economic agement strategies: evidence from southern conomics, 47(4), 1473-1501. N., Goergen, G., Kwadjo, K. and ndidate parasitoid for the biological control of resent on the continent. Diversity and abundance of insect est reserve, Selangor. Scientific Research and 6). Four species of noctuid moths degrade sex abolic pathway. Journal of Entomological a, K., Adom, M., Goergen, G., and Meagher, rmyworm, Spodoptera frugiperda (JE Smith) Entomologist, 103(1), 85-90. endesil, E., Gohole, L., and Tefera, T. gement practices of the new invasive pest, fall opia and Kenya. International Journal of Pest 8). Biologia e potencial de Doru luteipes no agropecuaria Brasileira 23(4): 333-342. redators, Doru taeniatum Dorhn and Solenopsis a frugiperda in Honduras (No. nomic value of ecological services provided by US Department of Agriculture. R., Ekesi, S., Bett, B., ... ctions for gusano cogollero in Australia. canal territories: A case study of Dingroo and Biological and Pharmaceutical Sciences, 6(1),",https://ugspace.ug.edu.gh/server/api/core/bitstreams/a1042457-52f1-44c2-8848-3e8948f73a12/content
GC-0187,control_biologico,accion_y_diagnostico,media-baja,100,repository.cimmyt.org,Documento PDF,"MIHM References Kumar, H., and G.O yield losses in m genotypes in rel Davis, F.M., and W.P. against Chilo par Evaluation of reproductive stage maíz infestation at an for resistance to the Southwestern maíz 136-141. Borer (Lepidoptera : Pyralidae) using Mihm, J.A. M visual rating scores of leaf sheath and fall armyworms husk damage. maíz for the Thi Guthrie, W.D., and W.A. the International Breeding methodologies and genetic Methodologies for basis of resistance in maíz to the Resistance to Mai European maíz borer. In Toward Insect D.F.: CIMMYT. Resistant maíz for the Third World: MSTAT - C. A Proceedings of the International program for the Symposium on Methodologies for and analysis of a Developing Host Plant Resistance to maíz experiments. Mexico, D.F.: CIMMYT. Team, Michigan Kumar, H. Effects of stalk damage on Lansing. growth and yield of certain maíz Sarup, P., K.K.Marw cultivars by the maíz stalk borer Chilo and K.H. 46: 149- insect plant rela 153. introduction nu the maíz stalk b (Swinhoe) unde ent. Grain Seshu Reddy, K.V.S., and K.O.S. Determination of economic injury n to their resistance level of the stem borer Chilo partellus s (Swinhoe) (Swinhoe) in maíz. earing stem borers, 1989. Breeding for multiple resistance maíz ear worms at to temprate, subtropical and tropical Insect Resistant maíz insect pests at CIMMYT. orld: Proceedings of Toward Insect Resistant maíz for the posium on Third World: Proceedings of the eloping Host Plant International Symposium on sects, 5-21. Mexico, Methodologies for Developing Host Plant Resistance to maíz Insects, 222-234. ro computer Mexico D.F.: CIMMYT. gn, management Williams, W.P., and F.M. nomic research Breeding for resistance in maíz to T Development Southwestern maíz borer and Fall e University, East armyworm. Toward Insect Resistant maíz for the Third World: Proceedings of , V.P.S. Panwar, the International Symposium on 977. Studies on Methodologies for Developing Host Plant hip - evaluation of Resistance to maíz Insects, 207 - 210. for resistance to Mexico D.F.: CIMMYT. , Chilo partellus ficial infestation",https://repository.cimmyt.org/server/api/core/bitstreams/32914e8a-2fed-4a91-880b-c3a6fc3b6830/content
GC-0188,control_biologico,accion_y_diagnostico,media-baja,100,repository.cimmyt.org,Documento PDF,"Nuevo laboratori de hongos entom Resultado tangible del curso MAP II del Hub Bajío en Zac Por: Francisco Alarcón, cimmyt. En la comunidad Álvaro Obregón, son una estrategi en el estado de Zacatecas, la bió- uso de plaguicida loga Magda Karina Bravo, Raquel to; son una altern López y Carlos Manuel, Jessica y Manejo Agroecol Ángel Bravo se encuentran en pro- ceso de desarrollo de un modelo Es así como la es de negocio que se orienta al culti- Zacatecas empiez vo de hongos entomopatógenos y se identifica com para el Manejo Agroecológico de tecnologías que s Plagas (MAP). La idea surgió gra- mayor medida pa cias a la intervención del ingeniero almacenamiento Jorge Alberto Acevedo, colaborador (frijol y maíz, prin MasAgro en el estado de Zacatecas, mente) durante lo quien es también técnico certifica- siguientes ciclos. do en Agricultura Sustentable por el cimmyt y creador de la Escuela de Agricultura de Conservación Álvaro Obregón, en donde ha lo- grado compartir con sus estudian- tes los conocimientos adquiridos durante el curso MAP II del Hub Bajío (impartido por investigado- res del cimmyt y el inifap en 2017). Las enseñanzas del ingeniero permi- tieron a los estudiantes detectar la necesidad de emprender un negocio que permita disminuir la aplicación de plaguicidas, reducir costos para el manejo de plagas y contribuir a generar alimentos de forma más sustentable. Luego de identificar el potencial de los hongos ento- mopatógenos, y motivados por lo aprendido, decidieron comercializar- los en su comunidad y en la región. La transferencia de conocimientos en MAP hoy es efectiva e, incluso, se ha consolidado como un modelo de negocio que generará ingresos para la familia Bravo. Además, contribuirá La bióloga Magda Karina B a la conservación del ambiente, ya de hongos entomopatógeno que los hongos entomopatógenos 14 EDICIÓN ESPECIAL 43 o para el cultivo opatógenos ecas ra disminuir el e alto impac- a dentro del o de Plagas. gia MAP en cobrar fuerza una de las plicarán en ultivo y ranos - Carlos Bravo desempacan los microscopios y demás material que emplearán para el cultivo",https://repository.cimmyt.org/server/api/core/bitstreams/7ff73f62-2000-416a-affc-6b554b0a8739/content
GC-0189,control_biologico,accion_y_diagnostico,media-baja,100,repositorio.unah.edu.pe,Documento PDF,"Justificación práctica Se copero a los agricultores de m Acobamba, región Huancavelica obtener maíz amiláceo (Zea mays L.), con una pr ya que se aportó una nueva técnica en frugiperda) de una manera económica (Yaranga, 2014). Justificación económ Con el presente investigación se económicos de los agricultores de la com Huanta, región Ayacucho, generando má del cultivo de maíz amiláceo (Zea mays L desarrollo agrícola sostenible en el cu producto, ya que se utilizó extractos natu una alimentación saludable. Justificación metodol Se aporto una nueva técnica en frugiperda) y en el mayor rendimiento d donde los agricultores de maíz de la provi realizaron una práctica de control del gus las cuales son: muña, ají, ajo, ceniza, producción de maíz mediante un control 1.4.5. Justificación social La producción de maíz amiláce supervivencia de la comunidad de Huay uno de los principales alimentos y auto fuente de sus ingresos económicos, lo c viene siendo amenazado por la presenci grandes pérdidas económicas, reduciendo del cultivo, por lo que se planteó utiliza 22 z amiláceo (Zea mays L.), en la provincia de ayor número de rendimiento en el cultivo de cción promedio de 10 toneladas por hectárea, control del gusano cogollero (Spodoptera avés de la aplicación de extractos naturales mentó mejorar la productividad y los ingresos nidad de Huayhuas, distrito Iguain, provincia portunidades en la producción y rendimiento así mismo, el presente investigación busco un do de medio ambiente y en la calidad del es más aceite vegetal de manera orgánica para ca control del gusano cogollero (Spodoptera producción de maíz amiláceo (Zea maíz L.), a de Acobamba, de la región de Huancavelica, o cogollero aplicando tres extractos vegetales, nerando un rendimiento mejor y alto en la gusano cogollero (Yaranga, 2014). (Zea mays, L.), es uno de los cultivos de s, distrito de Iguain, Huanta. Este cultivo es tento de los agricultores de dicha localidad y con el pasar de los años, el cultivo de maíz e las plagas del gusano cogollero, generando da vez menos el rendimiento y productividad xtractos naturales en el control del cogollero",https://repositorio.unah.edu.pe/bitstreams/d9a50561-4aff-43fb-92d8-eb25ae3ed1d2/download
GC-0190,control_biologico,accion_y_diagnostico,alta,100,openknowledge.fao.org,Documento PDF,"During inventories in the Western Hemispher associated with the gusano cogollero in various crops. The following are some of the most common Americas: Telenomus remus Nixon (Hymenoptera: Platy – Identification: minute wasp of about 0.6 mm have reduced venation. Female antennae h a club. Males have 12 antennal segments o – Behaviour: The species behaves as an egg masses where they oviposit. Offspring of th emerge as adults. – Life cycle: over their lifetime females are a of immatures takes about 10 days at 28⁰C a – Importance: T. remus is reported to be h parasitism rates above 80 percent dependi Left: Telenomus remus ovip Right: gusano cogollero eg Chelonus insularis Cresson (Hymenoptera: Br – Identification: parasitoid of about 5 mm siz medially divided can be observed at the ba of both sexes are filiform and have 16 segm – Behaviour: C. insularis is an ovo-larval para development in later instars of the caterpil a silken cocoon to pupate. – Life cycle: each female can parasitize abou within 20-22 days and females can live for – Importance: C. insularis is the most comm Central and South America. 22 bout 150 different parasitoid species were found to be rasitoids known to be well adapted to the gusano cogollero in the tridae) ze with black shiny body. The wings are transparent and e 11 segments whereby the last 5 are enlarged forming ual size. remus are attracted to gusano cogollero egg arasitoid develop within eggs of gusano cogollero of which they then to parasitize some 120-130 gusano cogollero eggs. The development thus about 40 generations are produced per year. ly effective in several South American countries with nformation sources. Buss, University of Florida) ass (© G. Goergen, IITA) nidae) haracterized by a carapace-like abdomen. A white band of the abdomen. Wings bear numerous veins. Females oviposit in eggs of gusano cogollero but larvae start their When mature, parasitoid larvae exit their host and build 0 gusano cogollero eggs. At 28-30⁰C the parasitoid is able to develop ut 12 days. among gusano cogollero parasitoids in the Caribbean as well as in",https://openknowledge.fao.org/bitstreams/c43afcac-6262-4152-afd4-70cd4ac46584/download
GC-0191,control_biologico,accion_y_diagnostico,alta,100,openknowledge.fao.org,Documento PDF,"(Hymenoptera: Trichogra – Identification: There are numerous species eggs of the gusano cogollero and of many other Lepido 0.5 mm long. Adults are mostly orange, bro and hairy in males. – Behaviour: Adult females lay their eggs i gradually turn darker and are almost blac an exit hole on the gusano cogollero egg. – Life cycle: The parasitoid completes its deve to 120 moth eggs and live for 6-7 days. – Importance: In Latin America Trichogramm commonly mass-reared on alternative hos inundative field releases. Trichogramma pretiosum pa Fly parasitoids: Archytas, Winthemia and Les – Identification: Several fly species of the f Attacks by such parasitoids can be detected caterpillars, or tiny white eggs are observe dead gusano cogollero larvae. – Behaviour: For species that lay directly s immediately upon penetration of the mag intensify their host feeding and complete t single fly develops per caterpillar. – Life cycle: larvae Lespesia archippivora (Ri females can lay up to 204 eggs during thei – Importance: About one third of parasito Tachinidae. While these often target sever noctuids, they are also found on diverse ho 24 atidae) the genus Trichogramma known to develop inside the a. Typically Trichogramma spp. are tiny wasps less than or even black. Antennae are short, clubbed in females e gusano cogollero eggs. Along with the larval development they hen the parasitoids pupate. Adults emerge by chewing ment in about 8 days at 28⁰C. Females can parasitize up spp., in particular T. atopovirilia, are n local mass production units and commercialized for tizing eggs of gusano cogollero (© Heraldo Negri) ia (Diptera: Tachinidae) y Tachinidae are able to develop on gusano cogollero caterpillars. her when small maggots are visible in presence of gusano cogollero n their skin. Alternatively fly pupae can be found nearby ral eggs on the skin of their host, parasitism starts into its host. Other species await pupation of gusano cogollero to development. Despite frequent superparasitism, only a completes their development within 13 to 17 days. inventoried from the Americas belong to the family pecies of Lepidoptera attacking maíz including other plants of the gusano cogollero.",https://openknowledge.fao.org/bitstreams/c43afcac-6262-4152-afd4-70cd4ac46584/download
GC-0192,control_biologico,accionable,alta,100,dj.senasica.gob.mx,Documento PDF,"D S IRECCIÓN DE ISTEMATIZ Argentina: Reporte de Spiraea sp. El 27 de Tecnolog publicó u of Plant P hospedan familia d Sharka, e Como an el PPV se detectó por primera vez en realizado actividades de control y v vigilancia de la primavera de 2018, obs plantas ornamentales de Spiraea sp. u cuarentenada por PPV en San Rafael, p Posteriormente, realizaron la colecta ensayos de DAS-ELISA, obteniendo confirmó mediante análisis de PCR realizó la secuenciación genética para genes (GenBank). Este hallazgo, confirmó a Spireae sp. c es de relevancia ya que no perten investigadores recomenzaron a realiz cuanto a vía de dispersión e inoculo de En un contexto nacional, el PPV se enc reglamentadas de México notificada Protección Fitosanitaria (IPPC, por sus está presente en territorio nacional importaciones de mercancía hospeda este hallazgo no supondría una amena Referencia: Pigliónico, D., Ojeda, M., Lucero, V. (202 European Journal of Plant Pathology. FITO.118.002.01.27012021 A S IÓN Y NÁLISIS ANITARIO mo nuevo hospedante del Plum pox ero de 2021, el Instituto Nacional de Agropecuaria (INTA) de Argentina, investigación en el European Journal hology, acerca del reporte de un nuevo Spiraea sp. (planta perteneciente a la as rosáceas) del Plum pox virus (PPV) o a provincia de Mendoza. cedente mencionan que, en Argentina año de 2004 y desde entonces han lancia. Derivado de las acciones de varon anillos cloróticos a nivel foliar en cadas en un jardín privado de la zona vincia de Mendoza. las hojas para analizarlas a través de ultados positivos al PPV, lo cual se indicadores biológicos, asimismo, se envío a la base de datos del banco de mo nuevo hospedante del PPV, el cual e al género Prunus, por lo que los estudios del nuevo hospedante en irus. ntra considerando en la lista de plagas nte la Convención Internacional de las en inglés). Actualmente, el PPV no abe señalar que México no realiza e originaria de Argentina, por lo que para México. new natural host of Plum pox virus (Sharka). /article/10.1007/s10658-021-02206-x 3",https://dj.senasica.gob.mx/Contenido/files/2021/febrero/Monitor_Fito_27012021_645ed1d8-c9a1-46cf-b42e-68794425bd75.pdf
GC-0193,control_biologico,accionable,media-baja,100,gob.mx,Documento PDF,"Registro de los cria Tipo de control Tip Ejemplo Tratable pilas, pile Ejemplo floreros, Controlable macetas bebeder Ejemplo botellas Eliminable platos de rotos, vas desuso, e Registrar, en observaciones, la cl (positividad u omisión en control de incorrecta del larvicida, falta de prom moradores que las brigadas regresarán Generar la tipología de de resultados, de acuerdo con l En caso de visitar comercios cantidades de depósitos, estos se con macetas de un vivero. Para el cas contabilizarán por unidad, y en particul unidad si están sueltos, y si se encuen ésta se contará como unidad. Realizar el recorrido acompañad ofrece información sobre las ventajas criaderos, y protegida su agua almacen eliminación de criaderos, esto es, ofre depósitos que observe durante el rec perforar, enterrar, embolsar, lavar, e Mencionar los beneficios del autocuid personas con fiebre, referirlas a la un motivo recomendar la automedicació ros positivos identificados e depósito Descripción de la actividad ques, tambos, Se aplica insecticida pozos y tinacos. es, cubetas, Estos depósitos se tapan (de ntas acuáticas, ser posible), o se les voltea y acetones y se colocan bajo techo e animales Estos depósitos deben tirarse ntas, latas, a la basura de preferencia o plástico o vidrio, en su defecto se procede a icel, juguetes perforar, aplastar, enterrar, o o platos en bien colocarlos en bolsas de plástico cerradas de los elementos con fallas operativas. epósitos, dosificación y/o aplicación ión, etc.). En este caso, informar a los corregir el trabajo. sitos, a fin de obtener mejores iguiente clasificación: viviendas en donde existan grandes bilizarán como 1 por cada m2, p. ej: las de las vulcanizadoras, las llantas se os envases de refresco, se contarán por n dentro de una reja o caja de cartón, por alguno de los moradores, en tanto e mantener su patio limpio y libre de a. Orientarle con respecto al control y/o alternativas de control para todos los ido (voltear, tapar, colocar bajo techo, alar, etc.) de acuerdo a la tipología. o de la salud y, en caso de encontrar d de salud más cercana",https://www.gob.mx/cms/uploads/attachment/file/943489/Gu_a_Metodol_gica_para_Estudios_Entomol_gicos_en_Fase_Larvaria_y_Pupal.pdf
GC-0194,control_biologico,accion_y_diagnostico,alta,100,scielo.org.mx,Documento PDF,"Bolaños-Espinoza et al.: Daños de plagas del ma conservación se redujo en 18.2% co aspectos hacen interesante al sistema d los productores ha sido lenta. Dicha si esta forma de producción, así como a la malezas y del comportamiento y prefer como fue el caso del gusano soldado ap AGRADE Se agradece al Colegio de Postgraduado Universidad Autónoma Chapingo, por el fin infraestructura del Campo Agrícola Experim Departamento de Agricultura en Salem, Ore del Centro para el Control Biológico, de la U de los curculiónidos. Triplett (ed Tillage Revolution. Detrimenta Involving Insecticides, Hybrids, and Irrig Econ. Influenc Arthropods of Alfalfa in Kentucky. Influenc on Insect Populations in Vegetable and R 60. In: Proceedings of symposia: lX Interna D.C., U.S.A. The Larvae of the Phala Washington, D,C. Technical Bulletin No. Ko Sistemas do cobertura do solo, plantío dire Brasil. Gregory, W.W., & H.G. Thomas, and R.L Reports and Reviews. University of Ken Experiment Station, Lexington. Harrison, F.P., R.A Bean & O. 1 With References to Insect Pests. Econ 140 elación al convencional. Estos últimos onservación, cuya adopción por parte de ción se atribuye al desconocimiento de satención en el manejo adecuado de las as alimenticias de las plagas insectiles, ado en este trabajo. MIENTOS or el financiamiento parcial del proyecto, a la iamiento parcial del mismo y por facilitar la al. Westcott, del , EUA., y al Dr. O’ Brien Director ersidad de Florida A&M, por la identificación A CITADA vertebrate and invertebrate pests. 347- No-Tillage and surface-tillage agriculture. The mpact of No-tillage maíz Cropping Systems n on Lesser Cornstalk Borer Infestations. No-Tillage Planting on Foliage-Inhabiting ntomol. Habitat Modifications and Multiple Cropping Crops in the Eastern United States. 57- al Congress of Plant protection, Washington, , Minn. United States Deparment of Agriculture, 5, 356 pp. 1991.Controle da erosao no Paraná, Brasil. e preparo conservacionista do solo. their control, insect management. No-tillage Research: Research ky, College of Agriculture and Agricultural. No-Till Culture of Sweet maíz in Maryland tomol",https://scielo.org.mx/pdf/azm/n83/n83a7.pdf
GC-0195,control_biologico,accionable,media-baja,100,repositorio.uteq.edu.ec,Documento PDF,"después del uso, considerados por separado el bien estar de las personas, así como de l 2.2.7.1. Efectos en el Medio Ambi El uso indiscriminado de agroquím practicar el manejo integrado de mal responsabilidades ambientales y de salud d lo cosechado, ya que, por lo tanto, es im cualquier plaga, enfermedad y malezas pa acudir, como recurso final, al uso de plag (7) Paralelamente al uso de plaguicidas insectos portadores de enfermedades infecc y polinizadores, por lo que las plagas pierd inadecuado de plaguicidas facilitó la resi malaria que estaba en descenso y con ello Aunque los agroquímicos fueron d genera muchos efectos no deseados, como polución del recurso hídrico con la degrad por la especie a combatir se debe las sobre mejor control”. Beneficios de los Agroquí El caso del DDT es el más destac innumerables agroquímicos, que no solo so a futuro, gracias a los agroquímicos, la p enormes necesidades de la creciente poblac Los agroquímicos previenen la pro destruir millones de hectáreas de alimento tas precauciones deben tomarse para proteger omunidad y al medio ambiente. os es altamente peligroso, por ello es bueno s y plagas (manejo integrado) para cumplir con las uienes trabajan en el sitio y quienes consumen tante desarrollar un plan para hacer frente a o cual se debe contar con asistencia técnica y das en dosis y frecuencia mínimo razonable. desarrolla resistencia a los plaguicidas y otros as como la malaria, se destruyen depredadores u competitividad y se reproducen más. El uso cia de los agentes patógenos como el de la morbimortalidad de la población. (22) ñados para ser de acción específica, usarlos istencia adquirida, su residualidad tóxica y la ón de la flora y fauna, la resistencia adquirida sis de pesticida usado para lo que llaman “un os. o, pero no significa que es el único, existen eneficiosos a corto plazo sino también dañinos ducción puede satisfacer mayor parte de las n mundial. (23) gación de plagas y enfermedades que pueden o que ayuda a los agricultores a mantener los 20",https://repositorio.uteq.edu.ec/server/api/core/bitstreams/47321e94-b9b1-4ab5-ad26-508bc3f9a6e9/content
GC-0196,control_biologico,accion_y_diagnostico,media-baja,100,repositorio.unjfsc.edu.pe,Documento PDF,"Porcentaje de eficiencia aplicaciones 1+2 frugiperda. Smith), a los 3, 8 y 15 días de Dias H Pesticida ada AAl 0,00% 7 BB2 0,00% 6 CC3 0,00% 6 DD4 0,00% 5 EE5 0,00% 6 FF6 0,00% 7 Testigo 0,00% 0 Días antes de la aplicación del pesticida (ada): días AAl): Tetraniliprole, (BB2): Clorantraniliprole, (CC Virus de la Poliedrosis Nuclear, (FF6): Bacillus th Porcentaje de eficiencia aplicaciones 1+2 Smith), a los 3, 8 y 15 dias 100.0% 80.0% 60.0% 40.0% 20.0% 0.0% AA1 BB2 CC3 DD Días antes de la aplicación del pesticida (ada): días (BB2): Clorantraniliprole, (CC3): Emamectin benz Nuclear, (FF6): Bacillus thuringiensis var. Análisis económico De acuerdo a la y , se a tipo de pesticida, donde obtuvo los cost pesticida (Spinetoran) y el pesticida (Bacil con valores de S/.29.00 y S/. 80,00 soles/h mercado osciló entre (S/. 1500 evaluar la efectividad/costo, encontrándo cogollero fueron Bacillus thuringiensis va Poliedrosis Nuclear y Clorantraniliprole co y 14% respectivamente, superando los de huevos y larvas de Spodoptera frugiperda Supe, Barranca. tratamientos para el control de (Spodoptera és de la aplicación os Larvas dda Promedio total % 72% 62,30% % 92% 71,74% % 88% 69,50% % 83% 64,71% % 91% 70,15% % 85% 68,31% % 0% 0,00% pués de la aplicación (dda), Emamectin benzoata, (DD4): Spinetoran, (EE5): giensis var. Kurstaki, (TTO): Testigo e tratamientos para (Spodoptera frugiperda. Huevos Larvas Adultos EE5 FF6 Testigo pués de la aplicación (dda), AAl): Tetraniliprole, , (DD4): Spinetoran, (EE5): virus de la Poliedrosis TO): Testigo cia el análisis económico de la aplicación del efectividad: Los tratamientos que usaron el thuringiensis) mostraron los costos más bajos rente a los demás tratamientos cuyo costo de 0 soles). Asimismo, en el análisis se consideró que mayor relevancia para el control del Kurstaki, seguido de Spinetoran, Virus de la alores incrementales de 43.1%, 35.0%, 21.4% s tratamientos y testigio para el control de mith en el cultivo de maíz amarillo duro en 53",https://repositorio.unjfsc.edu.pe/bitstream/handle/20.500.14067/11280/TESIS_final.pdf?sequence=5
GC-0197,control_biologico,accion_y_diagnostico,alta,100,colposdigital.colpos.mx:8080,Documento PDF,"crecimiento micelial de 15 días fue raspado c con Tween 80 al 0.03% en un tubo falcon estér minutos y se filtró en otro tubo falcon usando la suspensión madre, la cual se guardó a 4ºC p haciendo una dilución 1:1,000 en agua estéri estéril de 1.5 mL; se contaron los conidio (Neubauer Improved, Superior Marienfeld, G realizaron las diluciones necesarias para obten mL-1. Viabilidad de conidios A partir de la suspensión madre de cad con 1x106 conidios mL-1 y de ésta, se sembra circulares marcadas en el reverso de cajas Petr 20 h a 25 ± 2ºC, HR de 60 %, en total oscuri una gota de lactofenol azul de algodón para de conidios en cada área de siembra usando un cuales fueron observados a 40X, diferencian determinó el porcentaje de germinación med conidios germinados / total de conidios germi contaron en total 200 conidios por caja Petri experimento se repitió 3 veces en diferente t cuando el tubo germinativo fue más largo que e Efecto de insecticidas en la germinación de c espátula y mezclado con 5 mL de agua estéril e 50 mL, la suspensión se agitó en vortex por 5 a y un embudo estériles. El filtrado constituyó un máximo de 24 h y antes de usarla se tituló on Tween 80 al 0.03% en un tubo Eppendorf haciendo tres lecturas en un hemocitómetro many). A partir de cada solución madre se as concentraciones de trabajo a 1x108 conidios islamiento fúngico se preparó otra suspensión 10 L en el centro de cada una de dos áreas on 15 mL de ADS, las cuales se incubaron por. Al final del periodo de incubación se colocó er la germinación de conidios. Se contaron 100 croscopio compuesto (Zeiss Primo Star®) los a los germinados de los no germinados y se te la fórmula: % de germinación = (total de os y no germinados) x 100 (Rivera, 1993). Se para cada aislamiento se cultivó una caja; el po. Los conidios se consideraron germinados iámetro del conidio (Luz y Fargues, 1997)",http://colposdigital.colpos.mx:8080/jspui/bitstream/handle/10521/2661/Rivero_Borja_M_MC_Entomologia_Acarologia_2015.pdf?sequence=1
GC-0198,control_biologico,accion_y_diagnostico,media-baja,100,gob.mx,Documento PDF,"DIRECCIÓN GENERA DIRECCIÓN DEL CENTRO NACION en el meristemo intercalar del nudo de la planta, así como de las hojas de las mazorcas. Las larvas más desarrolladas se alimentan del pedúnculo de la mazorca, dejando un túnel a causa de la alimentación o se alimentan directamente de las mazorcas (University of Tennessee, s/a). Las larvas generalmente se alimentan del tejido externo de la planta de maíz durante los primeros tres estadios y luego perforan el tallo durante el resto de su período de desarrollo larvario. Una vez dentro del tallo, las larvas hacen un túnel de unos 7 a 30 cm. Después de esto, las larvas preparan un orificio de salida para el adulto y pupan dentro del a) b) Larva de Diatraea grandiosella en diapa de la planta de maíz; nótese la disminución o Créditos: a) Chippendale y Sorenson, 2020; b) Uni En la primavera, las larvas terminan su hibernación y limpian el túnel de escape en preparación para la emergencia de la etapa adulta. Cierran la salida del túnel con hilos de seda, probablemente para disuadir la entrada E SANIDAD VEGETAL DE REFERENCIA FITOSANITARIA túnel, en la corona de la planta, pero ocasionalmente se observa sobre el nivel del suelo, dentro del área del tallo que tiene túneles (Capinera, 2001). Cabe destacar que las larvas de esta especie pueden entrar en diapausa. Éstas se alimentan con dirección hacia la corona de la planta de maíz o abandonan el sitio de alimentación y se desplazan hacia abajo por la parte externa de la planta, moviéndose hacia la base del tallo y entrando en la raíz primaria, en preparación para la hibernación ( ) [Capinera, 2001]. c) a, ubicada en la celda de hibernación en la corona a de pigmentación en las manchas del cuerpo. ity of Tennessee, s/a; c) University of Kentucky, s/a. de depredadores que podrían atacar la etapa de pupa. Los adultos emergen del túnel; las hembras liberan una feromona sexual durante los primeros tres días después de la emergencia y comienzan a aparearse; las hembras adultas 3",https://www.gob.mx/cms/uploads/attachment/file/633029/Barrenador_del_tallo_del_ma_z.pdf
GC-0199,control_biologico,accion_y_diagnostico,media-baja,100,repository.cimmyt.org,Documento PDF,"gusano cogollero in Asia: A Guide for Integrated Pest Management 3. Indigenous Natural En from Indian maíz Fie Molina-Ochoa et al. (2003) reported approximately 15 belonged to 14 families—nine in the Hymenoptera, fou the Americas and the Caribbean Basin. Ichneumonids Hymenoptera. The Tachinidae was the most diverse fa In July 2018, when gusano cogollero was first reported in India, a of indigenous natural enemies. As expected, a numb Shylesha et al. (2018) have documented natural para parasitoids Telenomus sp. (Platygastridae) and Tricho braconid parasitoid Chelonus spp., the gregarious la (Braconidae), the solitary larval parasitoid Campoletis indeterminate larval-pupal Ichneumoninae parasitoid. (2019) reported Cotesia ruficrus (Haliday) Karnataka, Tamil Nadu, Rajasthan, Uttar Pradesh, Pun reported Chelonus formosanus Sonan and Coccygidiu Two parasitoids, namely, Phanerotoma sp., and Cocc associated with gusano cogollero, were less frequently encounter formosanus, Chelonus spp. (see Section 5.3.3), Cam Forficula sp. (Dermaptera: Forficulidae) (Table 1) was fields that were free from insecticidal spray. Parasitoids and predators reported on gusano cogollero i Biological Scientific name attribute Ph Telenomus sp.# Egg Hymenoptera: parasitoid Platygastridae Trichogramma sp.## Egg Hymenoptera: parasitoid Trichogrammatidae Chelonus formosanus Egg-larval Sonan parasitoid Hymenoptera: Braconidae Coccygidium Larval transcaspicum (Kokujev) parasitoid Hymenoptera: Braconidae 116 emies of gusano cogollero Reported s ecies of parasitoids and parasites of gusano cogollero, which the Diptera and one in the Nematoda—throughout d braconids were the most diverse families in among the parasitoids, with 55 species. tensive search was made for the presence f such parasitoids and predators were found. m by parasitoids (Table 1), namely, the egg mma sp. (Trichogrammatidae), the egg-larval parasitoid Glyptapanteles creatonoti (Viereck) orideae Uchida (Ichneumonidae), and an larval parasitoid of gusano cogollero in the maíz fields of and Meghalaya. (2020a, b) additionally ranscaspicum (Kokujev), respectively, from gusano cogollero. dium transcaspicum (Table 1), which were found han T. remus, Trichogramma chilonis, Chelonus etis chlorideae Uchida, and Cotesia ruficrus. observed feeding on gusano cogollero larvae in some of the dia. Collection raph locality Reference(s) Karnataka and A Tamil Nadu Karnataka A Karnataka; B Telangana Karnataka; C Telangana",https://repository.cimmyt.org/bitstream/handle/10883/21658/64245.pdf?sequence=4
GC-0200,control_biologico,accion_y_diagnostico,alta,100,vun.inifap.gob.mx,Documento PDF,"a En la imagen se puede ob insecticida para control de pulgón am apl Control químico. Debe realizarse c por planta o mielecilla en las p bien, cuando se presenten las inv aplicar cualquiera de los siguie SC y Sulfoxalor 240 SC, en las do comercial, respectivamente, dis hectárea en aplicaciones terrestre insecticida, se debe realizar una p a utilizar; en caso de que el pH e acidificante para bajar el pH del a aplican al follaje no actúan como principalmente por ingestión y en tanto, se deben hacer aplicacio que sean absorbidos por las hojas se aplica solamente en las hojas no llega a las hojas de abajo. Esto tres semanas y, además, controla la panoja. Para lograr un buen contr aplicaciones aéreas, se necesita para tener una buena cobertura d 40 litros de agua por hectárea y 2 se utilice 30 litros de agua por he de Imidacloprid, en ambos casos un litro de aceite de soya de uso a 22 TECNOLOGÍA DE PRODUCCIÓN D b c ar la eficiencia en la aplicación de o a) al tallo, b) al follaje y c) testigo sin ón. do se observen 50 o más pulgones ras dos o tres hojas inferiores; o nes de adultos alados, se sugiere s insecticidas: Imidacloprid 350 de 100 y 50 mililitros de producto os en 200 litros de agua por allo ( ). Antes de agregar el ba para conocer el pH del agua arriba 7 se recomienda utilizar un a a 6.0. Cuando los insecticidas se émicos y matan al pulgón amarillo enor escala por contacto, por lo que cubran todo el follaje para btener un buen control, ya que si eriores de la planta el insecticida secticidas protegen al cultivo por a mosca midge y las chinches de el pulgón amarillo del sorgo en las zar suficiente cantidad de agua ollaje; se debe utilizar un mínimo de mililitros de Imidacloprid, y cuando ea, se deben aplicar 300 mililitros debe aplicar al final en la mezcla cola o aceite comestible. El aceite GO DULCE EN GUANAJUATO",https://vun.inifap.gob.mx/VUN_MEDIA/BibliotecaWeb/_media/_folletotecnico/1047_4732_Tecnología_de_producción_de_sorgo_dulce_(Sorghum_bicolor_(L.)_Moench)_en_Guanajuato.pdf
GC-0201,control_biologico,accion_y_diagnostico,media-baja,100,repositoriotec.tec.ac.cr,Documento PDF,"IN El gusano cogollero o la palomilla constituye la plaga más importan principalmente en la región Neotrop cuantiosas, pudiendo reducir los r equivalente a un 40% de la producci Además, las orugas de Spodoptera frugiperda especies de 23 familias, atacando p recolectado de las familias tales Chenopodiaceae, Convolvulaceae, C especies cultivadas tales como la pap Espinaca (Spinaea oleracea), entre o La costumbre de los productores par uso de plaguicidas sintéticos (Sotelo químicas presenta ciertos inconvenie la selección de nuevas resistencias a el resurgimiento de las poblaciones legales; destrucción de especies be mano de obra y material (Badii indirectas relacionadas con el uso contaminación que esta conlleva. Esta problemática provocada por sugerido realizar investigaciones dir o biológicas de control, con el fin salud humana (Martínez et al, 2003) Tropical de Investigación y Enseña utilizando enemigos naturales (sean manejo de la plaga, conociendo los sean perturbados, o que lo sean en m Referida como la principal meta Microbiano está definida dentro 1 RODUCCIÓN maíz (Spodoptera frugiperda J.E. Smith), de este cultivo en América Latina, l. Las pérdidas ocasionadas por esta son dimientos en 0,8 t/ha de maíz seco, lo en condiciones tropicales (Pérez, 1993). n polífagas y se encuentran en más de 60 ipalmente a gramíneas; no obstante se ha mo Amaranthaceae (Amaranthus spp.), iferae, Euphorbiaceae, Gramineae; y entre a (Carica papaya), fresa (Fragaria vesca), (Pérez et al, 2003). u control generalmente ha sido a través del 004). El uso exclusivo de estas sustancias s directos dentro de los que se encuentran insecticidas en las poblaciones de plagas; tadas; residuos, riesgos y complicaciones iciosas; costo de fumigantes, en equipo, Abreu, 2006); además de implicaciones hidrocarburos para su fabricación, y la uso indiscriminado de agroquímicos, ha as hacia el desarrollo de formas integrales reducir el impacto medioambiental y a la manera que, según el Centro Agronómico (1990), se armonicen tácticas de control ivos o transferidos y establecidos) para el ganismos benéficos y evitando que estos r grado. e la Patología de Insectos, el Control e la rama del biocontrol que utiliza",https://repositoriotec.tec.ac.cr/bitstream/handle/2238/2911/Informe_Final.pdf?sequence=1&isAllowed=y
GC-0202,control_biologico,accion_y_diagnostico,alta,100,openknowledge.fao.org,Documento PDF,"Parasitoides d en papa cultivada en Lima. Revista Peruana Sánchez, G. Plagas de lo Universidad Nacional Agraria La Molina, De Sánchez, G. Lepidopteros Revista Peruana de Entomología, : 99 Sánchez, G. Plagas de Universidad Nacional Agraria La Molina, 170 Sánchez, G. Control Biológi de Entomología. Universidad Nacional Agra Sánchez, G. Manejo inte Perú, Instituto Peruano del Espárrago y Hor Saravia, R. Ciclo biológico Meyrick. Fundación PRO Saravia, R. In Manejo Agronómico de la Quinu Programa Apoyo a la Quinua Altiplano Sur. F Saravia, R.; Mamani, A.; Bonifacio, A. & Alcon, M las plagas del cultivo de quinua. Fundación Rubro Granos Altoandinos. Cochabamba, B Saravia, R.; Quispe, R.; Villca, M. Plagas y enfermedade Bolivia. A Catalogue of the Family-Gr Holcopogonidae, Lecithoceridae and Sym Museum of Natural History (Entomology), 28( Scheffer, S.J. Two nuclear species within Liriomyza huidobrensis (Dip Society of America, 94: 648-653. Molecular evidence of cry Agromyzidae). Journal of Economic Entomol Scholtens, B. Annotated che North of Mexico. ZooKeys, 535: 1–136 Schulenberg, T.S.; Stortz, D.F.; Lane, D.F.; O’n Biodiversidad Corbidi 01. Centro de Ornitolog Seeno, T.N. Alticina Chrysomelidae). The Coleopterologist Bullet 170 riomyza huidobrensis y Scrobipalpula absoluta Entomología, , 81-84. tamento de Entomología, 74 pp. efoliadores del espárrago en la costa del Perú. Lima, Departamento de Entomología. Aplicado, segunda edición, Lima, Departamento La Molina, 184 pp. ado del cultivo del espárrago en el Perú. a polilla de la quinua Eurysacca melanocampta PA. Cochabamba, Bolivia, 4 pp. do de las Plagas Insectiles del Cultivo de la rgánica, La Paz, Bolivia. dación AUTAPO, Fundación PROINPA, 105 pp. Diagnóstico de los enemigos naturales de OINPA. Informe Anual 2010-2011 no publicado. En: Saravia, R.; Plata, G.; el cultivo de quinua (pp. Cochabamba, p and Genus-Group Names of the Gelechiidae, ocidae (Lepidoptera). Bulletin of the British 155-282. nes confirm mitochondrial evidence of cryptic a: Agromyzidae). Annals of the Entomological c species within Liriomyza huidobrensis (Diptera: y, 93: 1146-1151. list of the Pyraloidea (Lepidoptera) of America , J.P. Serie y Biodiversidad-Corbidi. (Coleoptera: 6: 53–61.",https://openknowledge.fao.org/server/api/core/bitstreams/518339ec-6cb9-4a3c-970f-82ca6d32328d/content
GC-0203,control_biologico,accion_y_diagnostico,alta,100,openknowledge.fao.org,Documento PDF,"Introduction gusano cogollero (gusano cogollero), Spodoptera frugiperda, is an insect native to tropical and subtropical regions of the Americas. gusano cogollero larvae can feed on more than 80 plant species, including maíz, rice, sorghum, millet, sugarcane, vegetable crops and cotton. Several generations can occur in a year, and the moth can fly up to 100 km per night with support from the wind. gusano cogollero is a damaging pest that will continue to spread due to its biological characteristics and high volumes of trade among African countries. Farmers need substantial support to sustainably manage this new pest in their cropping systems through integrated pest management (IPM) farming options. Farmer field schools (FFS) provide an interactive and participatory learning-by- approach that puts farmers at the forefront through hands-on and discovery-based learning. Groups of about 25–30 participants with common interests learn about improved agricultural practices through a season-long programme of selected trial options. A trained facilitator guides weekly learning sessions and takes participants through field observations and critical analyses, focusing on selected, real- life enterprises. FFS builds on local knowledge systems while testing and validating innovative scientific concepts developed in other locations through experiments conducted on study plots, to compare local and improved practices. Each week, participants observe and monitor all elements of the agro-ecosystem on the farm or in the field, and learn how to make management decisions appropriate to the challenges they face. FFS group members summarize their findings, discuss the situation observed, and present and debate possible management solutions. At the end of the season-long learning period, the FFS groups analyse all the trials based on cost, availability, production potential and applicability among other factors, and decide on the best option. Dissemination of information to the broader community on experiences from the FFS occurs through field days and exchange visits. Through FFS, farmers improve their analytical, decision- making and communication skills. The FAO Global FFS Platform¹ provides general information as well as information concerning technical areas, including gusano cogollero. ¹ http:// OAF© Introduction",https://openknowledge.fao.org/server/api/core/bitstreams/64c9d3bd-c706-427d-b6ac-be965fb02cf1/content
GC-0204,control_biologico,accion_y_diagnostico,media-baja,100,repositorio.unas.edu.pe,Documento PDF,"Los resultado de la poliedrosis nuclear [PNV]), Coragen control de larvas de Spodoptera frugiperda (Tabla relacionados con sus ingredientes activo climáticas. El PNV infecta y mata selectiva eficaz a diferencia del insecticida biol Clorantraniliprole, ingrediente activo de interrumpe con la liberación de calcio en la la parálisis y eventual muerte (Deshmukh afecta el sistema nervioso de los insectos lo et al., 2019). Por lo tanto, estos mecanismo y efectivos contra S. Además insecticidas debido a su modo de acción climáticas que probablemente son favorab larvas por planta de maíz. 150 100 100 100 ) % ( n ó 75 ic a lb o P 30 24 18 20 2 2 0 Absolute BioSpore Cipermex ddpa = Días después de la primera aplicación. ddsa = Días después de la segunda aplicación. Porcentaje del promedio de lar promedio de larvas a los 0 ddp En contraste Clorpirifós (Clorfos) probablemente enfren debido a su uso constante por parte de los control de este insecto plaga. Asimismo, e a los mejores insecticidas en esta investiga 34 e la efectividad de los insecticidas En Vivo (virus hlorantraniliprole) y Absolute (Spinetoram) en el ), pueden explicarse por varios factores la resistencia de las larvas y las condiciones nte las larvas, y proporciona un control biológico co BioSpore (B. Respecto al ragen, es un insecticida de tipo diamida que élulas musculares de las larvas, lo que los lleva a al., 2020); mientras que Spinetoram (Absolute), e les provoca hiper excitación y muerte (Birhanu e acción aparentemente son altamente específicos posible menor resistencia de las larvas a estos ico y la aplicación adecuada bajo condiciones pueden haber contribuido a la alta reducción de 100 100 100 0 ddpa 63 3 ddsa 8 ddsa 41 25 22 22 3 3 3 rfos Coragen En Vivo Testigo de Spodoptera frugiperda por planta presentes respecto al e los insecticidas en estudio. secticidas como Alfacipermetrina (Cipermex) y on más resistencia de las larvas de Spodoptera frugiperda cultores cerca del área de experimentación en el insecticidas por sus modos de acción diferentes n resultaron en una menor eficacia relativa",https://repositorio.unas.edu.pe/bitstreams/8f1de6f3-b3c7-400c-be9d-f8fd214984d2/download
GC-0205,control_biologico,accion_y_diagnostico,media-baja,100,repositorio.una.edu.ni,Documento PDF,"R Este trabajo se realizó durante la épo propiedad del productor Agapito departamento de Masaya. El objetivo económicos de daños de la plaga c severidad de enfermedades foliares (Cesati- Wilson)], raya tiznada de la h Lefebvre)] y Mancha gris de la hoja experimental utilizado fue bloques co cinco tratamientos conformados por foliares T1=[(20 % cogollero y 10% 20% Enfermedad (grado 4)], T3=[( T4=[(50 % cogollero y 50% Enfer química al follaje únicamente mane (ANDEVA) y separación de media covarianza entre las enfermedades fo cogollero el análisis estadístico no m tratamientos. Los daños por este i después de la siembra (dds), durant varianza realizado para Antracnosis y los 45 y 54 (dds), no así para mancha los tratamientos. Los mayores po sobrepasaron un 40 % (grado 6). diferencia estadísticas entre los tratam tratamientos T1 y T2, con 2501 y económico los menores costos variab tasa de retorno marginal la presentó e UMEN. de postrera del 2004 en la finca El Madroñal, rinda ubicada en el municipio de Tisma, este estudio es generar información de niveles ollero [(Spodoptera frugiperda) J.E Smith] y mo Antracnosis [Colletotrichum graminicola a [Ramulispora sorghi (Ellis y Everhart Olive y rcospora sorghi (Ellis y Everhart)]. El diseño pletos al azar (BCA), con cuatro repeticiones y ño por cogollero y severidad de enfermedades nfermedad (grado 3)], T2=[(30 % cogollero y % cogollero y 30% Enfermedad (grado 5)], dad (grado 7)], y T5 Testigo sin aplicación de panoja. Se realizó un análisis de varianza por Tukey con α=0.05) más un análisis de res Antracnosis y mancha gris. Para el gusano ó diferencias significativas entre los diferentes cto se presentaron desde los 9 a los 45 días a etapa vegetativa del cultivo. El análisis de ancha tiznada mostró diferencias estadísticas a is que no indicó diferencias significativas entre ntajes de severidad de las enfermedades no a la variable rendimiento el análisis indica ntos, obteniendo los mayores rendimientos los 138 kg ha-1 respectivamente. En el análisis se obtuvieron en el tratamiento T3, y la mayor atamiento T1 con 236.86 %",https://repositorio.una.edu.ni/1997/1/tnh10d259.pdf
GC-0206,control_biologico,accion_y_diagnostico,alta,100,redalyc.org,Documento PDF,"Revista de la Sociedad Entomológica Argen Listado%20E %2010-08-1 Storer, N.P., Babco & Huckaba R to Bt maíz: Rico. Journa Sumerford, D.V, H Field evolved Journal of Ec Tabashnik, B.E., B lessons from Vilella, F.M., W (2002) Selec (Lepidoptera Brasileira de Waquil, J.M., Vill mays L.) tran (Lepidoptera Williams, W.P., S (1997) Tran southwestern Zenner, D.P.I., Álv toxina Cry1A del maíz, Spo & Divulgació Zenner, I.D.P., Ar respuesta de de Entomolo PDF generado a pa Proyecto académico sin fines de lucr 2017, , núm. 1-2, Enero-Junio, 0373-5680 / 1851-7471 NTOS%20LIBERADOS%20actualizado 0DMOGM%20con%20logo%202016.pdf J.M., Schlenz M., Meade T., ompson G.D., Bing J.W.,. (2010) Discovery and characterization of field resistance doptera ugiperda (Lepidoptera: Noctuidae) in Puerto Economic Entomology, 103(4), 1031–1038. d, G.P., Shelton, A., Greenplate, J., & Moar, W. (2013) stance: assessing the problem and ways to move forward. mic Entomology, 106(4), 1525-1534. ult, T., & Carriere, Y. (2013) Insect resistance to Bt crops: first billion acres. Nature Biotechnology, 31, 510-521. l, J.M., Vilela, E.F., Siegfired, B.D., & Foster, J.E. n of the gusano cogollero Spodoptera ugiperda (Smith) octuidae) for survival on Cry1A(b) Bt toxin. Revista ho e Sorgo, 1(3), 12-17. (2002) Resistencia do milho (Zea nico a lagarta-do-cartucho, Spodoptera ugiperda (Smith) octuidae). Revista Brasileira de Milho e Sorgo, 1(3), 1-11. rs, J.B., Hanten, J.A., Davis, F.M., & Buckley, P.M. nic maíz evaluated for resistance to gusano cogollero and rn borer. Crop Science, 37(3), 957-962. z, J.A., Mejía, C., & Bayona, M.A. (2005) Influencia de la el Bacillus thuringiensis sobre el desarrollo del cogollero era ugiperda (J. Revista U.D.C.A Actualidad ientífica, 8(2), 129-139. o, H., Mejía, C., & Díaz, J. (2009) Spodoptera ugiperda: ntas poblaciones a la toxina Cry1Ab. Revista Colombiana 34(1), 41-50. e XML-JATS4R por Redalyc sarrollado bajo la iniciativa de acceso abierto 24",https://www.redalyc.org/journal/3220/322050328008/322050328008.pdf
GC-0207,control_biologico,accion_y_diagnostico,alta,100,scielo.org.mx,"Primer registro de Archytas marmoratus y Voria ruralis (Diptera: Tachinidae) y sus niveles de parasitoidismo en dos lepidópteros plaga en Coahuila, México","El gusano falso medidor Trichoplusia ni Hübner y el gusano cogollero Spodoptera frugiperda (J. Smith) son consideradas dentro de la principales plagas de hortalizas en Latinoamérica (Hernández-Mendoza et al. Ambas especies las podemos encontrar, en casi todas las regiones donde se cultivan crucíferas como la col ( Brassica oleracea L.), para el caso de T. ni, y gramíneas para Spodoptera frugiperda , específicamente maíz y otros cultivos, afectando el rendimiento y la calidad del producto comercial en donde las infestaciónes son altas. Debido a sus hábitos alimentarios (defoliadores), causan severos daños en todos los estados fenológicos de la planta. El control de ambas plagas se rige por el uso casi exclusivo de insecticidas químicos, cuyo abuso indiscriminado ha traído resultados poco efectivos y problemas de resistencia. Lo anterior abre la posibilidad de emplear otras opciones de manejo de estas plagas, como el uso de enemigos naturales. En México han sido reportados diversos parasitoides atacando a T. ni , uno de ellos es un tachínido, Voria ruralis (Fallén), (Salas-Araiza & Salazar-Solís 1998), considerado como el principal parasitoide de T. Por otro lado, se han reportado 22 especies de enemigos naturales asociados a Spodoptera frugiperda (Molina-Ochoa et al. 2004), dentro de los cuales también incluyen tachínidos, como Archytas spp. (Delfín-González et al. Los tachínidos (Diptera: Tachinidae) son los más diversos e importantes enemigos naturales (Stireman et al. Todas las especies conocidas de esta familia son parasitoides de artrópodos, principalmente de insectos, particularmente como parasitoides de larvas de lepidópteros (Stireman et al. No obstante, la importancia de su ecología y diversidad como enemigos naturales ha tenido poca exploración, a pesar de que se han reportado altos niveles de control natural, tema que si ha sido sujeto de estudio (Ruíz-Nájera et al. 2007; Salas-Araiza & Salazar-Solís 1998). En el presente trabajo se reporta el estudio de dos tachínidos que se encontraron de manera natural atacando a T. frugiperda , y su papel como agentes de control biológico, así como sus niveles de parasitoidismo en el área de Buenavista, Saltillo, Coahuila, México.",https://www.scielo.org.mx/scielo.php?script=sci_arttext&pid=S0065-17372011000300005
GC-0208,control_biologico,accion_y_diagnostico,alta,100,cienciaspecuarias.inifap.gob.mx,Documento PDF,"Disc The shrub legume L. leucocephala is distribu known to have defense mechanisms agains suggesting its use as an alternative in controllin Larval mortality rate was highest at the 50% co (82.0 %) genotype extracts (Table 2). The lowes followed by 22.2 % for the Cunningham genoty study assessing the effect of an acetone L. le microplus, with a resulting larval mortality rate Table 2: Mortality rate and efficacy of Rhip concentrations of ethanol extrac Leucaena spp. Concentration (% Control NA Native 50.0 Native 40.0 Native 30.0 Native 20.0 Cunningham 50.0 Cunningham 40.0 Cunningham 30.0 Cunningham 20.0 KX2 50.0 KX2 40.0 KX2 30.0 KX2 20.0 NA = no In adult ticks the LC for the Native genotype 50 which also reduced PRER by 51.3 %. These res was observed against adult ticks(12). Another s peroxidase produced by L. leucocephala when u that, at a 0.1 mg/ml concentration, the defensiv hatching by 47.7 % and larval efficacy by 56.3 Rev Mex Cienc Pecu 2019;10(3):692-704 sion throughout the tropics and subtropics(21). It is ungi, bacteria and herbivorous insects(22,23), he tick R. ntration of the Cunningham (91.7 %) and KX2 C was 15.8 % for the 50% KX2 concentration, 50 These results are similar to those reported in a cephala extract against different phases of R. phalus microplus larvae exposed to different f three Leucaena spp. genotypes Mortality (%) Efficacy (%) 0 NA 54.6 75.65 49.5 67.3 38.7 62.1 28.0 57.0 91.7 92.7 78.4 82.0 62.4 71.0 29.5 59.3 82.0 90.7 77.7 83.0 64.9 82.0 58.4 72.7 plicable. tract was attained with the 20% concentration, differ from a previous report in which no effect y assessed the effect of defensive proteins and er stress versus adult R. microplus ticks, finding oteins reduced egg production by 8.5 %, larvae 3).",https://cienciaspecuarias.inifap.gob.mx/index.php/Pecuarias/article/download/4822/4109/13997
GC-0209,control_biologico,accion_y_diagnostico,media-baja,100,repositorio.uleam.edu.ec,Documento PDF,"Esta plaga cuando está en el nive afilados en los polos, semiglobulare blanquecino vidrioso, la cabeza y e negro intenso, los primeros estadios y verde en el lado ventral, la par blancas con hilera de pelo longitudinalmente, estas larvas vist isósceles; tienen una Y invertida en blanco, la pupa tiene un color par (Angulo 2010). Ciclo biológico del cogo Según Negrete (2013), el gusan comúnmente se lo denomina, actúa ejército o trozador y su habita dond su vida pasa por diferentes etapas y 2.1.4.1. Huevo: La larva tiene form rosado claro va cambiando a gris adultos son las que depositan los horas, invaden el total de la hoja, v segregaciones del aparato bucal protección con otros depredadores 2.1.4.2. Larva: Son de tipo cruc después invaden el resto de la p vecinas para evitar la competencia un color pardo oscuro con tres raya el color puede variar dependiendo d una banda negruzca anchándose amarillenta, En la cabeza tiene una de huevos tiene un color grisáceo, algo cuando está recién emergidas su color es dorso del segmento torácico es de color III y IV son pardos grisáceos en el dorso superior del costado tienen tres líneas nco amarillentos que se disponen de arriba ofrecen una forma de trapecio parte frontal de la cabeza y es de color rojizo y su tamaño desde 17 a 20 mm ro cogollero del maíz o spodopter como omo tierrero, se desarrolla como gusano se desarrolla y ataca es el maíz durante stas son: globosa, con estrías radiales, tiene color uando se le aproxima la eclosión. Los evos durante la noche en las primeras en varios grupos o masas cubiertas por escamas de su cuerpo que es para nemigos naturales (Negrete 2013). me al nacer se alimentan del coreon, ta o se trasladan a otras plantaciones alimento o el comerse entre ellas, tienen álidas estrechas y longitudinales aunque alimento, en su dorso se puede apreciar el costado y una más debajo de color nvertida de color blanca (Negrete 2013)",https://repositorio.uleam.edu.ec/bitstream/123456789/1016/1/ULEAM-AGRO-0026.pdf
GC-0210,control_biologico,accion_y_diagnostico,alta,100,openknowledge.fao.org,Documento PDF,"Una participante en las escuelas de campo para agricultores de Kenya filtra una mezcla de productos botánicos antes de pulverizarla sobre las plantas de maíz afectadas. Mutungi Productos botánicos Los productos botánicos son productos químicos que se dan en la naturaleza y que se extraen o derivan de plantas con propiedades insecticidas. Normalmente, se recoge una cantidad específica de la planta que luego se machaca y se deja en remojo en agua durante algunos días. Luego la mezcla se filtra para extraer el producto botánico y las fibras restantes. Luego la solución se pued diluir en agua o dejar en su concentración original y aplicarla directamente sobre el maíz para que actúe com repelente del gusano cogollero del maíz. Algunos de los productos botánicos que pueden aplicarse en la gestión el control del gusano cogollero del maíz son los siguiente > Margosa > Girasol mexicano (Tithonia) > Árbol del paraíso > Pelitre > Acacia > Barbasco guineano > Huacatay > Lantana > Pimiento picante (chile picante) > Cebolla > Tabaco > Polocote © FAO/R. Faidutti > Hierba limón © FAO, 2018 Métodos de control biológico Conocimientos tradicionales Los conocimientos tradicionales abarcan los conocimientos locales de los agricultores, sus observaciones y/o sus ensayos en relación con distintas tácticas de control de plagas. En toda África se ha informado de buenos resultados de estas opciones de control de plagas ensayadas a nivel local, pero hay pocas pruebas científicas que apoyen las afirmaciones sobre la eficacia de estas tácticas de control. Por consiguiente, las instituciones de investigación agrícola, en colaboración con los agricultores, deberían seguir ensayando y validando estas opciones en las condiciones locales con el fin de respaldarlas científicamente. Entre las opciones tradicionales de control de plagas figuran: > el aceite, la manteca o el caldo de pescado para atraer hacia los cultivos a hormigas o avispas depredadoras que luego se alimentan de las larvas del gusano cogollero del maíz > la orina de conejos, ganado vacuno u otros pequeños rumiantes utilizada como repelente > las cenizas, que constituyen un entorno hostil para las larvas de gusano cogollero del maíz Hormiga © Pest Guide 2019 Control biológico",https://openknowledge.fao.org/server/api/core/bitstreams/485fee91-1736-49c4-868e-8546ce05993c/content
GC-0211,control_quimico,accion_y_diagnostico,media-baja,100,repositorio.una.edu.ni,Documento PDF,"Descripción de los tratamientos el cultivo de maíz Tratamientos Nombre comercial T1 Bioeco-BA-Eco®-20 WP T2 T3 T4 Bioeco- Biorep ® AC ® 14 EC T5 T6 T7 Cipermetrina T8 Control absoluto 4.3. Manejo del ensayo y metodología de Las actividades de manejo del ensayo se experimentales no difieran en las actividad evaluados. Preparación del suelo: La preparación d limpieza del terreno, posteriormente se deli Siembra: El surcado fue a una distancia d planta, empleando siembra al espeque. Fertilización: Se aplicó fertilizante NPK (1 de 129.53 kg por hectárea, a los 44 días de Urea (46 – 0 – 0), a razón de 129.53 kg por Control de malezas: Se efectuó en dos mo la primera limpieza a los 40 días y la segund manual. Control de plagas: El manejo de plagas du mediante seis aplicaciones de bioplaguic intervalos de siete días entre cada aplicació día 46 de edad del cultivo (Ezeta et al., 20 siendo el lugar donde afecta la larva de Spo aluados para el manejo de Spodoptera frugiperda en Descripción de Dosis ngrediente activo Beauveria bassiana 1 g l-1 de agua 1 x 109 conidias 5 g l-1 de agua 10 g l-1 de agua Capsicum annuum, 1 ml l-1 de agua Alliums sativum 5 ml l-1 de agua 10 ml l-1 de agua Control químico 0.70 ml l-1 de agua C H Cl₂NO₃) 22 19 Agua (H O) Sin aplicación 2 icación de los tratamientos alizaron, de tal manera que las unidades siendo la única diferencia los tratamientos suelo fue empleada labranza mínima, con o el ensayo. .80 metros entre surco y 0.20 metros entre 30-10), al momento de la siembra con dosis és de la siembra se realizó fertilización con ctárea. ntos durante el ciclo vegetativo del cultivo, os 65 días después de la siembra, de manera nte el ciclo vegetativo del cultivo se realizó s e insecticidas botánico y químico con estas se iniciaron a partir del día 11 hasta el , dirigidas al cogollo de la planta de maíz, ptera frugiperda (Smith).",https://repositorio.una.edu.ni/4727/1/tnh10v434.pdf.pdf
GC-0212,control_quimico,accion_y_diagnostico,alta,100,openknowledge.fao.org,Documento PDF,"Control mecán Entre las opciones de control mecáni > ir periódicamente a los campos (dos vece > verter ceniza, arena, serrín o tierra en los > verter agua en el verticilo del maíz para a > agricultores de escuelas de campo para a las larvas para alimentar polluelos para la gusanos cogolleros del maíz pueden ser c complementaria de proteínas en países d En Embu, Kenya, algunos agricultores y grupos de escuelas de campo para agricultores se centraron en el control mecánico mediante la recogida y el aplastado de las larvas del gusano cogollero del maíz que se encontraban en las plantas de maíz. En 2018, un proyecto piloto que ayudaba a los agricultores con el control mecánico mediante el empleo de encargados de reconocer los campos demostró que la mitad de los 300 agricultores que participaban en el proyecto piloto prefirieron el método poco costoso de la recogida manual y en las temporadas posteriores siguieron vigilando sus cultivos sin la ayuda de los encargados de reconocer los campos. co Las opciones de control mecánico consisten gestionar y controlar las plagas utilizando medios físicos como la recogida a mano de frezas y larvas, el aplastado o la creación de barreras físicas. También abarcan el deshierbe y la alteración del microclima (por ejemplo, de la temperatura) para luchar contra las plagas. del gusano cogollero del maíz figuran: r semana) para aplastar frezas y larvas icilos para secar y controlar las larvas ar las larvas ultores de Benín recogieron oducción de aves de corral. Los iderados como una buena fuente e se consumen insectos. En Etiopía, los agricultores están empleando prácticas agrícolas mejoradas, métodos de gestión de suelos y malas hierbas y semillas de calidad, así como la recogida manual y la aplicación de plaguicidas culturales (productos botánicos y derivados de plantas) como métodos de control importantes. Los agricultores preparan insecticidas a partir de plantas de chile y orina de vacuno y los aplican a las plantas afectadas. Aunque inicialmente estos insecticidas eran menos eficaces a la hora de eliminar los insectos, con el tiempo los agricultores han ido mejorando su composición y eficacia",https://openknowledge.fao.org/server/api/core/bitstreams/485fee91-1736-49c4-868e-8546ce05993c/content
GC-0213,control_quimico,accion_y_diagnostico,media-baja,100,repositorio.unjfsc.edu.pe,Documento PDF,"Primera aplicación: control de Cog de maíz amarillo duro 4.1.1. Primera aplicación: control d planta a los 3, 8 y 15 días después de l primera aplicación, para el controlar huev en la , se aprecia el análisis de varian antes de la aplicación, y a los 3, 8 y 15 d existen diferencias significativas en tratam para la dosis usadas a los 3 y 15 días despu 7.63%, 8.59%, 11.7% y 8.56% respectivam A1: Comparaciones multiples en tratam frugiperda. Smith) a los 3, 8 y 15 días. En para las comparaciones múltiples de (Tuke al control de huevos antes de la aplicación mostrando diferencias estadísticas en todo aprecia una curva sigmoide al 3, 8 y 15 Tetraniliprole, Virus de la Poliedrosis Nuc los 15 dias después de la aplicación cuyos respectivamente frente al testigo que prese Efecto de tratamientos sobre el número de 8 y 15 días 40 s o v 30 e u h e d 20 o r e m 10 ú N 0 Bloque 1 AAl): Tetraniliprole:(AAl), (BB2): Clorantranilipro Virus de la Poliedrosis Nuclear(FF5):Bacillus thur aplicacion (dds) ULO IV. TADOS ero (Spodoptera. Smith), cultivo uevos (Spodoptera frugiperda. Smith) por plicación. De acuerdo a los resultados de la de (Spodoptera frugiperda. Smith) en planta, ANOVA (α=0,05); para los estadios de huevos después de la aplicación, en todos los casos os. Asimismo mostró significancia estadística la aplicación. Con respecto a los (CV) fueron: te. ntos para control de huevos (Spodoptera y , se muestra los hallazgos <0.05) relacionadas al tipo de pesticida frente a los 3, 8 y 15 días después de la aplicación, os casos en relación al testigo. Asimismo, se espués de la aplicación, siendo los mejores r y Clorantraniliprole con medias más bajas a ores fueron (8.76, 9.15 y 9.43 huevos/planta) valores fueron 19.75 huevos/planta. evos (Spodoptera frugiperda. Smith) a los 3, ada 3 dds 8 dda 15 dda Bloque 2 CC3): Emamectin benzoata, (DD4): Spinetoran, (EE5): ensis var. Kurstaki, (TTO): Testigo, Dias despues de la 33",https://repositorio.unjfsc.edu.pe/bitstream/handle/20.500.14067/11280/TESIS_final.pdf?sequence=5
GC-0214,control_quimico,accion_y_diagnostico,alta,100,colposdigital.colpos.mx:8080,Documento PDF,"Efecto de los insecticidas en la mortal Los resultados de mortalidad y esporu presentan en el Fueron tres los principales efectos de combinaciones de insecticidas con hongos fuer 2) las combinaciones de clorpirifós etil con los de clorpirifós solo (P=0.0133), mientras que l dieron igual mortalidad que su testigo de spin mismo nivel de mortalidad con los dos aislam con ETL, (292/520=0.5615) (P=0.0715); y spin ETL (220/441=0.4988) (P=0.6373) ( ). Mortalidad y esporulación de larvas con las combinaciones insecticidas y aisla secuencias. Mortalidad d Tratamiento n Muertos (± es Bb88 320 3 0.0086 (0 ETL 320 1 0.0032 (0 cl 173 108 0.6256 (0 sp 147 65 0.4409 (0 Testigo absoluto 107 1 0.0083 (0 Bb88/cl 173 78 0.4516 (0 Bb88-cl 174 75 0.4321 (0 cl/Bb88 173 110 0.6360 (0 ETL/cl 173 87 0.5022 (0 ETL-cl 173 94 0.5433 (0 cl/ETL 174 111 0.6382 (0 Bb88/sp 147 66 0.4436 (0 Bb88-sp 147 87 0.5914 (0 sp/Bb88 147 74 0.5060 (0 d ón observados en los distintos tratamientos se s insecticidas en la mortalidad: 1) las cuatro superiores a los testigos de hongo (P<0.0001); ngos causaron menor mortalidad que el testigo combinaciones de spinosad con ambos hongos ad (P=0.1468) y; 3) cada insecticida indujo el tos: clorpirifós con Bb88 (263/520=0.5057) y, ad con Bb88 (227/441=0.5147) y spinosad con tercer ínstar de Spodoptera frugiperda tratadas entos fúngicos (Bb88 o ETL) en distintas rvas Larvas Esporulación de larvas esporuladas tratadas (± es) ) 3 0.0086 (0.005) ) 1 0.0032 (0.003) ) N/A N/A ) N/A N/A ) N/A N/A ) 7 0.0403 (0.015) ) 70 0.4022 (0.037) ) 3 0.0122 (0.010) ) 11 0.0635 (0.019) ) 67 0.3872 (0.037) ) 7 0.0401 (0.015) ) 1 0.0065 (0.007) ) 69 0.4682 (0.041) ) 43 0.2884 (0.038)",http://colposdigital.colpos.mx:8080/jspui/bitstream/handle/10521/2661/Rivero_Borja_M_MC_Entomologia_Acarologia_2015.pdf?sequence=1
GC-0215,control_quimico,accion_y_diagnostico,media-baja,100,repositorio.utc.edu.ec,Documento PDF,"Aplicación de Bioinsecticidas El procedimiento que se utilizó para e las larvas del tercero y quinto estadío Las larvas se expusieron a pedazos de por inmersión en la suspensión de la d testigo consistió en ofrecer como alim maíz sumergidos en agua destilada e 2014). El tiempo que las larvas permaneci fueron 24,48 y 96 horas, esto o s mencionan que la mortalidad de las la concentración del producto , y el tiem las 96 horas el cual alcanza mayor por Esto se realizó con larvas del 3ro y 5t observaciones para registrar los camb dos espacios diferentes para evitar la i de diferente crecimiento, esto lo reco laboratorio ensayos preliminares pa agonista de la hormona de la muda dimetiletil)-2-(4-etilbenzoil) hidracida tercero y quinto estadio larvario en lab 3.9.Diseño Experimental y Análisis E Para efectuar esta investigación se uti repeticiones, bajo un diseño de bloq variables en estudio fueron sometida comparación de las medias de tratami probabilidad. Para el análisis estadíst paquete estadístico ExpDes.pt. uar la eficacia de los bioinsecticidas sobre gusano cogollero fue el siguiente: zas de maíz de 5 cm2, previamente tratadas s del bioinsecticidas a evaluar, el tratamiento o a las larvas en estudio pedazos de hojas de ril, como lo recomienda (Cáceres y Mena n en contacto con las hojas contaminadas ecomienda por estudios anteriores donde s se incrementa conforme al aumento de la de donde los tratamientos se estabiliza es a ntaje de mortalidad larval (Díaz 2016). stadio del gusano, diariamente se efectuaron o la mortalidad de las larvas en estudio, en rferencia de la aplicación en las poblaciones enda (Budia et al. 1994) donde realizo en determinar la efectividad del insecticida H-5992 (3,5-acidodimetilbenzoico 1 -(1,1 n Spodoptera exigua. A larvas de primero, torio (Budia et al. adístico un experimento factorial 3 x 3 +1, con tres completamente al azar (DCA). Todas las l análisis de varianza (ADEVA) y para la os se utilizó la prueba de Tukey al 95% de de los datos se utilizó programa “ R” y el 26",https://repositorio.utc.edu.ec/server/api/core/bitstreams/7205fb11-7008-4e3d-9e6d-c226b3c555df/content
GC-0216,control_quimico,accionable,media-baja,100,repository.cimmyt.org,Documento PDF,"Pe gusano cogollero Shiva s 50 e n a p w 40 o d n Wi 30 h s e Fr all, 20 m S h 10 wit s nt 0 a % Pl 9- J u n 6- J ul 2 UTC spinetoram lambda-cyhalothrin Figure S4. Prior to tassel emergence, the p (%SFW) was a useful measure of relative in applications. Black arrows indicate insectic The team (Deshmukh et al. unpublished) a alone or in combination with lambda-cyha of small, fresh windowpanes before and a mixture of 4.6% lambda-cyhalothrin and 9 as 18.5% chlorantraniliprole (37 g. a.i./ha) cost (see Section 7.1.5). The toxicity of the however, because lambda-cyhalothrin is c Fall Armywo Sh s 50 e n a p w 40 o d n Wi 30 h s e Fr all, 20 m S h 10 wit s nt 0 a % Pl 9- J u n 1- J ul 3- J ul 2 UTC lambda-cyhalothrin Figure S5. When assessed on the basis of lambda-cyhalothrin and 9.3% chlorantranil but still more effective than 5% lambda-cy UTC refers to untreated control. de Application, Safety, and Selection Criteria for gusano cogollero Control ecticide Efficacy Trial ga, India 2019 ul ul ul J J J 0- 7- 2 2 chlorantraniliprole emamectin benzoate entage of plants with small, fresh windowpanes ticide efficacy. Black arrows indicate insecticide applications. UTC refers to untreated control. evaluated the merits of chlorantraniliprole used in based on the percentage of plants with clusters application of the insecticides. As expected, the chlorantraniliprole (35 g a.i./ha) was not as effective ure S5) but provided substantial control at a lower xture is greater than that of chlorantraniliprole, derably more toxic than chlorantraniliprole. Insecticide Efficacy Trial ogga, India 2019 ul ul ul ul ul ul J J J J J 7- 9- 1- 3- 5- 1 1 1 chlorantraniliprole lambda-cyhalothrin + chlorantraniliprole mall, fresh windowpanes, a mixture containing 4.6% e was less effective than 18.5% chlorantraniliprole thrin. Black arrow indicates insecticide application",https://repository.cimmyt.org/bitstream/handle/10883/21658/64245.pdf?sequence=4
GC-0217,control_quimico,accion_y_diagnostico,alta,100,repositorio.chapingo.edu.mx,Documento PDF,"una fuerte presión de selección de plag ambientales y desconocimiento del buen incremento de las dosis de productos pla activos. Como se sabe, para un buen control de manejo para una gestión eficiente, cuid ambiente y el cultivo, entre las estrateg mencionado se tiene el método quími resistencia de poblaciones a los insectici de distintos ingredientes activos con mo el control. En la combinación de product proporcionar otra opción importante par como la disminución de las dosis de ing al., 2016). Diversos factores como ambientales, de de registros de nuevos ingredientes acti un manejo integral de plagas, ha presion la identificación y desarrollo de alterna (Snoeck et al., 2017). Como se ha dich letalidad en los insectos por encima de opción importante para enfrentar los pro Fazolin et al., 2017). El objetivo de este proyecto de investiga productos Barrier® y Potencior 2x® en c Clavis® y Karate zeon® en el control Evaluar en laboratorio el efecto de mort artificial de larvas de gusano cogollero Barrier® y Potencior 2x®. ii) Evaluar en das, lo anterior y sumado a los factores so y manejo de plaguicidas ha llevado al icidas y mezcla de distintos ingredientes C se requiere un esquema integrado de do los aspectos importantes: la salud, el para el manejo de la plaga como se ha pero con el tiempo ha ocasionado la s, por lo que se ha optado la combinación s de acción diferentes para incrementar existen también sinergistas que pueden nfrentar los problemas en aplicaciones, iente activo y niveles resistentes (Bao et sistencia y la desaceleración del número en el país y una nueva tendencia hacia o a la sociedad a un renovado interés en as de control como son los sinergistas estos productos ayudan a aumentar la ecto aditivo esperado proporcionar otra emas en aplicaciones (Bao et al., 2016; ón fue evaluar el efecto sinergista de los binación con los insecticidas Coragen®, GC, los objetivos específicos fueron i) dad y peso en la alimentación con dieta mpregnada con dosis de los productos ernadero y campo abierto la eficacia de 29",https://repositorio.chapingo.edu.mx/server/api/core/bitstreams/103a70c2-db3e-449a-8463-4aa0760cb516/content
GC-0218,control_quimico,accionable,alta,100,scielo.org.mx,Documento PDF,"Pacheco et al., En The regulations in Mexico (NOM-032-FITO registration and commercialization of bioin with and the opinion of different instituti substances that are used as pesticides mu and human health (García and González biosecurity studies and risk of the environ control (qualitative and quantitative ev organisms and assessment of their effect o Conc Based on the impact of climate chan livestock and forestry production system management in forests and worldwide co biological control of pests (bioin entomopathogenic organisms) as well as products with more tests under field co abiotic factors on efficacy and persisten they favor human health and the enviro for these new biological products to desi mass delivery systems to supply a grow From the review carried out in this work, it studies of entomopathogenic fungi for co abound in Mexico. Special attention has be anisopliae in recent years, since its toxicity h of pests, in addition to the fact that entomopathogenic organisms have been However, further studies are required to production and development of these bioin mopathogenic organisms for pest control… 1995) (Sagarpa, 2015) indicate that for the cticides, official provisions must be complied s that regulate crop health, the risk of the be met, as well as care for the environment 013). Likewise, it is necessary to carry out ental impact of the agents used in biological ation), environmental monitoring of these non-target organisms. usions the intense exploitation in agricultural, the use of extensive monocultures without mercial opening, it is necessary to promote cticides and biological agents with ssessing the environmental impact of these ditions to identify the effects of biotic and since these are also useful to agriculture, ment. On the other hand, it is also essential more efficient production, formulation and g market. n be concluded that as in the rest of the world, ating agricultural, livestock and forest pests given to Beauveria bassiana and Metarhizium s been very effective against a broad spectrum ble commercial products with mixtures of veloped to enhance their insecticidal action. ercome the current difficulties related to the cticides.",https://scielo.org.mx/pdf/remcf/v10n56/2007-1132-remcf-10-56-4-en.pdf
GC-0219,control_quimico,accion_y_diagnostico,alta,100,repositorio.chapingo.edu.mx,Documento PDF,"Tratamientos y dosis de a ( ) que fueron alojados cuatro repeticiones, utilizando el estudio. Arreglo y dosis de aplicación de ca No. Tratamientos Ing 1 Control - 2 Barrier® Calcio 10% + Silicio 24% Liliaceae lilium 3% + Cap 3 Potencior 2x® 1% + Euphorbiaceae he 4 Coragen® Clorantraniliprol 200 g. d 5 Clavis® Tiodicarb 360 g de i.a./L 6 Karate zeon® Lambda cialotrin 50 g de Coragen® + 7 Clorantraniliprol 200 g. d Barrier® Clavis® + (Tiodicarb 360 g de i.a 8 Barrier® (Calcio 10% + Silicio 24 Karate zeon® + 9 Lambda cialotrin 50 g de Barrier® Clorantraniliprol 200 g. Coragen® + 10 Capsicum annuum 2 Potencior 2x® Euphorbiaceae hevea 4 (Tiodicarb 360 g de i.a Clavis® + 11 (Liliaceae lilium 3% + Potencior 2x® fistulosum 1% + Eupho Lambda cialotrin 50 g Karate zeon® + 12 Capsicum annuum 2 Potencior 2x® Euphorbiaceae hevea 4 3.4.3.3. Descripción de insecticidas Clavis®: De contacto e ingestión, actúa 2019). Coragen®: De actividad sistémica cua follaje, siendo más eficaz a través de la Karate zeon®: Producto de contacto desorientación y el cese de alimentación (Syngenta, 2022). Se instalaron 12 tratamientos n un diseño completamente al azar con 0 plantas por tratamiento, 480 para todo tratamientos evaluados en invernadero y o. Dosis L-1 ha iente activo - 2 L um annuum 2% + Allium fistulosum 150 mL 4% a. / L 100 mL riflumurón 120 g de i.a./L 350 mL /L 300 mL a. / L + (Calcio 10% + Silicio 24%) 100 mL + 2 L + Triflumurón 120 g de i.a./L) + 350 mL + 2 L /L + (Calcio 10% + Silicio 24%) 300 mL + 2 L i.a. / L + (Liliaceae lilium 3% + 100 mL + + Allium fistulosum 1% + 150 mL + Triflumurón 120 g de i.a./L) + 350 mL + apsicum annuum 2% + Allium 150 mL ceae hevea 4%) i.a. /L + (Liliaceae lilium 3% + 300 mL + + Allium fistulosum 1% + 150 mL lizados obre huevos y larvas de GC (Agrisover, o se aplica en drench y traslaminar al estión de material tratado (FMC, 2017). ngestión produce en pocos minutos la insecto, seguido de la parálisis y muerte 35",https://repositorio.chapingo.edu.mx/server/api/core/bitstreams/103a70c2-db3e-449a-8463-4aa0760cb516/content
GC-0220,control_quimico,accion_y_diagnostico,alta,100,repositorio.chapingo.edu.mx,Documento PDF,"Control químico Esta estrategia es la más aplicada en el indiscriminado de estos insecticidas ha g (Georghiou y Lagunes, 1991; Pacheco, 19 el agua de riegos o por sistemas aéreos, aplican sobre las plantas jóvenes, pues e cogollo en el punto del crecimiento (SENAS En México, se han empleado los Organofosforados; Clorpirifos (Lorsban), D (Methion, Metacide), Manocrotofos (Azod (Sevin, Cebicid), Thiodicarb (Larvin), Meto Cipermetrina (Cymbush, Arrivo, Sherpa) La Permetrina (Ambush, Pounce) (Cortez, 200 Para controlar la plaga de Spodoptera frugiperda e tercer estadio de su ciclo, debido a que s disminuir el control. Después de la aplic descubrir las siguientes generaciones de la La etapa crítica de control se presenta des posteriores (Tejeda et al., 2016). El mom insecticida para su control es al detectar presencia de este insecto en cien mues hectáreas (INIFAP, 2017; Santana et al., 2 2.3. Extractos vegetales en el control de Los extractos de plantas en el manejo de ambientalmente seguros, menos peligroso productos químicos orgánicos bioactivo características insecticidas (Radhakrishna compuestos bioactivos se extraen de varia raíces, bulbos, rizomas, frutos y cabeza ntrol de Spodoptera frugiperda sin embargo, el uso erado resistencia o tolerancia en la plaga. Se utilizan insecticidas que se aplican en emás, los insecticidas granulados que se ácil que las partículas caigan al fondo del 2005). uientes insecticidas para su control: zinon (Basudin, Danol), Paratión Metílico Inisan, nuvacron). Carbamatos: Carbaril o (Lannate, Nudrín, Metavín). Piretroides: dacialotrina (Karate), Deltametrina (Desis), stadio larvario adecuado es del primer al aplica en larvas de mayor estadio podría ión revisar el cultivo habitualmente para aga y comprobar si se requiere otro control. la emergencia del cultivo hasta los 60 días nto oportuno para realizar una aplicación a población de 20 plantas dañadas o con s revisadas, en parcelas de una a cinco 7). agas agas, son actualmente reconocidos como y económicos. Las plantas son fuente de algunas especies de plantas poseen 2005; Tahara, 2007; Wink, 2003). Estos partes de la planta (hojas, tallos, semillas, e flores, etc.) de diferentes especies de 23",https://repositorio.chapingo.edu.mx/server/api/core/bitstreams/ff63bcad-5d61-4d60-99e9-1fca14a431e0/content
GC-0221,control_quimico,accion_y_diagnostico,alta,100,colposdigital.colpos.mx:8080,Documento PDF,"bioensayos se identificó a los insecticidas m aislamientos de B. anisopliae Interacción de los aislamientos Bb88 y ETL Se determinó que clorpirifós etil y spin la germinación de los conidios de los cuatro a ETL fueron los hongos menos sensibles a los in La interacción fue analizada para las c como más compatibles mediante los bioensayo mismos hongos con spinosad. Para ello se util spinosad (0.025 µL mL-1) con los aislamiento sobre larvas L3 del S. Las cuat insectos de prueba (larvas L3) en tres secuenc (hongo/insecticida); 2) ambos simultáneament hongo (insecticida/hongo). En conjunto, las cu conformaron los siguientes doce tratamiento cl/Bb88; en ETL con clorpirifós: ETL/cl, ET Bb88-sp y sp/Bb88 y; en ETL con spinosad: E cinco tratamientos fueron agregados como te 0.03%), testigo Bb88, testigo ETL, testigo de esta manera se conformó un total de 17 tratami Todos los tratamientos fueron aplica correspondiente en la torre de aspersión Potter disponibilidad de organismos en cada ensayo. s agresivos contra la germinación de los dos clorpirifós etil y spinosad en Spodoptera frugiperda d fueron los insecticidas que menos afectaron amientos evaluados y, que entre estos, Bb88 y cticidas. binaciones de hongo-insecticida determinadas previos: Bb88 y ETL con clorpirifós etil y, los la CL de clorpirifós etil (0.24 µL mL-1) y de 50 b88 y ETL (suspensión 1x108 conidios mL-1) combinaciones resultantes se aplicaron a los : 1) hongo seguido (a las 24 h) de insecticida hongo-insecticida) y; 3) insecticida seguido de o combinaciones con tres secuencias cada una, en Bb88 con clorpirifós: Bb88/cl, Bb88-cl y l y cl/ETL; en Bb88 con spinosad: Bb88/sp, L/sp, ETL-sp y Sp/ETL. Adicionalmente, otros gos: testigo absoluto (agua con Tween 80 al orpirifós etil (cl), testigo de spinosad (sp). De os para este estudio. por aspersión de 1 mL de la suspensión rupos de 15 o 20 larvas L3, dependiendo de la da tratamiento se aplicó a tres grupos de larvas",http://colposdigital.colpos.mx:8080/jspui/bitstream/handle/10521/2661/Rivero_Borja_M_MC_Entomologia_Acarologia_2015.pdf?sequence=1
GC-0222,control_quimico,accion_y_diagnostico,media-baja,100,repositorio.utc.edu.ec,Documento PDF,"larvas fueron transferidas e individu (jaula) en la que previamente se había Esta metodología se asemeja a la utili efectuó colectas manuales de los inse sobre aquellas plantas que presentaba restos de excrementos del gusano pla Laboratorio de Biocontroladores de 2009). Establecimiento Pie de cría Las larvas del gusano cogollero fueron choclo cambiadas cada dos días , h transformen en pupa. Las pupas fuero un envase plástico y se las colocó den 4 pulgadas de diámetro y 20 cm de la despacho para facilitar la retirada de l tela tul y una liga hasta que emerja (Alvarado 2015). frugiperda fueron alim 10%, continuamente se cambiaba el al que se evidenciaban las posturas, e contenía y se disponían en jaulas ento de algodón húmedo para evitar la desh Una vez que se estableció el pie de crí del gusano cogollero se comenzó a la en la aplicación de los bioinsecticidas del gusano cogollero en dos espacio aplicación en las poblaciones de dif utilizo (Kivett 2002). adas en un recipiente plástico rectangular ocado hojas de maíz tierno como alimento. a fue tomada en la investigación donde se s en plantaciones de maíz, específicamente n las hojas apicales signos de defoliación y dichas larvas fueron transportadas hasta el CIB-ITCR, Cartago. (Chacón-Castro et al. mentadas con hojas tiernas y con rodajas de a que completen su desarrollo larval y se olocadas sobre papel toalla humedecido en de una jaula entomológica (tubo de PVC de ), en el interior del tubo se forró con papel posturas y el extremo superior se cubrió con los adultos , siguiendo la metodología de tados con una solución de miel de maíz al ento para prevenir la fermentación, a medida se retiraban recortando el papel que las lógicas a las que se les agregó una porción atación ,la metodología de (Cedeño 2020). con la disponibilidad de larvas homogéneas unda etapa de la investigación que consistió dos estadios larvales (3er. estadios) iferentes para evitar la interferencia de la nte crecimiento, de igual manera como lo 25",https://repositorio.utc.edu.ec/server/api/core/bitstreams/7205fb11-7008-4e3d-9e6d-c226b3c555df/content
GC-0223,control_quimico,accion_y_diagnostico,media-baja,100,repositorio.unas.edu.pe,Documento PDF,"Janarthanan, R., Arivudainambi, S., y Moh Spinetoram Solo & Its tank mixture in India. International Journal of entomologyjournals.c Kroma, M., y Butler, C. Greeni construction of farm chemical adv 21-35. (21 de julio del 2020). El maíz es Agencia Agraria de Noticias. [E cultivo-mas-importante-en-extensio León, J. Producción nacional de m 2022, mostrado una reducción d Martínez, S. Rendimiento de cuat bajo tres densidades de siembra [T Molina]. Repositorio Institucional edu.pe/ handle/20.500.12996/5388 Ojeda, R. Insecticidas para el cont (Zea mays L.) en La Molina [Tes Molina]. [En línea]: Point andina. : En producto/en Rafael, R., Aguilar, R., Maldonado, E. thuringiensis contra Spodoptera f algodón (Gossypium barbadens) e Animal Sciences, 36(1), 52-62. [En nativas-de-bacillus-thuringiensis-co Sánchez, V., Sarmiento, M., y Herrera, A. Universidad Nacional Agrar Sánchez, G. Evalua Molina - Departamento de entomol Sistema Integrado de Información Tax Information System: Report, Zea Taxonomic Information System (IT 57 mad, I. Evaluation of Chlorantraniliprole, gainst Spodoptera frugiperda (JE Smith) in maíz ntomology Research, 7(5), 97-102. [En línea]: /archives/2022/vol7/issue5/7-3-25 pesticides: A historical analysis of the social sements. Agriculture and Human Values, 20(1), com/article/10.1023/A:1022408506244 ultivo más importante en extensión para el Perú. línea]: para-el-pe-22033 amarillo duro alcanzó las 1.233.000 toneladas en %. Agencia Agraria de Noticias. [En línea]: híbridos de maíz amarillo para grano y forraje, s de pregrado, Universidad Nacional Agraria La Molina. [En línea]: de Spodoptera frugiperda (J. Smith) en maíz de pregrado, Universidad Nacional Agraria La net/20.500.12996/3420 Vivo SC. [En línea]: vo-sc-insecticida-biologico/ Ruiz, M. Cepas nativas de Bacillus iperda y Alabama argillacea en el cultivo de iura, Perú. Chilean Journal of Agricultural and ea]: a-spodoptera-frugipe 04). Plagas de cultivos de caña de azúcar, maíz y La Molina - Departamento de entomología. Universidad Nacional Agraria La a. Integrated Taxonomic ys L. Taxonomic Serial N° 42269. Integrated [En línea]:",https://repositorio.unas.edu.pe/bitstreams/8f1de6f3-b3c7-400c-be9d-f8fd214984d2/download
GC-0224,control_quimico,accionable,alta,100,repositorio.chapingo.edu.mx,Documento PDF,"ensayos, la mezcla de Barrier® con Kar la plaga. Para el caso de Potencior 2x® ensayos y una leve mejoría en mezcl ensayos del experimento, al presentar ig tratamientos en invernadero. Contrastes de tratamientos de dato evaluaciones del primer ensayo. Contrastes DF Contraste SS Cua Solos vs Mezcla 1 949.6302 Barrier® vs Potencior 2x® 1 0.3750 Corangen® solo vs Corangen® en mezcla 1 2.3438 Clavis® solo vs Clavis® Mezcla 1 0.0410 Karate zeon® solo vs Karate zeon® Mezcla 1 1.7604167 Contrastes de tratamientos de dato evaluaciones del segundo ensayo. Contrastes DF Contraste SS Cua Solos vs Mezcla 1 475.0208 4 Barrier® vs Potencior 2x® 1 82.5104 Corangen® solo vs Corangen® en mezcla 1 4.5938 Clavis® solo vs Clavis® Mezcla 1 25.0104 Karate zeon® solo vs Karate zeon® Mezcla 1 15.8438 3.5.5. Para la evaluación en campo se reali evaluaciones donde Barrier® y el trata significativa en todas las evaluaciones diferencias al encontrarse menores c aplicaciones, aunque de forma general ser mejor que Potencior 2x® ( ). zeon® no hubo mejora en el control de e observan diferencias de control en los con Clavis® y Coragen® para los dos l o mayor control en la evaluación de los e invernadero GLM Combinado a través de do medio Valor de F Pr Diferencia 6302083 846.85 <.0001 26.6875 0.375 0.33 0.5641 0.375 34375 2.09 0.1506 0.9375 416667 0.04 0.8474 0.125 604167 1.57 0.2124 0.8125 e invernadero GLM Combinado a través de o medio Valor de F Pr Diferencia 0208333 476.68 <.0001 18.875 104167 82.80 <.0001 5.5625 59375 4.61 0.0336 -1.3125 104167 25.10 <.0001 -3.0625 84375 15.90 0.0001 -2.4375 un análisis combinado con las cuatro ento control no presentaron diferencia ientras que Potencior 2x® si presentó idades de individuos después de las a prueba de contrastes Barrier® resultó 42",https://repositorio.chapingo.edu.mx/server/api/core/bitstreams/103a70c2-db3e-449a-8463-4aa0760cb516/content
GC-0225,control_quimico,accion_y_diagnostico,media-baja,100,repositorio.unjfsc.edu.pe,Documento PDF,"Comparaciones multiples en tratam frugiperda. Smith Smith a los 3, 8 y 15 dí En las Tablas 11 y , se muestra los h p<0.05) relacionadas al tipo de pesticida co antes de la aplicación y a los 3, 8 y 15 Apreciándose similitud estadística en los tr Bacillus turigensis: 5.65 larvas/planta, Vir Emamectin benzoata: 5.73 larvas/planta, diferencias estadísticas frente al tratamien testigo con 10.58 larvas/planta en las evalu Efecto de los tipos de pesticida, la pr (Spodoptera frugiperda. Smith) a los 3, 8 y 12 10 s a v 8 iv s a v r a 6 L o r e m 4 ú N 2 0 ada 3 dda Días antes de la aplicación del pesticida (ada): días A1: Comparaciones multiples en dosis p frugiperda. Smith) a los 3, 8 y 15 días En las Tablas 12 y Se mues comparaciones múltiples de (Tukey: p<0 Evaluaciones antes de la aplicación y, a estadísticas a los 15 despues de la aplicac fueron con la dosis (120 ppm: 5.99 larvas dosis (120 ppm: 8.06 larvas/planta) respec tos para control de larvas de Spodoptera después de la aplicación azgos para la comparación múltiple de (Tukey: elación al testigo, las evaluaciones para larvas s después de la aplicación de los pesticidas. mientos (Clorantraniliprole: 5.3 larvas/planta, de la Poliedrosis Nuclear: 5.65 larvas/planta, inetoran: 5.85), los mismos que mostraron (Tetraniliprole: 7.33 larvas vivas/planta y el ones a los 15 dias después de la aplicación. era aplicación, en la población larvas de días después de la aplicación TTO Aal BB2 CC3 DD4 EE5 FF6 8 dda 15 dda pués de la aplicación (dda) control de larvas de (Spodoptera n los hallazgos de estados larvas para las ) relacionadas a la Dosis de pesticida, las 3 días, 8 días y 15; se aprecia diferencias del pesticida, cuyos valores en larvas vivas ntas), dosis (100 ppm: 6.17 larvas/plantas) y mente",https://repositorio.unjfsc.edu.pe/bitstream/handle/20.500.14067/11280/TESIS_final.pdf?sequence=5
GC-0226,control_quimico,accion_y_diagnostico,media-baja,100,repositorio.uleam.edu.ec,Documento PDF,"IN El gusano cogollero es una de las p cultivo del maíz (Spodoptera frug controlarlo, este insecto se repro americano, las condiciones climáti este gusano que ataca el cultivo calurosas, el ciclo de vida de es costoso. El gusano cogollero h porque penetra a través del cogol mejor para desarrollarse. Por esta Navárez et al. El uso intensivo de plaguicidas co ocasionado una resistencia a lo desarrollando una reacción negativa plagas que son más resistentes al crecimiento de la población del mu mayor. La demanda del maíz es fuentes de alimentos en la dieta nut número de variedad de platos, com elabora el cereal que es vital impor y por qué no decirlo del mundo e humanos como por diferentes espec Para proteger los cultivos se utili fertilizantes en las zonas agrícolas graves y resistentes; todo esto alternativas de control en los culti estudios para poder controlar esta maíz. RODUCCIÓN gas principales que afecta el desarrollo o erda) y se torna cada vez más difícil ce y dispersa por todo el continente es uno de los aliados en la invasión de maíz debido a que cada vez son más plaga se acelera y su control es más ta en la humedad de las plantaciones y se anida allí, buscando una condición ón su control se hace más difícil (García a esta plaga en las últimas décadas ha productos registrados para su control, orque se contamina el ambiente y surgen oducto usado para su exterminación. El o y sobre todo de este país cada vez es ande porque es uno de los principales va, con el maíz se puede preparar un sin ya es conocido que el cultivo de maíz se cia en la dieta de todos los ecuatorianos ero, puede ser consumido tanto por los s animales (Deras 2010). principalmente insecticidas químicos y sto ha creado problemas de plagas muy ocasionado que se busquen nuevas de maíz. Por tal motivo se estableció ase de gusano, que afecta al cultivo de 16",https://repositorio.uleam.edu.ec/bitstream/123456789/1016/1/ULEAM-AGRO-0026.pdf
GC-0227,control_quimico,accionable,media-baja,100,repositorio.unal.edu.co,Documento PDF,"Introducción Enfoque de investigación Los agricultores realizan rutinariamen específicos para controlar al GCT (Lie Picanço, 2011), muchas veces sin tene al., 2000, 2001; De Vis et al., 2001). Est preventivas y simplifica los protocolos de cuando no son necesarios y el deterioro del incremento en la dependencia en ins Pese a que los patógenos tienen pro ambiente, tales como la trasmisibilidad bio-plaguicidas son diseñados con el m investigación pretende explorar los mec individuos de una plaga de importancia es comprender la complejidad de la co enfoque evolutivo y poder replicar, con un patógeno-hospedero que se han manten trabajo busca generar información básic trasmisión de virus entre insectos, que sostenido de plagas, con una mínima ne Sistema de estudio La presente investigación usará como planta de tomate, el gusano cogollero continuación, se describe cada uno en d Planta de tomate La planta de tomate es herbácea con u profundidad. Se compone de una raíz p ramificaciones (Almanza-Merchán et al. 5 aplicaciones periódicas de insecticidas no et al., 2005; Oliveira et al., 2009; Guedes y n cuenta los periodos de carencia (Siqueira et strategia facilita la implementación de medidas so de los insumos, pero favorece su aplicación eral de la sostenibilidad del sistema por cuenta icidas químicos (Lewis et al., 1997). dades que favorecen su persistencia en el capacidad de evolucionar, la mayoría de los mo enfoque de los insecticidas químicos. Esta smos de transmisión de un Baculovirus entre nómica en Colombia y el mundo. El propósito stencia entre patógenos e insectos desde un perspectiva del control de plagas, las dinámicas naturalmente a través del tiempo. El presente elacionada con los mecanismos asociados a la ermita el desarrollo de estrategias de control sidad de introducir insumos en el sistema. delo de estudio el sistema conformado por la tomate y el Baculovirus PhopGV VG013. stema radicular amplio entre los 50-60 cm de cipal desde la que parte una gran cantidad de 016). El tallo es anguloso y recubierto de una",https://repositorio.unal.edu.co/bitstreams/d29351ae-5570-4b5f-9901-23d96a7bf889/download
GC-0228,control_quimico,accionable,alta,100,vun.inifap.gob.mx,Documento PDF,"Control de maleza Control mecánico: se realiza en form en tierra húmeda y antes de sembrar Control químico: utilizar el herbicid hectárea (l/ha) de producto comerc debe hacerse durante la etapa de am presente la avena silvestre se reco metilo, en dosis de 3 a 4 l/ha aplicad hasta la etapa de amacollo, o bien a de 1 y 0.25 l/ha, respectivamente. N ya que se puede afectar el rendimien Control de plagas Las principales plagas de la cebad Kurdjumov, el pulgón del follaje Rho cogollo, Schizaphis graminum (Rond avenae (Fabr.), de los cuales los má época crítica de daño ocurre en las Para su control, se puede aplicar pirim dosis de 0.5 kg, 1.0 l, 1.0 l y 0.4 kg/ Control de enfermedades Lo preferible es sembrar variedades enfermedades. Cosecha La cosecha deberá realizarse en la comprueba cuando el color de la espig de consistencia dura de tal maner se parta en dos. La cosecha puede re pequeñas superficies. En el segundo grano tenga 12% de humedad, trilla ndirecta cuando la siembra se efectúa astrea la maleza presente. -D amina en dosis de 1.5 a 2.0 litros por iluido en 400 l de agua. La aplicación llamiento del cultivo. Si llega a estar nda emplear difenzoquat o flamprop tre 25 y 30 días después de la siembra ar fenoxaprop o clodinafop-p en dosis aplique en etapa de llenado de grano, el cultivo. on el pulgón ruso, Diuraphis noxia losiphum maidis (Fitch), el pulgón del y el pulgón de la espiga, Macrosiphum ñinos son el primero y el tercero. Su meras fases de desarrollo del cultivo. rb, dimetoato, malation, metomilo, en espectivamente. mendadas, las cuales son tolerantes a urez fisiológica del cultivo, la cual se dorado y, al desprender el grano, este sea ue, al ser presionado con la uña, no arse con maquinaria o bien a mano en se sugiere hacer gavillas y, cuando el máquinas estacionarias",https://vun.inifap.gob.mx/VUN_MEDIA/BibliotecaWeb/_media/_agendas/4149_4846_Agenda_Técnica_Zacatecas_2017.pdf
GC-0229,control_quimico,accion_y_diagnostico,alta,100,redalyc.org,Documento PDF,"Revista Iberoamericana de Tecnología Postco a control treatment. Five replicates for each treatm response index (RI) was calculated through equatio Where T is the number of insects responding to t the control, and Tot is the total number of insects. N while positive values indicate attraction (Phillips et Insecticidal effect of bioactive silo bag agai Silo bags (bioactive and control) at laboratory scale (1 and 15 insect adults of S. zeamais were placed into si were sealed with heat sealer. Finally, the silo bags we humidity (25 ºC and 70%, respectively). e exper observed by each silo bag the mortality percentage (% Data analysis e Shapiro-Wilk test was used to test Normality determined using a paired-comparison analysis. e was carried out by a one-way analysis. Subsequently test-T (p ≤ 0.05) using INFOSTAT/Professional so RESULTS AND DISCUSSION Characterization of bioactive silo bag e measurement of silo bags manufactured at pilo shows images taken from Confocal Laser Microscop control silo bags in the morphology of the external a PDF generado a pa Proyecto académico sin fines de lucr ha, 2022, , núm. 2, Julio-Diciembre, 166... in different times were done. For each treatment, a (2) treatment, C is the number of insects responding to tive values of RI indicate repellence to the treatment, 1993). zeamais cm2) were manufactured. us, 100 g of maíz grains ags without differentiating sex or age. en, the bags ncubated in chamber at controlled temperature and nt were performed in triplicate. Aer 15 days, was f insects in order to evaluate the immediate toxicity. e mean of RI of each treatment was ecticidal effect of the bioactive and control silo bag differences between treatments were classified by a are (Di Rienzo et al., 2015). ale was around 6 m long and 0.17 m wide. Figure 1 No differences were observed between the active and inner layers. e XML-JATS4R por Redalyc sarrollado bajo la iniciativa de acceso abierto 218",https://www.redalyc.org/journal/813/81373798011/81373798011.pdf
GC-0230,control_quimico,accion_y_diagnostico,alta,100,repositorio.chapingo.edu.mx,Documento PDF,"Los pesticidas botánicos son a actividad, ser fácil de procesar y uso, ten acumularse en el medio ambiente o en te (Harborne, 1993; Wink, 2003). De hecho, los humanos han usado produc de años como colorantes (por ejemplo vainillina, capsaicina), fragancias (por eje estimulantes (por ejemplo, cafeína, nico tetrahidrocannabinol), venenos (por ejemp ejemplo, quinina, atropina) (Tahara, 2007). La sustitución de los insecticidas químicos p representa una alternativa, pero no signi restablecer el equilibrio ecológico por sí m (Mamun, et al., 2009). El control directo co emergencia y debe utilizarse con mucha p que aplicarlos con mucha precisión en el e plaga (Brechelt, 2004; Radhakrishnan, 200 Las sustancias botánicas presentan venta agricultor; algunas son tóxicas pero sin efe venenosas para los mamíferos (Rattan, químicos encontrados tienen reacciones d se desean eliminar (Tahara, 2007; Radhak 2.3.1. Extractos vegetales utilizados en En México se han evaluado extractos de d para el control de Spodoptera frugiperda, algunos de Hernández et al. (2018), evaluaron la a Phoradendron densum sobre S. Utilizaron larvas de primer estadio mados por tener un amplio espectro de ndo una actividad residual corta y por no os grasos de animales de sangre caliente s secundarios de las plantas durante miles ndigo, shikonina), sabores (por ejemplo, plo, aceites esenciales de rosa, lavanda), a), alucinógenos (por ejemplo, morfina, estricnina, coniina) y medicamentos (por sustancias vegetales con principios activos a que estos extractos de plantas pueden mos para un sistema agroecológico estable este método no deja de ser una medida de caución. Además, al no ser sistémicos hay és de las hojas donde habitan los insectos : son de bajo costo; están al alcance del residual prolongado; en su mayoría no son 010). En ciertas plantas los compuestos ferente índole frente a los organismos que hnan, 2005). frugiperda sas especies vegetales en varias regiones stos se presentan a continuación: vidad insecticida de polvo del muérdago n la Universidad Autónoma Agraria Antonio e gusano cogollero y follaje de muérdago 24",https://repositorio.chapingo.edu.mx/server/api/core/bitstreams/ff63bcad-5d61-4d60-99e9-1fca14a431e0/content
GC-0231,control_quimico,accion_y_diagnostico,alta,100,vun.inifap.gob.mx,Documento PDF,"que se observe el daño típico en el cogo en campo la presencia de masas de hu El gusano soldado, Pseudaletia uni dañar al cultivo y se controla con los gusano cogollero. Es clave monitorear de los gusanos cogollero y soldado c los picos poblacionales y, con base en e aplicación contra las larvas pequeña emplea una Temperatura Umbral inf del huevo las larvas de gusano solda se requieren 46.7 unidades calor, c mismo proceso). Asimismo, la araña roja del maíz afecta la planta durante las épocas má principalmente por el envés de las hojas al suelo, especialmente en los surcos c de tierra (ej. cerca de los caminos). L insecticidas sistémicos oxidemeton m 1.0 l/ha. Control de enfermedades Es preferible sembrar las variedades y contribuirá a disminuir los riesgos de el altiplano de Zacatecas las condicio desarrollo de las enfermedades más co Cosecha Es recomendable realizar la cosecha d duro y contenga alrededor de 14% de h con máquinas combinadas trilladora hacer los ajustes necesarios para evita la paja. 16 , para lo cual es necesario monitorear y predecir la eclosión de los mismos. cta Haworth, ocasionalmente puede smos insecticidas empleados para el oblaciones de las palomillas hembras rampas de feromona, para detectar nteo de unidades calor, determinar la necesitan 63 unidades calor, si se r (TUI) de 10°C, para que emerjan en tanto que para gusano cogollero TUI de 11.2°C, para que ocurra el lygonychus mexicanus Mac Gregor, das y secas. Este parásito se alimenta lo que afectan a las hojas más pegadas nos a donde existe más movimiento aña roja se puede controlar con los o, ometoato o propargite en dosis de as fechas recomendadas, porque esto didas por enfermedades. Además, en de clima son poco favorables para el nes que afectan al maíz. rma mecánica, cuando el grano está edad. Esta actividad se puede realizar cereales, sin embargo es necesario quebrado del grano y la mezcla con",https://vun.inifap.gob.mx/VUN_MEDIA/BibliotecaWeb/_media/_agendas/4149_4846_Agenda_Técnica_Zacatecas_2017.pdf
GC-0232,control_quimico,accion_y_diagnostico,media-baja,100,repositorio.unjfsc.edu.pe,Documento PDF,"En las y Se muestra medias de (Tukey: p<0.05) para los pestic con el Testigo. Las evaluaciones antes de la de la aplicación, se muestran diferencias Asimismo, se encongtró que los tratamiento efecto para el control de larvas, cuya media respectivamente en comparación con el tes después de la aplicación. Efecto de los tratamientos para tipo de pes de larvas a los 3, 8 y 15 días 16.000 14.000 12.000 s a v iv 10.000 s a v r a 8.000 l o r e 6.000 m ú N 4.000 2.000 0.000 ada 3 dda Pestic Días antes de la aplicación del pesticida (ada): días B1: Comparaciones multiples en dosis p Smith) a los 3, 8 y 15 días En las y se muestra los comparaciones múltiples de (Tukey: p<0.0 testigo antes de la aplicación, y, a los 3, 8 y apreciadose que no existieron diferencias e en empleadas (160, 220, 250 y 300 ppm); s se aprecia significancia estadistica para la d superando a las demás dosis estudiadas. s hallazgos para comparaciones múltiples de s (Tratamientos) empleados en comparación icación y, a los 3 días, 8 días y 15 días después adísticas entre tratamientos frente al testigo. Spinetoran y Tetraniliprole), mostraron mayor ue: 2.4 larvas/planta y 4.09 larvas vivas/planta o que alcanzó 8.53 larvas/planta a los 15 dias da en la Segunda Aplicación, en la población TTO AAl BB2 CC3 DD4 EE5 FF6 8 dda 15 dda aplicacion 2 pués de la aplicación (dda), control de larvas (Spodoptera frugiperda. llazgos de los estados larvas para la prueba de para la Dosis de pesticida aplicados frente al días después de la aplicación de los pesticidas, ísticas a los 3 y 8 dias después de la aplicación mbargo, a los 15 dias despues de la aplicación s (250 ppm) con valores de 3.26 larvas/plantas 45",https://repositorio.unjfsc.edu.pe/bitstream/handle/20.500.14067/11280/TESIS_final.pdf?sequence=5
GC-0233,control_quimico,accion_y_diagnostico,media-baja,100,repositorio.unas.edu.pe,Documento PDF,"Número de golpes con 0, 1 y tratamiento en estudio, respect Golpes con 0 m Insecticidas B B 1 2 Absolute 0 0 BioSpore 2 1 Cipermex 0 0 Clorfos 0 0 Coragen 0 0 En Vivo 0 0 Testigo 3 3 Golpes con 1 m Insecticidas B B 1 2 Absolute 1 2 BioSpore 4 6 Cipermex 4 3 Clorfos 3 4 Coragen 2 2 En Vivo 1 1 Testigo 6 7 Golpes con 2 m Insecticidas B B 1 2 Absolute 9 8 BioSpore 4 3 Cipermex 6 7 Clorfos 7 6 Coragen 8 8 En Vivo 9 9 Testigo 1 0 Promedio de golpes con 0, 1 y estudio, respectivamente. Golpe Insecticidas 0 mazorca Absolute 0,00 BioSpore 1,50 Cipermex 0,00 Clorfos 0,00 Coragen 0,00 En Vivo 0,00 Testigo 2,75 81 mazorcas de maíz en diez golpes evaluados por mente. zorcas en 10 golpes loques Promedio B B 3 4 0 0 0,00 1 2 1,50 0 0 0,00 0 0 0,00 0 0 0,00 0 0 0,00 2 3 2,75 zorcas en 10 golpes loques Promedio B B 3 4 1 1 1,25 5 4 4,75 4 4 3,75 3 5 3,75 1 1 1,50 0 2 1,00 8 6 6,75 zorcas en 10 golpes loques Promedio B B 3 4 9 9 8,75 4 4 3,75 6 6 6,25 7 5 6,25 9 9 8,50 10 8 9,00 0 1 0,50 azorcas de maíz por golpe de los tratamientos en e maíz con: Total de golpes mazorca 2 mazorca evaluados 1,25 8,75 10,00 4,75 3,75 10,00 3,75 6,25 10,00 3,75 6,25 10,00 1,50 8,50 10,00 1,00 9,00 10,00 6,75 0,50 10,00",https://repositorio.unas.edu.pe/bitstreams/8f1de6f3-b3c7-400c-be9d-f8fd214984d2/download
GC-0234,control_quimico,accion_y_diagnostico,media-baja,100,dspace.nm-aist.ac.tz,Documento PDF,"Table 1: Estimated quantities of maíz produ mean loss after the Spodoptera frug Average production f years from 2012- 20 Country/Region (Thousand Tons) Burundi 167.05 Ghana 1777.99 Kenya 3603.95 Malawi 3276.49 Mozambique 1519.93 Nigeria 9630.52 Rwanda 513.67 South Africa 11182.95 Uganda 2711.10 Tanzania 5795.23 Zambia 2845.49 Zimbabwe 901.18 Total 43925.55 Source: FAO maíz production statistics for available data for Zimbabwe in 2015 of USD 2.3 Management of Spodoptera frugiperda 2.3.1 Synthetic chemical pesticides Pest management is mainly by the use of ch al., 2017). Chemical pesticides such as carba chlorpyrifos, spinosad, lufenuron and metho pests including Spodoptera frugiperda (Al‐Sarar, Ha Ferreira, 2015; Pitre, 1986). Farmers hav knowledge of the pest behaviour and biology Junior & Lasmar, 2014; Ferreira, 2015; M conduct frequent spraying and rotation of ch Application of these chemicals against Lep been reported with little success due to the in resistance (Tavares et al., 2010; Yu, Nguyen on for selected Sub Saharan countries and the rda invasion 5 Average loss Economic loss (Thousand Tons) (USD Millions) 66.82 26.06 711.19 277.37 1441.58 562.22 1310.60 511.13 607.97 237.11 3852.21 1502.36 205.47 80.13 4473.18 1744.54 1084.44 422.93 2318.09 904.06 1138.19 443.90 360.47 140.58 17570.21 6852.39 year 2012 to 2016. The price is based on the 0/ ton. Africa ical pesticides (Day et al., 2017; Jeger et trichlorfon, methyl parathion, permethrin, l have been widely used to control insect & Downer, 2006; Carvalho et al., 2013; een applying insecticides without prior Kfir et al., 2002; Campos, Ferreira, Costa, ga et al., 2018), which forces farmer to icals to increase efficiency (Pitre, 1986). ptera (moth) including Spodoptera frugiperda has t biology and behaviour, as well as insect Abo-Elghar, 2003). The hiding behavior in",https://dspace.nm-aist.ac.tz/bitstream/20.500.12479/923/1/PhD_LiSE_Winisia_Makirita_2020.pdf
GC-0235,control_quimico,accion_y_diagnostico,alta,100,vun.inifap.gob.mx,Documento PDF,"ya sea con la correcta y oportuna real con el uso del azadón. Si se realizan la presencia de maleza será mínima. C mecánicos por el desarrollo de las planta efectuar deshierbes manuales. Tambié la maleza al utilizar 2.5 kg de triflura través de un paso de rastra antes de 24 se recomienda en el control de malez maleza y postemergente al cultivo, p aplicar el herbicida una vez establecid Contro Plaga Picudo o barrenillo del chile (Anthonomus eugenii Cano) Gusano soldado (Spodoptera exigua (Hübner)) Gusano del fruto (Helicoverpa zea (Boddie)) Pulga saltona (Epitrix cucumeris (Harris) Pulgón verde del durazno (Myzus persicae (Sulzer)) Pulgón saltador del tomate o paratrioza (Bactericera cockerelli (Sulc)) Control de enfermedades Una de las más comunes es secadera complejo de hongos (Pythium spp, Rhiz Schlecht, Verticillium spp, Sclerotium sp afectadas se marchitan repentinamen se puede presentar en cualquier etapa afectados a nivel del cuello. El facto en campo es el exceso de humedad e de la planta a ser infectadas por estos los suelos agrava el problema de secad 92 ón de escardas y el control manual rrectamente las labores de cultivo, do ya no es posible efectuar cultivos or la presencia de lluvias, es necesario puede realizar el control químico de antes del trasplante e incorporarlo a ras de aplicado. El uso de oxifluorfen emplearse como preemergente a la situaciones en las que se tiene que cultivo. plagas pciones de insecticidas amil, tiamethoxam, permetrina esfenvalerato etomilo, esfenvalerato, lorantraniliprol y methoxyfenozide etomilo, esfenvalerato, lorantraniliprol y methoxyfenozide fenvalerato, permetrina y dinotefuran ntre otros midacloprid, acetamiprid, iamethoxam, metomilo y dimetoato bamectina, imidacloprid, spirotetramat spiromesifen, entre otros marchites del chile (causada por un nia solani Kuhn, Fusarium oxysporum Phytophthora capsici Leo.): las plantas mueren con rapidez. La enfermedad desarrollo del cultivo y los tallos son ave en el desarrollo de la secadera suelo, ya que predispone a las raíces gos. La falta de materia orgánica en en el cultivo de chile.",https://vun.inifap.gob.mx/VUN_MEDIA/BibliotecaWeb/_media/_agendas/4149_4846_Agenda_Técnica_Zacatecas_2017.pdf
GC-0236,control_quimico,accion_y_diagnostico,alta,100,colposdigital.colpos.mx:8080,Documento PDF,"asperjando directamente el producto comercia insecticida fue adquirida en tienda (Lote: 12 directamente por la empresa formuladora perteneciente a un lote de producción distinto dicho insecticida en las siguientes fases de la in Efecto de insecticidas en la germinación de c El análisis de la toxicidad de los insecti que los menos tóxicos fueron clorpirifós et germinación observada en todos los aislam germinaciones cercanas al 95% en los do concentración de 0.1 µL mL-1 y menores a respectivamente, para el aislamiento ETL y; de para MGC 07 ( ), implicando que las cuatro insecticidas que las cepas de B. bassiana Tres insecticidas (clorpirifos etil, lambd germinación de conidios de los cuatro aislami mL-1) ( ) y, metomilo, a esta misma c Bb, la cual se estimó irrelevante. La germinaci mayor del 90% en todos los casos, mientras qu Germinación de conidios de los a MGC 07 (de M. anisopliae) bajo diferentes con co Insecticidas Aislamiento 10 1 obre las larvas. Una primera muestra de este 303-5) y, una segunda muestra fue proveída HC) en un bote de presentación comercial 130417-1). Debido a ello, se decidió eliminar tigación. anisopliae as sobre la germinación de los conidios mostró y spinosad, lo cual se dedujo por la mayor tos. Clorpirifós etil y spinosad permitieron islamientos de B. bassiana a partir de la sta y; de 63.5% (±1.32) y 87.33% (±0.88), 5% (±0.5) y 28.5% (±1.04), en el mismo orden, as de M. anisopliae fueron más sensibles a los cialotrina y spinosad) inhibieron el 100% de la os en la mayor concentración evaluada (10 µL entración, permitió el 6.5% de germinación de de esporas en el testigo de Bb, Bb88 y ETL fue n MGC 07 fue del 86% ( ). mientos Bb y Bb88 (de B. bassiana), ETL y ntraciones de cuatro insecticidas. traciones de insecticidas (µL mL-1) 0.1 0.01 0.001 0.0001 testigo",http://colposdigital.colpos.mx:8080/jspui/bitstream/handle/10521/2661/Rivero_Borja_M_MC_Entomologia_Acarologia_2015.pdf?sequence=1
GC-0237,control_quimico,accionable,media-baja,100,repositorio.unjfsc.edu.pe,Documento PDF,"reportes apreciandose muy buenos resulta 1,2 a 3,6 g k-1 (Alam, et al, 2020). Hipótesis de la investigación 2.5.1. Hipótesis general Por lo menos un tratamiento es efi utilizados en el control de Spodopt Dekalb 7088 en el valle de Pativilc 2.5.2. Hipótesis especificas Por lo menos uno de los tipos estadísticas significativas para el c mays L., Hibrido Dekalb 7088 en e Por lo menos una de las dosis para estadísticas significativas para el c mays L., Hibrido Dekalb 7088 en e Por lo menos uno de los pesticidas de Spodoptera frugiperda (Smith) de Pativilca. Por lo menos uno de los pesticida control de Spodoptera frugiperda ( el valle de Pativilca. Operacionalización de las variabl En la , se mustra el diseño de Operacionalización de variables Variable Definición Definición O conceptual Eficacia de Dosis Momentos: Plaguicida de insecticida: Aplicación p s eficientes Corresponde Cantidad: AAl, BB2, C en control relación al control y TTO (Testig cogollero reducción de la Dosis: I (1,2,3,,4) plaga. II (1,2,3,,4) para la desinfestación de semillas a dosis de con respecto a la dosis y tipo de insecticida frugiperda. Smith) en Zea mays L., Hibrido insecticida empleada, muestra diferencias rol de Spodoptera frugiperda (Smith) en Zea lle de Pativilca. s insecticidas empleadas, muestra diferencias rol de Spodoptera frugiperda (Smith) en Zea lle de Pativilca. pleados es altamente eficiente para el control Zea mays L., Hibrido Dekalb 7088 en el valle muestra un eficiente costo/efectividad para el ith) en Zea mays L., Hibrido Dekalb 7088 en operacionalidad de las variables, racional Indicadores Escala de med. 20 dds y 40 dss cida 1 y 2 gr. Dosis: AAl: l00 ml y 160 ml DD4, EE5, FF6, BB2: l20 ml y160 ml CC3: l50 gr y 220 gr DD4: l00 gr y 220 ml EE5: 200 ml y 250ml FF6: 200 gr y 300gr Testigo: ninguno 23",https://repositorio.unjfsc.edu.pe/bitstream/handle/20.500.14067/11280/TESIS_final.pdf?sequence=5
GC-0238,control_quimico,accion_y_diagnostico,media-baja,100,repositorio.unjfsc.edu.pe,Documento PDF,"dosis (220 y 250, 300 ppm) con va respectivamente. Prueba de comparaciones múltiples de Tu huevos de (Spodoptera frugiperda. Smith 3 dias Dosis Dias ada Dosis dda ppm Medias ppm Sig Medias Sig 300 28.98 a 300 15.73 a 160 29.22 a 160 15.73 a 250 29.81 a 250 16.04 a 220 30.7 a 220 17.03 a Días antes de la aplicación del pesticida (ada): días Letras iguales (significativo), letras diferentes no (s Efecto de la dosis de pesticida en la Seg (Spodoptera frugiperda. Smith) a los 3, 8 35 30 25 s o v iv 20 s o v e u 15 h e d o 10 r e m ú 5 N 0 ada 3dds Dosis Días antes de la aplicación del pesticida (ada): días B1: Comparaciones multiples en Bloque frugiperda. Smith) a los 3, 8 y 15 días des Las Tablas 17 y se muestra l múltiples de (Tukey: p<0.05) relacionadas la aplicación de los pesticidas, y a los 3, 8 que no existieron diferencias estadísticas e es de (4.94, 5.16 y 5.29 huevos/planta) y al 5% para dosis usada en el control de os 3, 8 y 15 dias 8 dias 15 dias Dosis Dosis dda dda ppm ppm Medias Sig Medias Sig 250 12.19 a 220 4.39 a 300 12.28 a 160 4.94 b 160 12.54 a 300 5.16 b 220 13.83 a 250 5.29 b pués de la aplicación (dda), ficativo) a Aplicación, en la población de huevos en 5 días 160 ppm 220 ppm 250 ppm 300 ppm 8dds 15dds m pués de la aplicación (dda), ara control de huevos en (Spodoptera és de la aplicación hallazgos, para la prueba de comparaciones s bloques frente al control de huevos antes de 5 días después de la aplicación, apreciándose das las dosis empleadas",https://repositorio.unjfsc.edu.pe/bitstream/handle/20.500.14067/11280/TESIS_final.pdf?sequence=5
GC-0239,control_quimico,accionable,alta,100,openknowledge.fao.org,Documento PDF,"Maleza (malas hierbas) 14. Arbusto mariposa (Buddleja david Se prevé que el área de distribución geo vidii en Europa, América del Norte y Nue a medida que se reduzcan las limitacione (Kriticos et al., 2011). Por el contrario, se maleza en África, Asia, América del Sur y del estrés térmico. En general, se prevé q ciones de crecimiento adecuadas para l (8%, 10% o 16%, dependiendo del escen las posibles estrategias de adaptación se las que la amenaza de invasión aumenta gestión puedan asignarse adecuadamen la maleza (Kriticos et al., 2011). Hierba de la zarza (Nassella trichot En las condiciones climáticas actuales, la siderable potencial de propagación. En el de invadir nuevas zonas aptas, pero para ficie total apta habrá disminuido a nivel diendo del escenario de cambio climátic do de un aumento previsto del estrés tér estrategias de gestión se encuentran la id invasión, la aplicación de medidas para r del hombre y la aplicación de medidas d la dispersión de semillas por el viento (W Efectos del cambio climático en las plagas de las plantas mundial) ca de la maleza invasora Buddleja da- elandia se amplíe a finales del siglo xxi crecimiento debidas al estrés por frío vé que el área de distribución de esta tralia se contraiga debido al aumento a superficie total de tierra con condi- aleza disminuya en un 11% de media de cambio climático utilizado). Entre uentra la identificación de las zonas en sminuye, de modo que los recursos de ara reducir una mayor propagación de a) (mundial) rba Nassella trichotoma tiene un con- ro, seguirán existiendo oportunidades les del siglo XXI se prevé que la super- ndial entre un 20% y un 27% (depen- e se utilice), sobre todo como resulta- o (Watt et al., 2011). Entre las posibles ficación de las zonas de alto riesgo de cir la dispersión de semillas con ayuda ntrol de las malas hierbas para reducir t al., 2011).",https://openknowledge.fao.org/server/api/core/bitstreams/7aa515bf-b8e6-426f-9d84-261415bf06e5/content
GC-0240,control_quimico,accion_y_diagnostico,alta,100,repositorio.chapingo.edu.mx,Documento PDF,"Momento, forma, número de aplicación de tratamientos se de larvas, para la preparación 3c), la forma de aplicación fu ( d). Se realizaron 4 ev la cuarta a las 48 horas despu 3.4.3.5. Parámetros de evaluación. E de larvas vivas de GC por tra aplicó un análisis de varizanz de Tukey (α=0.05) por medio dos ensayos con el programa para conocer si los tratam comparación con el testigo, y 3.4.4. Fase de campo 3.4.4.1. Lugar del experimento. El municipio de Yautepec, Morelo A-7573 en desarrollo vegetati de temporal. Tratamientos y dosis de apli 2) que fueron alojados en un cuatro repeticiones, cada u distanciados a 80 cm, con un 5 m de largo para un total de 2 repeticiones, dando un total d 3.4.4.3. Momento, forma, número de aplicaciones fueron foliares e individuos y daños en las ho plicaciones e intervalo entre éstas. La alizó 48 horas después de la infestación la mezcla se utilizó agua potable (Figura vía foliar con ayuda de un atomizador uaciones, las primeras 3 cada 24 horas y de la tercera evaluación ( e). fecto de la aplicación se evaluó a través miento. Para el análisis estadístico se le una prueba de comparación de medias un análisis combinado a través de los S. Así también una prueba de contrastes ntos tienen un efecto diferente en icados solos o en mezcla. perimento en campo se realizó en el en un cultivo de maíz comercial variedad con presencia de GC, bajo condiciones ción. Se instalaron 12 tratamientos (tabla seño de bloques completos al azar con ad experimental constó de 5 surcos des experimentales de un ancho de 4 × m2 por tratamiento y 80 m2 para las cuatro 60 m2 para todo el estudio ( a). licaciones e intervalo entre éstas. Las iaron cuando se detectaron los primeros ocasionadas por las larvas de GC, se 36",https://repositorio.chapingo.edu.mx/server/api/core/bitstreams/103a70c2-db3e-449a-8463-4aa0760cb516/content
GC-0241,control_quimico,accion_y_diagnostico,media-baja,100,repositorio.unjfsc.edu.pe,Documento PDF,"B1: Comparaciones multiples en tratam frugiperda. Smith) a los 3, 8 y 15 días En las Tablas 15 y se muestra lo (Tukey: p<0.05) relacionadas al tipo de p huevos antes de la aplicación y para evaluac apreciándose que existen diferencias estad para todos los pesticidas empleados a lo tratamientos fueron Clorantraniliprole, T cuyas medias más bajas mostrarón v respectivamente frente al testigo que alca la aplicación. Efecto de los tratamientos para la Se frugiperda. Smith) a los 3, 8 y 15 días 70 60 50 40 30 20 10 0 ada 3 dda Días antes de la aplicación del pesticida (ada): días B1: Comparaciones multiples en dosis p frugiperda. Smith) a los 3, 8 y 15 días En las Tablas 16 y Se muestra múltiples (Tukey: p<0.05) para las dosis de de la aplicación y para evaluaciones a los apreciándose diferencias significativas en t despues de la aplicación el mejor comporta de 160 ppm cuyo valor alcanzado fue (4.3 tos para control de huevos en (Spodoptera allazgos para las comparaciones múltiples de icida para Tratamientos frente al Testigo de es a los 3, 8 y 15 días después de la aplicación, cas con relación al testigo. De manera general 5 día después de la aplicación los mejores aniliprole y Virus de la Poliedrosis Nuclear res de 2.60, 2.68 y 2.90 huevos/planta 16.58 huevos/planta a los 15 dias después de da Aplicación, en huevos de (Spodoptera TT0 AA1 BB2 CC3 DD4 EE5 FF6 8 dda 15 dda pués de la aplicación (dda), control de huevos en (Spodoptera s hallazgos para la prueba de comparaciones sticida empleados para el control huevos antes ías, 8 días y 15 días después de la aplicación, s los casos. Asimismo, se aprecia que a los 15 ento para el tipo de Dosis fue la concentración uevos/planta) en comparación con las demás 41",https://repositorio.unjfsc.edu.pe/bitstream/handle/20.500.14067/11280/TESIS_final.pdf?sequence=5
GC-0242,control_quimico,accion_y_diagnostico,media-baja,100,repositorio.uteq.edu.ec,Documento PDF,"INTR El maíz es un cultivo de producción prima alimentación humana, así mismo constituye de alimentos balanceados destinados a la in de Ecuador, se destinaron 228.164 hectáre las provincias que mayor área destinaron a El gusano cogollero (Spodoptera frugip considerada como una plaga clave del maíz pero pueden causar pérdidas totales del cul Las larvas de Spodoptera frugiperda comienzan a al el haz o envés de las hojas de las plántulas tienen la apariencia de manchas blancas dis se alimentan de las hojas hasta la segund cogollo de la planta, donde devoran el tej jóvenes pueden causarles la muerte y a las El barrenador del tallo (Diatraea sacchara de mayor importancia en el cultivo de maí ha aumentado en los últimos años Alt condiciones ambientales favorables, uso prácticas culturales. El barrenador del tallo ataca a todas las pa de la inflorescencia masculina. El ataque d 8 a 15 días de haber brotado la semilla, h jóvenes, las pérdidas pueden llegar a ser muerte de las plantas. DUCCIÓN de gran importancia por su demanda en la principal materia prima para la elaboración stria animal. En el 2013, en la región Costa para su cultivo, siendo Guayas y Los Ríos producción. a), pertenece al orden Lepidoptera y es os daños se encuentran entre el 13% y 60%, o. entarse ocasionando los primeros daños en maíz, sin llegar a perforarlas. Estos daños sas en la superficie de las hojas. Las larvas muda y luego avanzan hacia el interior del tierno de las hojas apicales. A las plantas mayor edad un crecimiento anormal. también es considerado una de las plagas a que la frecuencia e intensidad del ataque (1976), debido al incremento del área, apropiado de insecticidas e ineficientes de la planta: hojas, tallo, mazorcas y base arrenador del tallo puede ocurrir desde los a la cosecha; siendo más grave en plantas periores al 50 % e inclusive ocasionar la 1",https://repositorio.uteq.edu.ec/server/api/core/bitstreams/b10664e0-2a46-475c-8d25-482faa344bcd/content
GC-0243,control_quimico,accion_y_diagnostico,alta,100,colposdigital.colpos.mx:8080,Documento PDF,"anisopliae es cosmopolita varios ordenes de insectos (Ericsson et al., 2 artrópodos. Esta adaptado a vivir como hongo plantas, lo que hace que el suelo sea su principa El medio de cultivo M. anisopliae pr colonia generalmente es verde oliva, con asp plana (Guerrero et al, 1999). Las hifas son redondeados, lisos y agrupados en cadenas re los conidios; su tamaño es de 5.2 a 7.7 x 1.4 1993). 3.3 Ventajas y desventajas del uso de hongos Algunas ventajas de usar a los hong especificidad, la cual varía considerablement hospederos, por ejemplo B. anis insectos en varios ordenes (Coleoptera, Lepid unos pocos o, incluso, a una sola especie de i hongos son efectivos contra las plagas, no con benéficos, no son tóxicos para los humanos, no alimentos. Por otra parte, algunos aspectos consid radiación UV, su efecto depende del contacto c hay que conocer qué factores les son favorabl es decir, incluirlos en programas de manejo int s común aislarlo de muchos tipos de suelo y de 7). Se ha aislado de más de 300 especies de rofito y como simbionte con la rizósfera de las ábitat (Hu and St. nta un crecimiento radial, la coloración de la o algodonoso, de textura variable y superficie ocíticas, lisas. Los conidios poseen extremos ares debido a la agregación por elongación de 3.1 µm (Guerrero et al, 1999; Domsch et al., tomopatógenos como bioinsecticidas entomopatógenos como insecticidas son: la Algunos hongos infectan un amplio rango de ae infectan cerca de 300 especies diferentes de era, Hemiptera), mientras que otros, dañan a cto (Alean, 2003). Además, la mayoría de los inan al medio ambiente, no destruyen insectos sarrollan resistencia y no dejan residuos en los dos como desventajas esta: su sensibilidad a la los insectos, no son sustitutos de los químicos, y deben usarse en conjunto con otras acciones, ado de plagas (Lozano et al., 2000).",http://colposdigital.colpos.mx:8080/jspui/bitstream/handle/10521/2661/Rivero_Borja_M_MC_Entomologia_Acarologia_2015.pdf?sequence=1
GC-0244,control_quimico,accion_y_diagnostico,alta,100,colposdigital.colpos.mx:8080,Documento PDF,"INTRO El maíz es el grano más importante en toneladas durante 2010, lo que coloca al país co consumo per cápita es de 253.2 kg/año (SA principales: alimento humano directo, compon la industria. En México el cultivo de maíz es afect entre las que destaca el gusano cogollero (Lepidoptera: Noctuidae). Esta especie, endém considera una de las más importantes en el cul Spodoptera frugiperda dañan al maíz en todas sus etap jóvenes, disminuye su potencial productivo ha Esta especie de lepidóptero también es un prob cebolla, frijol, y sorgo entre otros, así como v al., 1997; Braman et al., 2004; Pessarakli, 2007 El combate del cogollero con insecticid rápido desarrollo de resistencia a insecticidas productores recurran a múltiples aplicaciones la plaga, lo cual afecta a la entomofauna bené para la salud de los trabajadores agrícolas y OMS/PNUMA, 1992; Moses et al., 1993). Por otro lado, las larvas del cogo entomopatógenos, como lo evidencia la casi au CCIÓN México; su producción alcanzó 23 millones de o el cuarto productor mundial (SIAP, 2013). Su RPA, 2010) que se distribuyen en tres usos e de piensos para ganado y materia prima para o por al menos 14 plagas (CESAVEG, 2012), Spodoptera frugiperda (J. Smith, 1797) a de América, es una plaga cosmopolita y se de maíz (Wiseman et al., 1966). Las larvas de de desarrollo, pero cuando ataca a las plantas en 70% (Blanco et al., 2010; Bahena, 2013). ma en cultivos de algodón, soya, tomate, arroz, s especies de pastos (Posada, 1989; Reinert et eón-García et al., 2012). suele ser una tarea difícil de lograr debido a su anco et al., 2010) por lo que es común que los dosis elevadas para reducir las poblaciones de a, contamina el suelo, el agua, implica riesgos os consumidores (Carson, 1962; FAO, 1997; o también son difíciles de controlar con ncia de publicaciones sobre esas experiencias y",http://colposdigital.colpos.mx:8080/jspui/bitstream/handle/10521/2661/Rivero_Borja_M_MC_Entomologia_Acarologia_2015.pdf?sequence=1
GC-0245,control_quimico,accion_y_diagnostico,alta,100,scielo.org.mx,"Rendimiento del maíz (Zea mays L.) en respuesta a la fertilización con nitrógeno, fósforo y silicio al suelo","En el estado de Guerrero, el maíz ( Zea mays ) se siembra en diferentes condiciones edáficas y climáticas, en altitudes que van desde el nivel del mar hasta los 2880 m de altitud, principalmente en régimen de temporal y por productores que utilizan maíces nativos y mejorados. El objetivo fue evaluar el efecto de la fertilización con nitrógeno y fósforo en combinación con silicio en los componentes de rendimiento del cultivo de maíz; bajo la hipótesis de que al menos una fórmula de fertilización y la aplicación de silicio al suelo generan un efecto positivo en el tamaño de la mazorca y el rendimiento de grano de maíz. La fertilización consideró dos factores; primero la fórmula de Nitrógeno, Fosforo y Potasio (N-P-K) con dos niveles (90-60 00 y 60-40-00); el segundo fue la fertilización de silicio (Si) con tres niveles (sin Si, Fermiphos y Silifosca ® ), cuya combinación originó seis tratamientos; los cuales se distribuyeron en un diseño experimental de bloques al azar con tres repeticiones. La fertilización N-P-K no afectó estadísticamente las variables evaluadas; excepto el diámetro que, fue estadísticamente diferente y se incrementó en 2% con 90-60-00. La aplicación de silicio (Fermiphos y Silifosca ® ) aumentó más de 12% la longitud y 6% el diámetro de la mazorca y 24% el rendimiento de grano. La fertilización con 90-60-00 + silicio (Fermiphos y Silifosca ® ) incrementó de 8 a 32% el tamaño y rendimiento; mientras que, la fertilización con 60-40-00 + silicio (Fermiphos y Silifosca ® ) superó de 4 a 28% los parámetros evaluados. El incremento de la fórmula de fertilización tuvo impactos mínimos y no constantes en el tamaño de la mazorca. Pero, la aplicación de Silifosca ® o Fermiphos combinada con la fertilización N-P-K favoreció cambios positivos en el tamaño de la mazorca y rendimiento de grano con 90-60-00 y la adición de Silifosca ® .",https://www.scielo.org.mx/scielo.php?script=sci_arttext&pid=S0187-57792023000100501
GC-0246,control_cultural,accion_y_diagnostico,alta,100,vun.inifap.gob.mx,Documento PDF,"donde se superan las 50 t/ha de t Para aumentar la rentabil es necesario utilizar los diferentes el INIFAP para las regiones produc eficiente de los recursos. El sorgo dulce ofrece la ve en su totalidad, razón por la que s base de un buen manejo. Las indicaciones que a resultado de varios estudios de i dar a conocer al productor la te para mejorar la rentabilidad del c Limpieza de lote. Consiste en el de de cosecha del cultivo anterior, c evitar que sea hospedera de pla puede efectuarse con algunos desmenuzadora, rastra o las reja recomendable realizarla preferen Subsoleo. Es recomendable en tienen tres o más años bajo cul rompen las capas impermeables excesivo de pasos de maquinaria almacenamiento de humedad en Barbecho. Consiste en romper la operación permite incrementar la de lluvia, incorporar los residuos d hierbas. Además, al voltear el sue predadores, los huevecillos, larvas algunas estructuras en reposo de ayuda a controlarlas. Después del subsuelo o b de rastra, para eliminar terrones TECNOLOGÍA DE PRODUCCIÓ de sorgo dulce. CNOLOGÍA DE PRODUCCIÓN d de la producción de sorgo dulce uetes tecnológicos diseñados por as, con lo cual se hará un uso más ja de que puede ser mecanizado oductividad puede aumentarse a ontinuación se detallan son el stigación y tienen como objetivo logía aplicable a nivel comercial o. PREPARACIÓN DEL TERRENO nuzamiento de los tallos y residuos a finalidad de destruir la “soca” y y enfermedades. Esta operación ementos como: la desvaradora, e los bordadores (destronque). Es ente después de la cosecha. os profundos y compactos que ya que mediante esta labor se o de arado), originadas por el uso demás, favorece la infiltración y el suelo. pa superficial de 20 a 30 cm; esta tración para aprovechar el agua osecha, así como eliminar malas e exponen a factores del clima y upas de insectos plagas, así como ngos y semillas de malezas lo cual echo es necesario hacer un paso corporar residuos y preparar una SORGO DULCE EN GUANAJUATO 11",https://vun.inifap.gob.mx/VUN_MEDIA/BibliotecaWeb/_media/_folletotecnico/1047_4732_Tecnología_de_producción_de_sorgo_dulce_(Sorghum_bicolor_(L.)_Moench)_en_Guanajuato.pdf
GC-0247,control_cultural,accion_y_diagnostico,media-baja,100,repositorio.utc.edu.ec,Documento PDF,"respuesta puede ser alcanzada a parti comportamiento directo. En el caso realizados con extractos intracelulares mostraron un alto porcentaje de efecto 2.2.Descripción y biología de (Spodo Dependiendo de las temperaturas el ci 70 días, siendo más corto en condicio generación, el ciclo de la plaga está mismos varía: (i) Como pupa (apena dura entre 6-13 días; (ii) como adulto, (iv) como larva, entre 17 a 32 días (en Spodoptera frugiperda (JE Smith) (L (Santos et al. Huevo Son de forma globosa, con estrías ra medida que se aproxima la eclo continuamente durante las primeras h envés de las hojas. Estos son pues segregaciones del aparato bucal y esca 2.2.2. Larva Al nacer se alimentan del corean (cu trasladan a diferentes partes de la plan por el alimento y el canibalism independientemente de la tempera individuos que completan dicha fase e con números más extremos (4 u 8 ins menos adecuada (Lopez 2008). l efecto tóxico post ingestivo en vez de un larvas de Spodoptera frugiperda L2, los bioensayos A. indica cultivados a 25 °C y oscuridad, i alimentario(Tafur et al. ra frugiperda) completo de la plaga puede durar entre 30 y de mayor temperatura y viceversa. En cada vido en cuatro estados. La duración de los nterradas en el suelo o sobre los rastrojos), a 20 días; (iii) como huevo, entre 2-5 días y, a etapa pasa por 6 a 9 estadíos) (ASA 2012). doptera: Noctuidae) tiene diferentes etapas es, de color rosa pálido que se toma gris a n. Las hembras depositan los huevos s de la noche, tanto en el haz como en el en varios grupos o masas cubiertas por s de su cuerpo(Alvarado 2015). rta protectora del huevecillo) más tarde se o a las vecinas, evitando así la competencia Pasa normalmente por seis instares, a, pudiéndose observar con frecuencia nco o siete instares, y en menor proporción, es) en la medida que la temperatura se hace 14",https://repositorio.utc.edu.ec/server/api/core/bitstreams/7205fb11-7008-4e3d-9e6d-c226b3c555df/content
GC-0248,control_cultural,accion_y_diagnostico,media-baja,100,repositorio.uteq.edu.ec,Documento PDF,"Su color varía según el alimento, pero en ge y longitudinales; en el dorso se distingue u otra parecida pero amarillenta más abajo, blanca invertida. Las larvas pasan por 6 ó 7 estadíos o mud medidas de control los dos primeros; en e cabeza es negra completamente, el segundo claro; las larvas pueden alcanzar hasta 35 m A partir del tercer estadío se introducen apreciados cuando la hoja se abre o desenv 2.1.4.3. Pupa Son de color caoba y miden 14 a 17 mil terminando en 2 espinas o ganchos en form Esta fase se desarrolla en el suelo y el ins emerge el adulto o mariposa. Adulto o mariposa La mariposa vuela con facilidad durante la gris oscura, las hembras tienen alas traser tienen arabescos o figuras irregulares llam blancas. En reposo doblan sus alas sobre el cuer observación de una prominencia ubicada e Permanecen escondidas dentro de las h sombreados durante el día y son activas al de desplazarse a varios kilómetros de distan (Litardo, 2019). al son oscuras con tres rayas pálidas estrechas banda negruzca más ancha hacia el costado y la frente de la cabeza se distingue una ""Y"" siendo de mayor importancia para tomar las rimero estas miden hasta 2-3 milímetros y la de de 4-10 milímetros y la cabeza es carmelita metros en su último estadío. el cogollo, haciendo perforaciones que son ve (Isabel & Amaguaña, 2012). tros de longitud, con su extremo abdominal de ""U"" invertida. o está en reposo hasta los 8 a 10 días en que che, siendo atraída por la luz; es de coloración de color blancuzco, mientras que los machos vas en las alas delanteras, y las traseras son formando un ángulo agudo que permite la tórax. ascas, entre las malezas, o en otros sitios rdecer o durante la noche cuando son capaces , especialmente cuando soplan vientos fuertes 9",https://repositorio.uteq.edu.ec/server/api/core/bitstreams/fe2779c0-766c-4ed1-9b5f-9333c395bd8b/content
GC-0249,control_cultural,accionable,media-baja,100,repositorio.uleam.edu.ec,Documento PDF,"Evaluación de la etapa fenológ de daño (severidad) en la primera Etapa fenológica SANAMES PRIMERA Número de Daño ocasionado hojas por la plaga totalmente (DFP) % desplegadas 1 a 2 1 23,20 3 a 4 2 25,60 5 a 6 3 45,07 7 a 8 4 75,07 9 a 10 5 80,27 11 a 12 6 57,07 El nivel de daño de la segunda fecha semana el daño ocasionado va de 47,7 esta la que mayor daño se registra en la Evaluación de la etapa fenológ de daño (severidad) en la segunda Etapa fenológica SANAMES SEGUND Número de Daño ocasionado hojas por la plaga totalmente (DFP) % desplegadas 1 a 2 1 24,27 3 a 4 2 28,93 5 a 6 3 45,60 7 a 8 4 37,87 9 a 10 5 47,73 11 a 12 6 56,27 a, hojas totalmente desplegadas y nivel ha de siembra en el cantón Junín. ECHA DE SIEMBRA (19/01/19) NIVEL DE DAÑO Precipitación (mm) 2 3 4 5 6 24 0 0 0 26,5 8 42 0 0 0 130,2 0 57 58 5 0 141,1 2 66 49 33 100,5 4 36 64 46 105,4 9 5 21 29 36 183,4 Total 687,1 e siembra demuestra que en la quinta % a 56,27% en la sexta semana siendo gunda fecha de siembra ( ). a, hojas totalmente desplegadas y nivel cha de siembra en el cantón Junín. ECHA DE SIEMBRA (02/02/19) NIVEL DE DAÑO Precipitación (mm) 2 3 4 5 1 26 3 0 0 141,1 1 8 10 5 6 100,5 5 8 18 8 31 105,4 6 12 11 24 7 183,4 6 8 4 4 45 33 5 10 13 12 50 73,2 Total 636,6",https://repositorio.uleam.edu.ec/bitstream/123456789/3363/3/ULEAM-AGRO-0117.pdf
GC-0250,control_cultural,accionable,alta,100,openknowledge.fao.org,Documento PDF,"Malezas en el Las malezas o malas hierbas, son otro element de quinua, pues estas compiten por agua, nutr Además, son fuente de refugio para algunos un microclima favorable para el desarrollo de que Spodoptera frugiperda vive en las malezas filiformis, Digitaria sanguinalis y Eleusine indica cultivo. Campo Otro tipo de daño que ocasionan las malezas e en la segregación de metabolitos secundarios vegetales. Al fenómeno conjunto de compete cual se suma a la gran facilidad de propagac Pennisetum clandestinum o Sorghum halepens otra parte, García y Fernández-Quintanilla (199 que incluye todas las interacciones existent efectos han sido ocasionados por competenci Debido a que los campos de quinua son princi agua de riego y los vientos son la principal fue áreas instaladas con riego tecnificado tambi menor intensidad y con un manejo más senci materia orgánica, maquinaria, aves y viento, so ultivo de quinua Luis Cruces Jorge Tejada mportante a considerar en el manejo del cultivo tes, espacio, iluminación y dióxido de carbono. fagos plaga que infestan la quinua, y generan patógenos. Por ejemplo, Cerna (2013), señala amíneas como Echinochloa colona, Leptochloa ue son malezas frecuentes en los campos de ©Luis Cruces quinua enmalezado cultivo de quinua es la alelopatía, que consiste ue evitan el establecimiento de otras especies a y alelopatía se le denomina interferencia, la que tienen especies como Cyperus rotundus, o que las hace más difíciles de controlar. Por mencionan que la interferencia es un término entre distintas plantas, sin precisar si dichos por efectos alelopáticos. mente regados por gravedad y bajo secano, el de diseminación de las malezas. No obstante, pueden ser afectadas por malezas, pero en de estas. En dichos ambientes, las fuentes de os principales medios de diseminación",https://openknowledge.fao.org/server/api/core/bitstreams/518339ec-6cb9-4a3c-970f-82ca6d32328d/content
GC-0251,control_cultural,accion_y_diagnostico,alta,100,repositorio.chapingo.edu.mx,Documento PDF,"EVALUACIÓN DE PRÁCTICA EN EL CONTRO (Spodoptera frugiperda J. Control cultural Las prácticas culturales se refiere manejo que pueden ser manipulad sus objetivos de producción, son mejorar la producción de cultivos producción, bien sea el sistema específicas de producción de cul evitar el daño de las plagas a los c También podemos decir que es agronómicas que generan un desarrollo y sobrevivencia de la preventivo que se realiza aún an técnicas se crea las bases para i 1996). El control cultural consiste en la ut o algunas modificaciones de ellas ataques de los insectos, hacer el a destruirlos, o disminuir sus daños de medidas tomadas de improviso el contrario, normalmente respon proceso normal de la producción preparación de tierras, métodos d UÍMICAS, BIOLÓGICAS Y CULTURALES EL GUSANO COGOLLERO ) EN EL CULTIVO DEL MAÍZ (Zea mays L.) es Salgado (2015) l amplio grupo de técnicas u opciones de por los productores agrícolas para lograr manipulaciones del medio ambiente para s la alteración deliberada del sistema de e producción en sí mismo o prácticas s, para reducir la población de plagas o vos (Ferro, 1996). control realizado a través de prácticas oecosistema menos favorable para el plagas. El control cultural es un control que las plagas se presenten. Con estas edir un desarrollo de los insectos (Ferro, ación de las prácticas agrícolas ordinarias, on el propósito de contribuir a prevenir los biente menos favorable para su desarrollo, arzón et al., 2007). En general no se trata nte la presencia de la plaga, sino que, por n a una planificación previa dentro del ícola e incluye medidas como: labores de siembra, fechas de siembra, selección de 24",https://repositorio.chapingo.edu.mx/server/api/core/bitstreams/1e32b0a0-3db2-4df6-a7bc-53509201c279/content
GC-0252,control_cultural,accion_y_diagnostico,alta,100,scielo.org.mx,"Variación temporal de los requerimientos de riego en maíz método Rodionov en DR001, Pabellón, Aguascalientes","Algunas de las consecuencias del cambio climático se manifestarán en variaciones temporales y espaciales de la precipitación y en un incremento en la demanda evaporativa de la atmósfera, lo que a su vez propiciará un incremento en la demanda de riego de cultivos agrícolas. En este trabajo se analizó la variación temporal de los requerimientos de riego agroclimáticos (RRa) para maíz en el DR001 Pabellón, Aguascalientes, así como el periodo de crecimiento térmico (PCT) con información de cinco estaciones climatológicas con 36 años de registros. Se asumió una temperatura base de 9 °C, para definir tres fechas de siembra: 15 de febrero, 15 de junio y 15 de octubre. Se estimó los RRa con una estación climatológica con más registro (1943-2018), se utilizó el método de Hargreaves para calcular la evapotranspiración de referencia y el método del Servicio de Agricultura de los Estados Unidos para la precipitación efectiva. La variación temporal (media y desviación estándar) de los RRa se realizó por el método de Rodionov, por medio de los índices de cambios de régimen en la media y en la varianza (CSSI). Los valores índices de cambios de régimen en la indican que se inició un incremento en los RRa en el año 1995, para la fecha de siembra 15 de febrero, se apreció un cambio inicial en 2009 para la de 15 de junio, mientras que para el 15 de octubre hay un aumento en el año 1993 con otro en los años 2012 a 2018. Sin cambios en CSSI, con evidencias de los cambios en los RRa, que se relacionan con la variación de la precipitación y temperatura.",https://www.scielo.org.mx/scielo.php?script=sci_arttext&pid=S2007-09342023000500052
GC-0253,control_cultural,accion_y_diagnostico,alta,100,openknowledge.fao.org,Documento PDF,"Distribución Es una especie distribuida en el Perú, Brasil, A Alata-Cóndor, 1973; Di Iorio, 2004; Melo et al. Hospederos Se citan como hospederos a cultivos como a papa, soja, ciruela, vid, melocotonero y fresa 2004; Dalazen et al., 2014; Dughetti, 2015). A de hoja ancha, tales como peludilla (Gam pastoris), nabo (Brassica rapa), nabo o c rugosum) (Aragón & Flores, 2006; Montero et Clasificación taxonómica La especie tiene la siguiente clasificación, se Orden: Hemiptera Sub-orden: Heteroptera Familia: Lygaeidae Género: Nysius Especie: simulans (Stål, 1860) Descripción morfológica El huevo es alargado, mide de 0.7 a 1 mm, tiene forma de un grano de arroz y es de color amarillento cremoso (Dughetti, 2015; Callohuari & Cruces, obs. personales, Lima, Perú, diciembre 2015). La ninfa tiene en la cabeza franjas longitudinales pardas sobre un fondo amarillo ocre; ojos prominentes. El tórax con manchas marrones sobre un fondo ocre. El abdomen de color anaranjado rojizo (Dughetti, 2015 b). El adulto es pequeño, de aproximadamente oscuro a negro y patas anteriores así como l negras; los ojos son grandes y globosos de c entina, Paraguay, Uruguay (Costa-Lima, 1940; 04; Cheli et al., 2010; Dalazen et al., 2014). z, maíz, lino, trigo, algodón, lechuga, tabaco, osta-Lima, 1940; Alata-Cóndor, 1973, Di Iorio, más, se reproduce y desarrolla en malezas haeta sp.), bolsa de pastor (Capsella bursa a (Brassica napus) y mostacilla (Rapistrum , 2007). ©Yony Callohuari Posturas de Nysius simulans ©Yony Callohuari Ninfa de Nysius simulans mm de largo y 1.5 mm de ancho, de color gris antenas, amarillas con manchas oscuras casi or negro (Dughetti, 2015)",https://openknowledge.fao.org/server/api/core/bitstreams/518339ec-6cb9-4a3c-970f-82ca6d32328d/content
GC-0254,control_cultural,accion_y_diagnostico,alta,100,scielo.org.mx,Modelos de predicción fenológica para maíz blanco (Zea mays L.) y gusano cogollero (Spodoptera frugiperda J. E. Smith),"Las pérdidas de producción de maíz en el mundo, atribuidas a plagas y enfermedades, representan alrededor de 31 % en la agricultura y la principal plaga es el gusano cogollero ( Spodoptera frugiperda J. El objetivo del presente estudio fue desarrollar y evaluar modelos fenológicos para maíz blanco y gusano cogollero que permitan establecer una estrategia de prevención del daño en el cultivo. Para determinar las temperaturas umbrales en cada etapa de desarrollo del gusano cogollero se usó una cámara bioclimática y un diseño experimental de un factor (temperatura) totalmente al azar, con 8, 10, 27, 38 y 40 °C. Se ajustaron polinomios de segundo grado para la tasa de desarrollo en función de la temperatura y matemáticamente se determinaron las siguientes temperaturas umbrales mínima y máxima: 8.7 y 39.8 °C. Para estudiar el desarrollo fenológico del cultivo y la plaga se establecieron dos parcelas experimentales con maíz blanco (Pioneer 30P49 ® ) en el Valle de Culiacán, Sinaloa, México, una en el ciclo 2008-2009 y la otra en el ciclo 2009-2010. Ambas parcelas recibieron el mismo manejo, sin control de plagas y enfermedades, y se registraron las etapas fenológicas del cultivo y la plaga. Desde la fecha de siembra, las temperaturas diarias se registraron en una estación meteorológica instalada en cada parcela. Las etapas del cultivo y la plaga contra los grados días acumulados se ajustaron con polinomios de tercer grado (R 2 >95 %). Estos modelos se analizaron conjuntamente para determinar las etapas fenológicas (del cultivo y la plaga) donde la plaga puede dañar al cultivo.",https://scielo.org.mx/scielo.php?script=sci_arttext&pid=S1405-31952012000400007
GC-0255,control_cultural,accionable,alta,100,vun.inifap.gob.mx,Documento PDF,"(Chávez y Wang 2004; García et al., 20 Morales-Mora et al., 2020). Principales enferme fresa. Enfermedad Antracnosis Mancha de la hoja Marchitez Moho gris Pudrición cuerosa Pudrición de corona y raíz Pudrición de raíces Pudrición seca (Cordero et al., 2003; Chávez y Wang 2 Cano 2013; Mariscal-Amaro et al., 2017 2020). Manejo cultural de plagas y en Tanto la infección como la infe está dada por las característic planta, ya que de ello depend crecimiento de plagas y enferm es necesario cuidar y protege estas. Las prácticas culturales utilizad finalidad de prevención, se inclu • Solarización de suelo Consiste en elevar la temp control físico de los pató cubiertas de polietileno tr radiación solar (Vuelta-Lore • Limpieza de sustrato (elim PRODUCCIÓN DE PLANTAS Cano 2013; Mariscal-Amaro et al., 2017; des relacionadas al cultivo de Nombre técnico lletotrichum spp. ycosphaerella fragarie (Tul.) sarium oxysporum (Schltdl) trytis cinerea (Pers.) ytophthora cactorum (Lebert Cohn) opestalotiopsis rosae lindrocladium spp. (Morgan) izoctonia fragariae (S.S. McKeen) ; Farrera et al., 2007; García et al., 2012; jardo et al., 2020, Morales-Mora et al., rmedades en viveros ción de plagas y enfermedades ambientales que rodeen a la án las condiciones óptimas de ades sobre el cultivo. Por lo que entorno para el desarrollo de en el cultivo de la fresa, con la n las siguientes: atura del suelo para llevar un o; para ello se han utilizado sparente y así incrementar la , 2014). ción de hojas secas y maleza) FRESA CON ALTA CALIDAD GENÉTICA, FISIOLÓGICA Y FITOSANITARIA",https://vun.inifap.gob.mx/VUN_MEDIA/BibliotecaWeb/_media/_folletotecnico/14565_5350_Producción_de_plantas_de_fresa_con_calidad_genética_fisiológica_y_fitosanitaria.pdf
GC-0256,control_cultural,accion_y_diagnostico,media-baja,100,repository.cimmyt.org,Documento PDF,"La resiembra se hacc abricndo metros de profundidad con un palo a cinco semillas que se cubren lu punto adyacente a la mata vieja. Al tiempo de cada visita a un en el libro de campo que indique la y cualquier operaci6n que se desar fe cha de la primera escarda. Periodo de 15 a 50 dias despues Tan pronto coma las plantas d blemente despues de la primera la de poblaci6n deseada. Hay que s raiz sin dafiar las rakes de las plan <lei maíz <lebe hacerse dos o tres de que las plantas mas altas alcance Aunque se use un herbicida p <le 30 cm sabre el surco de siembr cntre los surcos y his que estan de Si se encuentra evidencia de dano de ratas, hay que dis tribuir cebos envenenados par toda el area experimental. equenos hoyos de seis a diez centi ntiagudo; alli se depositan de cuatro La rrueva siembra se hace en un perimento, debe hacerse una entrada ha, deficiencias en emergencia, daiios a. Es necesario tamhien registrar la a siembra aiz estan bien establecidas, y preferi nza, el maíz se aclara a la densidad con cuidado la planta con todo y emanentes. Generalmente, el aclareo anas despues de la siembra y antes na altura de 15 cm. controlar las malezas en una banda s necesario eliminar las malas hierbas de! surco que no f ueron controladas",https://repository.cimmyt.org/server/api/core/bitstreams/db4871da-0944-4f2c-8744-a0641e2226ae/content
GC-0257,control_cultural,accion_y_diagnostico,media-baja,100,biblioteca.usac.edu.gt,Documento PDF,"Respecto a la posible toxicidad evaluad tal efecto por parte de la molécula Flu presenta la valoración observada en ca Europea de Investigación de Malezas. E foliar de la planta no se observa ninguna 6 Escale European Weed Res 5 a 4 l a c s e e d 3 s e r o l a 2 V 1 0 3DAA 7DAA Días después de la primer Valoración de la posible fito sugerida por la Sociedad Europea de In 5 Conclusiones 1. Se determinó que, en las condicion molécula Flubendiamide (BELT® 48 SC cogollero del maíz (Spodoptera frugiperd con adyuvantes. 127 se determinó que en ninguna planta se observó ndiamide (BELT® 48 SC). En la se o utilizando la escala sugerida por la Sociedad onde el valor “1”, corresponde cuando en el área teración en coloración, forma o vigorosidad. ch Society (EWRS) Testigo absoluto Flubendiamide (BELT® 48 SC) Flubendiamide (BELT® 48 SC) + IMBIREX® CR Flubendiamide (BELT® 48 SC) + WETAGRO® Flubendiamide (BELT® 48 SC) + DISAWET® Flubendiamide (BELT® 48 SC) + SURFACID® Flubendiamide (BELT® 48 SC) + INEX® A TAKUMI® 20 WG + IMBIREX CR 21DAA Flubendiamide (BELT® 48 SC) + plicación IMBIREX® CR dad observada en campo, en base a la escala tigación de Malezas. edafoclimáticas del municipio de Masagua, la esulta ser más efectiva en el control del gusano .E. Smith), cuando se aplica al cultivo en mezcla",http://biblioteca.usac.edu.gt/tesis/01/01_3355.pdf
GC-0258,control_cultural,accion_y_diagnostico,media-baja,100,gob.mx,Documento PDF,"DIRECCIÓN GENERA DIRECCIÓN DEL CENTRO NACION : Distribución geográfica de Mythimna u HOSPEDANTES Mythimna unipuncta tiene como hospedante a cebada, mijo, avena, arroz, centeno, trigo, maíz, pastos, trébol, alfalfa, amaranto, manzana, frijol, pepino, madreselva, perejil, chile, fresa, camote, sandía, calabaza, maravilla, papa, remolacha, nabo, betabel, zanahoria, cebolla, chícharo, amapola, rábano, frambuesa (CABI, 2018), lechuga (EPPO, 2019) y caña de azúcar (Ecured, s/a). Derivado de las acciones del Programa de Vigilancia Epidemiológica Fitosanitaria del Centro Nacional de Referencia Fitosnaitaria, se reportan hospedantes para la región occidente de México que incluyen los estados de Jalisco, Michoacán y Guanajuato, Morelos y Puebla ( ) E SANIDAD VEGETAL DE REFERENCIA FITOSANITARIA puncta a nivel mundial. Créditos: CABI, 2018 ASPECTOS ECOLÓGICOS Y MORFOLÓGICOS Biología y hábitos El gusano soldado prefiere ovipositar y alimentarse de plantas de la familia de las poáceas, incluidas algunas malezas. Los adultos se alimentan del néctar de diversas flores y a veces, de otros alimentos dulces, como frutas maduras y en descomposición (Capinera, 2018). Ciclo biológico Mythimna unipuncta tiene cuatro estados de desarrollo: huevo, larva, pupa y adulto (Capinera, 2018). La duración del ciclo de vida varía con la temperatura; a 20°C el huevo tarda de 5-6 días, larva de 25 a 30 días y la pupa de 7 a 14 días (Agrológica, 2011). En clima con invierno marcado (como España), pasa el 5",https://www.gob.mx/cms/uploads/attachment/file/633035/Gusano_soldado__Mythimna_unipuncta.pdf
GC-0259,control_cultural,accion_y_diagnostico,alta,100,scielo.org.mx,Documento PDF,"Bolaños-Espinoza et al.: Daños de plagas del ma Los porcentajes de plantas con una “conservación”, fueron 13, 85 y 95, resp mientras que en “convencional” fueron 8 para la proporción de plantas con lesi maíz, así como para las variables del media y apical en la octava hoja, indic entre los sistemas de labranza (p=0.360 en promedio, 17.2 lesiones en “conserv la parte media de la hoja éstos fueron la parte apical los promedios fueron “convencional”. El promedio de lesio “conservación” y de 10.8 en “convencion Fi Porcentaje de plantas de maíz con hojas dañad Chapingo, México. El análisis de varianza diferencias estadísticas significativas en 136 más hojas con lesiones por picudo, en vamente, para cada una de las fechas, 2 y 84 ( ). Los análisis estadísticos s causadas por el picudo pequeño del mero de lesiones, en las partes basal, que no existen diferencias significativas n la parte basal de la hoja se registraron, ón”, contra 5.1 en “convencional”. Para 16.0 contra 3.4, respectivamente y para 11.2 en “conservación”, contra 2.3 en de las tres áreas fue de 44.4 en ). 4 or el picudo chico en dos sistemas de labranza. a el rendimiento del maíz, no mostró los sistemas de labranza (p = 0.082).",https://scielo.org.mx/pdf/azm/n83/n83a7.pdf
GC-0260,control_cultural,accion_y_diagnostico,alta,100,scielo.org.mx,"Efecto del sistema asociado con frijol caupí (Vigna unguiculata (L.) Walp.) sobre el comportamiento agronómico, fisiológico y daño por gusano cogollero de tres cultivares de maíz criollo","El presente estudio aborda el efecto del sistema de producción monocultivo y asociado con frijol caupí ( V. unguiculata ) en el comportamiento agronómico y fisiológico de tres cultivares de maíz criollo. Los resultados mostraron que el sistema de producción no tuvo efectos sobre el crecimiento de las plantas de maíz. El efecto de las leguminosas en el crecimiento de maíz en cultivos asociados puede variar dependiendo de factores como la densidad de siembra, la precocidad del cultivar y las características de fertilidad del suelo ( Arshad, 2021 ). El maíz en sistemas asociados con leguminosas puede recibir beneficios en el crecimiento derivado del efecto que proporcionan las leguminosas en la fijación de nitrógeno atmosférico y el aumento en la disponibilidad de fósforo en el suelo como producto de la acción de los ácidos orgánicos exudados por las raíces ( Ahmad et al., 2015 ; Wangiyana et al., 2021 ; Arshad, 2021 ). En contraste, otros estudios mencionan que el establecimiento de las leguminosas en el cultivo de maíz puede disminuir el crecimiento, debido a la competencia por recursos abióticos entre especies, como agua, luz y nutrientes ( Manasa et al., 2018 ; Raza et al., 2019 ; Manasa et al ., 2021 ; Pierre et al., 2022 ). Es importante notar que en el presente estudio, el sistema de producción no afectó las variables de crecimiento del maíz.",https://scielo.org.mx/scielo.php?script=sci_arttext&pid=S1665-14562025000100117
